Platform,,Meta,Meta,Meta,Meta,Meta,Meta,LMS,FFH Sheet,FFH Sheet,Fornula,Fornula,FFH Sheet,Formula,Formula,Formula,Formula,FFH Sheet
Platform,Type,Account,Date,Campaign,Ad Name,Spends,Pannel_Lead,Lead_LMS,FFH,Adm,CPL Pannel,CPL LMS,Invoicing_Var,CAC FFH,CAC Adm,CAC / ARPU,Lead Dup,Total_Var
Meta Ads,,FaceBook_University_Admit,2025-12-24,IGNOU_MBA_27th _Aug,IGNOU_MBA - v2Ad2,342.03,5,5,0,0,68,68,0,-,-,-,0%,0
Meta Ads,,FaceBook_University_Admit,2025-11-07,IGNOU_MBA_27th _Aug,IGNOU_MBA_27thAug_V2,7.17,0,0,0,0,7,7,0,-,-,-,0%,0
Meta Ads,,FaceBook_University_Admit,2025-11-08,IGNOU_MBA_27th _Aug,IGNOU_MBA - v2Ad2,253.2,3,3,0,0,84,84,0,-,-,-,0%,0
Meta Ads,,FaceBook_University_Admit,2025-11-08,IGNOU_MBA_27th _Aug,IGNOU_MBA_27thAug_V2,5.16,0,0,0,0,5,5,0,-,-,-,0%,0
Meta Ads,,FaceBook_University_Admit,2025-11-09,IGNOU_MBA_27th _Aug,IGNOU_MBA - v2Ad2,280.53,3,3,0,0,94,94,0,-,-,-,0%,0
Meta Ads,,FaceBook_University_Admit,2025-11-09,IGNOU_MBA_27th _Aug,IGNOU_MBA_27thAug_V2,87.18,1,1,0,0,87,87,0,-,-,-,0%,0
Meta Ads,,FaceBook_University_Admit,2025-11-10,IGNOU_MBA_27th _Aug,IGNOU_MBA - v2Ad2,253.22,3,3,0,0,84,84,0,-,-,-,0%,0
Meta Ads,,FaceBook_University_Admit,2025-11-10,IGNOU_MBA_27th _Aug,IGNOU_MBA_27thAug_V2,131.53,2,2,0,0,66,66,0,-,-,-,0%,0
Meta Ads,,FaceBook_University_Admit,2025-11-11,IGNOU_MBA_27th _Aug,IGNOU_MBA - v2Ad2,224.47,4,4,0,0,56,56,0,-,-,-,0%,0
Meta Ads,,FaceBook_University_Admit,2025-11-11,IGNOU_MBA_27th _Aug,IGNOU_MBA_27thAug_V2,128.66,4,4,0,0,32,32,0,-,-,-,0%,0
Meta Ads,,FaceBook_University_Admit,2025-11-12,IGNOU_MBA_27th _Aug,IGNOU_MBA - v2Ad2,349.96,7,7,0,0,50,50,0,-,-,-,0%,0
Meta Ads,,FaceBook_University_Admit,2025-11-12,IGNOU_MBA_27th _Aug,IGNOU_MBA_27thAug_V2,53.73,1,1,0,0,54,54,0,-,-,-,0%,0
Meta Ads,,FaceBook_University_Admit,2025-11-13,IGNOU_MBA_27th _Aug,IGNOU_MBA - v2Ad2,359.76,7,7,0,0,51,51,0,-,-,-,0%,0
Meta Ads,,FaceBook_University_Admit,2025-11-13,IGNOU_MBA_27th _Aug,IGNOU_MBA_27thAug_V2,20.41,0,0,0,0,20,20,0,-,-,-,0%,0
Meta Ads,,FaceBook_University_Admit,2025-11-14,IGNOU_MBA_27th _Aug,IGNOU_MBA - v2Ad2,403.71,12,12,0,0,34,34,0,-,-,-,0%,0
Meta Ads,,FaceBook_University_Admit,2025-11-14,IGNOU_MBA_27th _Aug,IGNOU_MBA_27thAug_V2,43.32,0,0,0,0,43,43,0,-,-,-,0%,0
Meta Ads,,FaceBook_University_Admit,2025-11-15,IGNOU_MBA_27th _Aug,IGNOU_MBA - v2Ad2,429.16,8,8,0,0,54,54,0,-,-,-,0%,0
Meta Ads,,FaceBook_University_Admit,2025-11-16,IGNOU_MBA_27th _Aug,IGNOU_MBA - v2Ad2,549.71,19,19,1,0,29,29,0,549.71,-,-,0%,0
Meta Ads,,FaceBook_University_Admit,2025-11-16,IGNOU_MBA_27th _Aug,IGNOU_MBA_27thAug_V2,25.5,0,0,0,0,26,26,0,-,-,-,0%,0
Meta Ads,,FaceBook_University_Admit,2025-11-17,IGNOU_MBA_27th _Aug,IGNOU_MBA - v2Ad2,496.4,9,9,0,0,55,55,0,-,-,-,0%,0
Meta Ads,,FaceBook_University_Admit,2025-11-17,IGNOU_MBA_27th _Aug,IGNOU_MBA_27thAug_V2,25.14,0,0,0,0,25,25,0,-,-,-,0%,0
Meta Ads,,FaceBook_University_Admit,2025-11-18,IGNOU_MBA_27th _Aug,IGNOU_MBA - v2Ad2,488.95,12,11,0,0,41,44,0,-,-,-,8%,0
Meta Ads,,FaceBook_University_Admit,2025-11-18,IGNOU_MBA_27th _Aug,IGNOU_MBA_27thAug_V2,0.41,0,0,0,0,0,0,0,-,-,-,0%,0
Meta Ads,,FaceBook_University_Admit,2025-11-19,IGNOU_MBA_27th _Aug,IGNOU_MBA - v2Ad2,411.11,10,11,0,0,41,37,0,-,-,-,-10%,0
Meta Ads,,FaceBook_University_Admit,2025-11-19,IGNOU_MBA_27th _Aug,IGNOU_MBA_27thAug_V2,56.22,1,1,0,0,56,56,0,-,-,-,0%,0
Meta Ads,,FaceBook_University_Admit,2025-11-20,IGNOU_MBA_27th _Aug,IGNOU_MBA - v2Ad2,460.46,6,6,0,0,77,77,0,-,-,-,0%,0
Meta Ads,,FaceBook_University_Admit,2025-11-20,Online_UG_PG_Degree_Admission,Online_UG_PG_Online_Admission,254.2,6,5,0,0,42,51,0,-,-,-,17%,0
Meta Ads,,FaceBook_University_Admit,2025-11-21,IGNOU_MBA_27th _Aug,IGNOU_MBA - v2Ad2,454.14,7,7,0,0,65,65,0,-,-,-,0%,0
Meta Ads,,FaceBook_University_Admit,2025-11-21,IGNOU_MBA_27th _Aug,IGNOU_MBA_27thAug_V2,6.37,1,1,0,0,6,6,0,-,-,-,0%,0
Meta Ads,,FaceBook_University_Admit,2025-11-21,Online_UG_PG_Degree_Admission,Online_UG_PG_Online_Admission,251.27,12,9,0,0,21,28,0,-,-,-,25%,0
Meta Ads,,FaceBook_University_Admit,2025-11-22,IGNOU_MBA_27th _Aug,IGNOU_MBA - v2Ad2,439.04,11,12,1,1,40,37,7083.5,439.04,439.04,6.20%,-9%,42501
Meta Ads,,FaceBook_University_Admit,2025-11-22,IGNOU_MBA_27th _Aug,IGNOU_MBA_27thAug_V2,22.07,0,0,0,0,22,22,0,-,-,-,0%,0
Meta Ads,,FaceBook_University_Admit,2025-11-22,Online_UG_PG_Degree_Admission,Online_UG_PG_Online_Admission,202.04,8,6,0,0,25,34,0,-,-,-,25%,0
Meta Ads,,FaceBook_University_Admit,2025-11-23,IGNOU_MBA_27th _Aug,IGNOU_MBA - v2Ad2,483.82,8,8,0,0,60,60,0,-,-,-,0%,0
Meta Ads,,FaceBook_University_Admit,2025-11-23,IGNOU_MBA_27th _Aug,IGNOU_MBA_27thAug_V2,0.1,0,0,0,0,0,0,0,-,-,-,0%,0
Meta Ads,,FaceBook_University_Admit,2025-11-23,Online_UG_PG_Degree_Admission,Online_UG_PG_Online_Admission,232.88,8,7,0,0,29,33,0,-,-,-,13%,0
Meta Ads,,FaceBook_University_Admit,2025-11-27,IGNOU_MBA_27th _Aug,IGNOU_MBA - v2Ad2,865.55,16,16,0,0,54,54,0,-,-,-,0%,0
Meta Ads,,FaceBook_University_Admit,2025-11-27,IGNOU_MBA_27th _Aug,IGNOU_MBA_27thAug_V2,92.48,1,1,0,0,92,92,0,-,-,-,0%,0
Meta Ads,,FaceBook_University_Admit,2025-11-27,Online_UG_PG_Degree_Admission,Online_UG_PG_Online_Admission,480.33,16,14,0,0,30,34,0,-,-,-,13%,0
Meta Ads,,FaceBook_University_Admit,2025-11-28,IGNOU_MBA_27th _Aug,IGNOU_MBA - v2Ad2,954.25,10,11,0,0,95,87,0,-,-,-,-10%,0
Meta Ads,,FaceBook_University_Admit,2025-11-28,IGNOU_MBA_27th _Aug,IGNOU_MBA_27thAug_V2,0.14,0,0,0,0,0,0,0,-,-,-,0%,0
Meta Ads,,FaceBook_University_Admit,2025-11-28,Online_UG_PG_Degree_Admission,Online_UG_PG_Online_Admission,476.15,14,12,0,0,34,40,0,-,-,-,14%,0
Meta Ads,,FaceBook_University_Admit,2025-11-29,IGNOU_MBA_27th _Aug,IGNOU_MBA - v2Ad2,858.76,13,13,0,0,66,66,0,-,-,-,0%,0
Meta Ads,,FaceBook_University_Admit,2025-11-29,IGNOU_MBA_27th _Aug,IGNOU_MBA_27thAug_V2,109.22,2,2,0,0,55,55,0,-,-,-,0%,0
Meta Ads,,FaceBook_University_Admit,2025-11-29,Online_UG_PG_Degree_Admission,Online_UG_PG_Online_Admission,368,17,13,0,0,22,28,0,-,-,-,24%,0
Meta Ads,,FaceBook_University_Admit,2025-11-30,IGNOU_MBA_27th _Aug,IGNOU_MBA - v2Ad2,617.94,5,5,0,0,124,124,0,-,-,-,0%,0
Meta Ads,,FaceBook_University_Admit,2025-11-30,Online_UG_PG_Degree_Admission,Online_UG_PG_Online_Admission,348.57,13,10,0,0,27,35,0,-,-,-,23%,0
Meta Ads,,FaceBook_University_Admit,2025-12-01,IGNOU_MBA_27th _Aug,IGNOU_MBA - v2Ad2,183.61,6,5,0,0,31,37,0,-,-,-,17%,0
Meta Ads,,FaceBook_University_Admit,2025-12-01,IGNOU_MBA_27th _Aug,IGNOU_MBA_27thAug_V2,439.86,6,6,0,0,73,73,0,-,-,-,0%,0
Meta Ads,,FaceBook_University_Admit,2025-12-01,Online_UG_PG_Degree_Admission,Online_UG_PG_Online_Admission,369.05,10,6,1,0,37,62,0,369.05,-,-,40%,0
Meta Ads,,FaceBook_University_Admit,2025-12-02,Galgotias_University_2026_AU,Galgotias_University_2026_AU_A02,335.14,11,11,0,0,30,30,0,-,-,-,0%,0
Meta Ads,,FaceBook_University_Admit,2025-12-02,IGNOU_MBA_27th _Aug,IGNOU_MBA - v2Ad2,176.25,3,2,0,0,59,88,0,-,-,-,33%,0
Meta Ads,,FaceBook_University_Admit,2025-12-02,IGNOU_MBA_27th _Aug,IGNOU_MBA_27thAug_V2,393.9,7,7,0,0,56,56,0,-,-,-,0%,0
Meta Ads,,FaceBook_University_Admit,2025-12-02,Online_UG_PG_Degree_Admission,Online_UG_PG_Online_Admission,400.84,17,14,0,0,24,29,0,-,-,-,18%,0
Meta Ads,,FaceBook_University_Admit,2025-12-03,Galgotias_University_2026_AU,Galgotias_University_2026_AU_A02,295.22,12,12,0,0,25,25,0,-,-,-,0%,0
Meta Ads,,FaceBook_University_Admit,2025-12-03,IGNOU_MBA_27th _Aug,IGNOU_MBA - v2Ad2,213.81,3,3,0,0,71,71,0,-,-,-,0%,0
Meta Ads,,FaceBook_University_Admit,2025-12-03,IGNOU_MBA_27th _Aug,IGNOU_MBA_27thAug_V2,298.89,9,9,0,0,33,33,0,-,-,-,0%,0
Meta Ads,,FaceBook_University_Admit,2025-12-03,Online_UG_PG_Degree_Admission,Online_UG_PG_Online_Admission,429.04,9,7,0,0,48,61,0,-,-,-,22%,0
Meta Ads,,FaceBook_University_Admit,2025-12-04,Galgotias_University_2026_AU,Galgotias_University_2026_AU_A02,349.69,18,18,0,0,19,19,0,-,-,-,0%,0
Meta Ads,,FaceBook_University_Admit,2025-12-04,IGNOU_MBA_27th _Aug,IGNOU_MBA - v2Ad2,258.75,5,5,0,0,52,52,0,-,-,-,0%,0
Meta Ads,,FaceBook_University_Admit,2025-12-04,IGNOU_MBA_27th _Aug,IGNOU_MBA_27thAug_V2,239.28,8,9,0,0,30,27,0,-,-,-,-13%,0
Meta Ads,,FaceBook_University_Admit,2025-12-04,Online_UG_PG_Degree_Admission,Online_UG_PG_Online_Admission,452.33,14,12,0,0,32,38,0,-,-,-,14%,0
Meta Ads,,FaceBook_University_Admit,2025-12-05,Galgotias_University_2026_AU,Galgotias_University_2026_AU_A02,344.28,8,7,0,0,43,49,0,-,-,-,13%,0
Meta Ads,,FaceBook_University_Admit,2025-12-05,IGNOU_MBA_27th _Aug,IGNOU_MBA - v2Ad2,298.79,3,3,0,0,100,100,0,-,-,-,0%,0
Meta Ads,,FaceBook_University_Admit,2025-12-05,IGNOU_MBA_27th _Aug,IGNOU_MBA_27thAug_V2,205.01,3,3,0,0,68,68,0,-,-,-,0%,0
Meta Ads,,FaceBook_University_Admit,2025-12-05,NMIMS_University_MBA_AU,NMIMS_University_MBA_AU_A02,318.02,7,8,0,0,45,40,0,-,-,-,-14%,0
Meta Ads,,FaceBook_University_Admit,2025-12-05,Online_UG_PG_Degree_Admission,Online_UG_PG_Online_Admission,464.77,8,7,0,0,58,66,0,-,-,-,13%,0
Meta Ads,,FaceBook_University_Admit,2025-12-06,Galgotias_University_2026_AU,Galgotias_University_2026_AU_A02,238.61,9,7,0,0,27,34,0,-,-,-,22%,0
Meta Ads,,FaceBook_University_Admit,2025-12-06,IGNOU_MBA_27th _Aug,IGNOU_MBA - v2Ad2,294.02,6,6,0,0,49,49,0,-,-,-,0%,0
Meta Ads,,FaceBook_University_Admit,2025-12-06,IGNOU_MBA_27th _Aug,IGNOU_MBA_27thAug_V2,131.35,4,3,0,0,33,44,0,-,-,-,25%,0
Meta Ads,,FaceBook_University_Admit,2025-12-06,NMIMS_University_MBA_AU,NMIMS_University_MBA_AU_A01,5.52,0,0,0,0,6,6,0,-,-,-,0%,0
Meta Ads,,FaceBook_University_Admit,2025-12-06,NMIMS_University_MBA_AU,NMIMS_University_MBA_AU_A02,174.01,1,1,0,0,174,174,0,-,-,-,0%,0
Meta Ads,,FaceBook_University_Admit,2025-12-06,Online_UG_PG_Degree_Admission,Online_UG_PG_Online_Admission,301.71,10,9,0,0,30,34,0,-,-,-,10%,0
Meta Ads,,FaceBook_University_Admit,2025-12-07,Galgotias_University_2026_AU,Galgotias_University_2026_AU_A02,379.54,10,10,0,0,38,38,0,-,-,-,0%,0
Meta Ads,,FaceBook_University_Admit,2025-12-07,IGNOU_MBA_27th _Aug,IGNOU_MBA - v2Ad2,421.61,7,7,0,0,60,60,0,-,-,-,0%,0
Meta Ads,,FaceBook_University_Admit,2025-12-07,IGNOU_MBA_27th _Aug,IGNOU_MBA_27thAug_V2,232.02,4,3,0,0,58,77,0,-,-,-,25%,0
Meta Ads,,FaceBook_University_Admit,2025-12-07,NMIMS_University_MBA_AU,NMIMS_University_MBA_AU_A01,1.28,0,0,0,0,1,1,0,-,-,-,0%,0
Meta Ads,,FaceBook_University_Admit,2025-12-07,NMIMS_University_MBA_AU,NMIMS_University_MBA_AU_A02,334.28,1,0,0,0,334,334,0,-,-,-,100%,0
Meta Ads,,FaceBook_University_Admit,2025-12-07,Online_UG_PG_Degree_Admission,Online_UG_PG_Online_Admission,550.07,15,11,0,0,37,50,0,-,-,-,27%,0
Meta Ads,,FaceBook_University_Admit,2025-12-08,Galgotias_University_2026_AU,Galgotias_University_2026_AU_A02,413.83,16,16,0,0,26,26,0,-,-,-,0%,0
Meta Ads,,FaceBook_University_Admit,2025-12-08,IGNOU_MBA_27th _Aug,IGNOU_MBA - v2Ad2,419.7,5,5,0,0,84,84,0,-,-,-,0%,0
Meta Ads,,FaceBook_University_Admit,2025-12-08,IGNOU_MBA_27th _Aug,IGNOU_MBA_27thAug_V2,228.57,2,2,0,0,114,114,0,-,-,-,0%,0
Meta Ads,,FaceBook_University_Admit,2025-12-08,NMIMS_University_MBA_AU,NMIMS_University_MBA_AU_A01,24.68,0,0,0,0,25,25,0,-,-,-,0%,0
Meta Ads,,FaceBook_University_Admit,2025-12-08,NMIMS_University_MBA_AU,NMIMS_University_MBA_AU_A02,291.96,1,1,0,0,292,292,0,-,-,-,0%,0
Meta Ads,,FaceBook_University_Admit,2025-12-08,Online_UG_PG_Degree_Admission,Online_UG_PG_Online_Admission,524.61,15,16,0,0,35,33,0,-,-,-,-7%,0
Meta Ads,,FaceBook_University_Admit,2025-12-09,Galgotias_University_2026_AU,Galgotias_University_2026_AU_A02,363.95,10,10,0,0,36,36,0,-,-,-,0%,0
Meta Ads,,FaceBook_University_Admit,2025-12-09,IGNOU_MBA_27th _Aug,IGNOU_MBA - v2Ad2,430.88,7,5,0,0,62,86,0,-,-,-,29%,0
Meta Ads,,FaceBook_University_Admit,2025-12-09,IGNOU_MBA_27th _Aug,IGNOU_MBA_27thAug_V2,185.63,1,1,0,0,186,186,0,-,-,-,0%,0
Meta Ads,,FaceBook_University_Admit,2025-12-09,NMIMS_University_MBA_AU,NMIMS_University_MBA_AU_A01,241.51,1,0,0,0,242,242,0,-,-,-,100%,0
Meta Ads,,FaceBook_University_Admit,2025-12-09,NMIMS_University_MBA_AU,NMIMS_University_MBA_AU_A02,116.35,1,0,0,0,116,116,0,-,-,-,100%,0
Meta Ads,,FaceBook_University_Admit,2025-12-09,Online_UG_PG_Degree_Admission,Online_UG_PG_Online_Admission,499.33,14,13,0,0,36,38,0,-,-,-,7%,0
Meta Ads,,FaceBook_University_Admit,2025-12-10,Galgotias_University_2026_AU,Galgotias_University_2026_AU_A02,202.12,7,7,0,0,29,29,0,-,-,-,0%,0
Meta Ads,,FaceBook_University_Admit,2025-12-10,IGNOU_MBA_27th _Aug,IGNOU_MBA - v2Ad2,334.18,1,2,0,0,334,167,0,-,-,-,-100%,0
Meta Ads,,FaceBook_University_Admit,2025-12-10,IGNOU_MBA_27th _Aug,IGNOU_MBA_27thAug_V2,21.09,1,1,0,0,21,21,0,-,-,-,0%,0
Meta Ads,,FaceBook_University_Admit,2025-12-10,IIIM_Online_Admission-AU,IIIM_Online_Admission-AU_AdG1_Ad1,119.34,5,5,0,0,24,24,0,-,-,-,0%,0
Meta Ads,,FaceBook_University_Admit,2025-12-10,NMIMS_University_MBA_AU,NMIMS_University_MBA_AU_A01,174.87,1,0,0,0,175,175,0,-,-,-,100%,0
Meta Ads,,FaceBook_University_Admit,2025-12-10,NMIMS_University_MBA_AU,NMIMS_University_MBA_AU_A02,0.25,0,0,0,0,0,0,0,-,-,-,0%,0
Meta Ads,,FaceBook_University_Admit,2025-12-10,Online_UG_PG_Degree_Admission,Online_UG_PG_Online_Admission,283.9,6,4,0,0,47,71,0,-,-,-,33%,0
Meta Ads,,FaceBook_University_Admit,2025-12-11,Galgotias_University_2026_AU,Galgotias_University_2026_AU_A02,498.69,26,22,0,0,19,23,0,-,-,-,15%,0
Meta Ads,,FaceBook_University_Admit,2025-12-11,IGNOU_MBA_27th _Aug,IGNOU_MBA - v2Ad2,485.92,1,0,0,0,486,486,0,-,-,-,100%,0
Meta Ads,,FaceBook_University_Admit,2025-12-11,IGNOU_MBA_27th _Aug,IGNOU_MBA_27thAug_V2,188.09,4,3,0,0,47,63,0,-,-,-,25%,0
Meta Ads,,FaceBook_University_Admit,2025-12-11,IIIM_Online_Admission-AU,IIIM_Online_Admission-AU_AdG1_Ad1,582.41,26,24,0,0,22,24,0,-,-,-,8%,0
Meta Ads,,FaceBook_University_Admit,2025-12-11,IIIM_Programs_Admission-AU,IIIM_Programs_Admission-AU_AdG1_Ad1,420.93,10,10,0,0,42,42,0,-,-,-,0%,0
Meta Ads,,FaceBook_University_Admit,2025-12-11,NMIMS_University_MBA_AU,NMIMS_University_MBA_AU_A01,450.39,3,3,0,0,150,150,0,-,-,-,0%,0
Meta Ads,,FaceBook_University_Admit,2025-12-11,NMIMS_University_MBA_AU,NMIMS_University_MBA_AU_A02,4.58,0,0,0,0,5,5,0,-,-,-,0%,0
Meta Ads,,FaceBook_University_Admit,2025-12-11,Online_UG_PG_Degree_Admission,Online_UG_PG_Online_Admission,579.37,15,13,0,0,39,45,0,-,-,-,13%,0
Meta Ads,,FaceBook_University_Admit,2025-12-12,Galgotias_University_2026_AU,Galgotias_University_2026_AU_A02,458.94,14,14,0,0,33,33,0,-,-,-,0%,0
Meta Ads,,FaceBook_University_Admit,2025-12-12,IGNOU_MBA_27th _Aug,IGNOU_MBA - v2Ad2,641.57,10,9,0,0,64,71,0,-,-,-,10%,0
Meta Ads,,FaceBook_University_Admit,2025-12-12,IGNOU_MBA_27th _Aug,IGNOU_MBA_27thAug_V2,55.04,0,0,0,0,55,55,0,-,-,-,0%,0
Meta Ads,,FaceBook_University_Admit,2025-12-12,IIIM_Online_Admission-AU,IIIM_Online_Admission-AU_AdG1_Ad1,272.61,11,12,0,0,25,23,0,-,-,-,-9%,0
Meta Ads,,FaceBook_University_Admit,2025-12-12,IIIM_Programs_Admission-AU,IIIM_Programs_Admission-AU_AdG1_Ad1,442.27,11,10,0,0,40,44,0,-,-,-,9%,0
Meta Ads,,FaceBook_University_Admit,2025-12-12,NMIMS_University_MBA_AU,NMIMS_University_MBA_AU_A01,320.99,4,3,0,0,80,107,0,-,-,-,25%,0
Meta Ads,,FaceBook_University_Admit,2025-12-12,NMIMS_University_MBA_AU,NMIMS_University_MBA_AU_A02,96.18,0,0,0,0,96,96,0,-,-,-,0%,0
Meta Ads,,FaceBook_University_Admit,2025-12-12,Online_UG_PG_Degree_Admission,Online_UG_PG_Online_Admission,615.13,22,19,0,0,28,32,0,-,-,-,14%,0
Meta Ads,,FaceBook_University_Admit,2025-12-13,Galgotias_University_2026_AU,Galgotias_University_2026_AU_A02,429.39,13,13,0,0,33,33,0,-,-,-,0%,0
Meta Ads,,FaceBook_University_Admit,2025-12-13,IGNOU_MBA_27th _Aug,IGNOU_MBA - v2Ad2,338.78,6,6,0,0,56,56,0,-,-,-,0%,0
Meta Ads,,FaceBook_University_Admit,2025-12-13,IGNOU_MBA_27th _Aug,IGNOU_MBA_27thAug_V2,258.43,2,2,0,0,129,129,0,-,-,-,0%,0
Meta Ads,,FaceBook_University_Admit,2025-12-13,IIIM_Online_Admission-AU,IIIM_Online_Admission-AU_AdG1_Ad1,312.84,18,18,0,0,17,17,0,-,-,-,0%,0
Meta Ads,,FaceBook_University_Admit,2025-12-13,IIIM_Programs_Admission-AU,IIIM_Programs_Admission-AU_AdG1_Ad1,359.14,8,7,0,0,45,51,0,-,-,-,13%,0
Meta Ads,,FaceBook_University_Admit,2025-12-13,NMIMS_University_MBA_AU,NMIMS_University_MBA_AU_A01,318.74,1,1,0,0,319,319,0,-,-,-,0%,0
Meta Ads,,FaceBook_University_Admit,2025-12-13,Online_UG_PG_Degree_Admission,Online_UG_PG_Online_Admission,539.74,15,11,0,0,36,49,0,-,-,-,27%,0
Meta Ads,,FaceBook_University_Admit,2025-12-14,Galgotias_University_2026_AU,Galgotias_University_2026_AU_A02,445.11,14,14,0,0,32,32,0,-,-,-,0%,0
Meta Ads,,FaceBook_University_Admit,2025-12-14,IGNOU_MBA_27th _Aug,IGNOU_MBA - v2Ad2,338.59,4,4,0,0,85,85,0,-,-,-,0%,0
Meta Ads,,FaceBook_University_Admit,2025-12-14,IGNOU_MBA_27th _Aug,IGNOU_MBA_27thAug_V2,317.77,6,6,1,1,53,53,16500,317.77,317.77,1.93%,0%,33000
Meta Ads,,FaceBook_University_Admit,2025-12-14,IIIM_Online_Admission-AU,IIIM_Online_Admission-AU_AdG1_Ad1,393.16,13,12,0,0,30,33,0,-,-,-,8%,0
Meta Ads,,FaceBook_University_Admit,2025-12-14,IIIM_Programs_Admission-AU,IIIM_Programs_Admission-AU_AdG1_Ad1,433.61,17,16,0,0,26,27,0,-,-,-,6%,0
Meta Ads,,FaceBook_University_Admit,2025-12-14,NMIMS_University_MBA_AU,NMIMS_University_MBA_AU_A01,398.89,4,3,0,0,100,133,0,-,-,-,25%,0
Meta Ads,,FaceBook_University_Admit,2025-12-14,Online_UG_PG_Degree_Admission,Online_UG_PG_Online_Admission,487.78,13,12,1,1,38,41,17150,487.78,487.78,2.84%,8%,36400
Meta Ads,,FaceBook_University_Admit,2025-12-16,Galgotias_University_2026_AU,Galgotias_University_2026_AU_A02,600.82,22,19,0,0,27,32,0,-,-,-,14%,0
Meta Ads,,FaceBook_University_Admit,2025-12-16,IGNOU_MBA_27th _Aug,IGNOU_MBA - v2Ad2,311.04,3,4,0,0,104,78,0,-,-,-,-33%,0
Meta Ads,,FaceBook_University_Admit,2025-12-16,IGNOU_MBA_27th _Aug,IGNOU_MBA_27thAug_V2,376.78,4,4,0,0,94,94,0,-,-,-,0%,0
Meta Ads,,FaceBook_University_Admit,2025-12-16,IIIM_Online_Admission-AU,IIIM_Online_Admission-AU_AdG1_Ad1,496.02,23,22,1,0,22,23,0,496.02,-,-,4%,0
Meta Ads,,FaceBook_University_Admit,2025-12-16,IIIM_Programs_Admission-AU,IIIM_Programs_Admission-AU_AdG1_Ad1,486.27,19,18,0,0,26,27,0,-,-,-,5%,0
Meta Ads,,FaceBook_University_Admit,2025-12-16,MBA_Shoolni_Aryan,MBA_Shoolni_AD04_Aryan,0.03,0,0,0,0,0,0,0,-,-,-,0%,0
Meta Ads,,FaceBook_University_Admit,2025-12-16,NMIMS_University_MBA_AU,NMIMS_University_MBA_AU_A01,462.73,4,4,0,0,116,116,0,-,-,-,0%,0
Meta Ads,,FaceBook_University_Admit,2025-12-16,Online_UG_PG_Degree_Admission,Online_UG_PG_Online_Admission,755.98,11,10,1,0,69,76,0,755.98,-,-,9%,0
Meta Ads,,FaceBook_University_Admit,2025-12-17,Galgotias_University_2026_AU,Galgotias_University_2026_AU_A02,558.55,24,23,0,0,23,24,0,-,-,-,4%,0
Meta Ads,,FaceBook_University_Admit,2025-12-17,IGNOU_MBA_27th _Aug,IGNOU_MBA - v2Ad2,340.53,2,2,0,0,170,170,0,-,-,-,0%,0
Meta Ads,,FaceBook_University_Admit,2025-12-17,IGNOU_MBA_27th _Aug,IGNOU_MBA_27thAug_V2,204.08,4,4,0,0,51,51,0,-,-,-,0%,0
Meta Ads,,FaceBook_University_Admit,2025-12-17,IIIM_Online_Admission-AU,IIIM_Online_Admission-AU_AdG1_Ad1,494.34,19,19,0,0,26,26,0,-,-,-,0%,0
Meta Ads,,FaceBook_University_Admit,2025-12-17,IIIM_Programs_Admission-AU,IIIM_Programs_Admission-AU_AdG1_Ad1,493.08,5,6,0,0,99,82,0,-,-,-,-20%,0
Meta Ads,,FaceBook_University_Admit,2025-12-17,MBA_Shoolni_Aryan,MBA_Shoolni_AD01_Aryan,649.21,0,0,0,0,649,649,0,-,-,-,0%,0
Meta Ads,,FaceBook_University_Admit,2025-12-17,MBA_Shoolni_Aryan,MBA_Shoolni_AD02_Aryan,318.24,1,0,0,0,318,318,0,-,-,-,100%,0
Meta Ads,,FaceBook_University_Admit,2025-12-17,MBA_Shoolni_Aryan,MBA_Shoolni_AD03_Aryan,137.9,1,0,0,0,138,138,0,-,-,-,100%,0
Meta Ads,,FaceBook_University_Admit,2025-12-17,MBA_Shoolni_Aryan,MBA_Shoolni_AD04_Aryan,217.39,0,0,0,0,217,217,0,-,-,-,0%,0
Meta Ads,,FaceBook_University_Admit,2025-12-17,MBA_Shoolni_Aryan,MBA_Shoolni_AD05_Aryan,288.7,0,0,0,0,289,289,0,-,-,-,0%,0
Meta Ads,,FaceBook_University_Admit,2025-12-17,NMIMS_University_MBA_AU,NMIMS_University_MBA_AU_A01,287.92,0,0,0,0,288,288,0,-,-,-,0%,0
Meta Ads,,FaceBook_University_Admit,2025-12-17,Online_UG_PG_Degree_Admission,Online_UG_PG_Online_Admission,764.18,15,14,2,0,51,55,0,382.09,-,-,7%,0
Meta Ads,,FaceBook_University_Admit,2025-12-18,Galgotias_University_2026_AU,Galgotias_University_2026_AU_A02,483.55,11,11,0,0,44,44,0,-,-,-,0%,0
Meta Ads,,FaceBook_University_Admit,2025-12-18,IIIM_Online_Admission-AU,IIIM_Online_Admission-AU_AdG1_Ad1,531.49,18,18,0,0,30,30,0,-,-,-,0%,0
Meta Ads,,FaceBook_University_Admit,2025-12-18,IIIM_Programs_Admission-AU,IIIM_Programs_Admission-AU_AdG1_Ad1,495.18,12,12,0,0,41,41,0,-,-,-,0%,0
Meta Ads,,FaceBook_University_Admit,2025-12-18,MBA_Shoolni_Aryan,MBA_Shoolni_AD01_Aryan,1052.05,6,1,0,0,175,1052,0,-,-,-,83%,0
Meta Ads,,FaceBook_University_Admit,2025-12-18,MBA_Shoolni_Aryan,MBA_Shoolni_AD02_Aryan,129.96,0,0,0,0,130,130,0,-,-,-,0%,0
Meta Ads,,FaceBook_University_Admit,2025-12-18,MBA_Shoolni_Aryan,MBA_Shoolni_AD03_Aryan,961.98,5,0,0,0,192,962,0,-,-,-,100%,0
Meta Ads,,FaceBook_University_Admit,2025-12-18,MBA_Shoolni_Aryan,MBA_Shoolni_AD04_Aryan,70.78,0,0,0,0,71,71,0,-,-,-,0%,0
Meta Ads,,FaceBook_University_Admit,2025-12-18,MBA_Shoolni_Aryan,MBA_Shoolni_AD05_Aryan,25.15,0,0,0,0,25,25,0,-,-,-,0%,0
Meta Ads,,FaceBook_University_Admit,2025-12-18,Online_UG_PG_Degree_Admission,Online_UG_PG_Online_Admission,638.3,14,15,0,0,46,43,0,-,-,-,-7%,0
Meta Ads,,FaceBook_University_Admit,2025-12-19,All Colleges_MBA_Aryan,All Colleges_MBA_Aryan 01,132.06,0,0,0,0,132,132,0,-,-,-,0%,0
Meta Ads,,FaceBook_University_Admit,2025-12-19,All Colleges_MBA_Aryan,All Colleges_MBA_Aryan 02,24.83,1,1,0,0,25,25,0,-,-,-,0%,0
Meta Ads,,FaceBook_University_Admit,2025-12-19,All Colleges_MBA_Aryan,All Colleges_MBA_Aryan 03,104.42,0,0,0,0,104,104,0,-,-,-,0%,0
Meta Ads,,FaceBook_University_Admit,2025-12-19,All Colleges_MBA_Aryan,All Colleges_MBA_Aryan 04,100.72,1,1,0,0,101,101,0,-,-,-,0%,0
Meta Ads,,FaceBook_University_Admit,2025-12-19,Galgotias_University_2026_AU,Galgotias_University_2026_AU_A02,511.72,13,14,1,1,39,37,16500,511.72,511.72,3.10%,-8%,33000
Meta Ads,,FaceBook_University_Admit,2025-12-19,IIIM_Online_Admission-AU,IIIM_Online_Admission-AU_AdG1_Ad1,226.26,9,5,0,0,25,45,0,-,-,-,44%,0
Meta Ads,,FaceBook_University_Admit,2025-12-19,IIIM_Programs_Admission-AU,IIIM_Programs_Admission-AU_AdG1_Ad1,220.34,6,6,0,0,37,37,0,-,-,-,0%,0
Meta Ads,,FaceBook_University_Admit,2025-12-19,MBA_Shoolni_Aryan,MBA_Shoolni_AD01_Aryan,491.15,1,2,0,0,491,246,0,-,-,-,-100%,0
Meta Ads,,FaceBook_University_Admit,2025-12-19,MBA_Shoolni_Aryan,MBA_Shoolni_AD02_Aryan,11.27,0,0,0,0,11,11,0,-,-,-,0%,0
Meta Ads,,FaceBook_University_Admit,2025-12-19,MBA_Shoolni_Aryan,MBA_Shoolni_AD03_Aryan,575.8,0,0,0,0,576,576,0,-,-,-,0%,0
Meta Ads,,FaceBook_University_Admit,2025-12-19,MBA_Shoolni_Aryan,MBA_Shoolni_AD04_Aryan,9.67,0,0,0,0,10,10,0,-,-,-,0%,0
Meta Ads,,FaceBook_University_Admit,2025-12-19,MBA_Shoolni_Aryan,MBA_Shoolni_AD05_Aryan,0.16,0,0,0,0,0,0,0,-,-,-,0%,0
Meta Ads,,FaceBook_University_Admit,2025-12-19,Online_UG_PG_Degree_Admission,Online_UG_PG_Online_Admission,664.5,12,12,0,0,55,55,0,-,-,-,0%,0
Meta Ads,,FaceBook_University_Admit,2025-12-20,All Colleges_MBA_Aryan,All Colleges_MBA_Aryan 01,139.6,0,0,0,0,140,140,0,-,-,-,0%,0
Meta Ads,,FaceBook_University_Admit,2025-12-20,All Colleges_MBA_Aryan,All Colleges_MBA_Aryan 02,140.21,1,1,0,0,140,140,0,-,-,-,0%,0
Meta Ads,,FaceBook_University_Admit,2025-12-20,All Colleges_MBA_Aryan,All Colleges_MBA_Aryan 03,129.14,1,1,0,0,129,129,0,-,-,-,0%,0
Meta Ads,,FaceBook_University_Admit,2025-12-20,All Colleges_MBA_Aryan,All Colleges_MBA_Aryan 04,257.52,3,2,0,0,86,129,0,-,-,-,33%,0
Meta Ads,,FaceBook_University_Admit,2025-12-20,Galgotias_University_2026_AU,Galgotias_University_2026_AU_A02,329.61,4,4,0,0,82,82,0,-,-,-,0%,0
Meta Ads,,FaceBook_University_Admit,2025-12-20,Online_UG_PG_Degree_Admission,Online_UG_PG_Online_Admission,627.78,20,17,1,1,31,37,19250,627.78,627.78,3.26%,15%,38500
Meta Ads,,FaceBook_University_Admit,2025-12-21,All Colleges_MBA_Aryan,All Colleges_MBA_Aryan 01,222.12,2,1,0,0,111,222,0,-,-,-,50%,0
Meta Ads,,FaceBook_University_Admit,2025-12-21,All Colleges_MBA_Aryan,All Colleges_MBA_Aryan 02,204.03,2,2,0,0,102,102,0,-,-,-,0%,0
Meta Ads,,FaceBook_University_Admit,2025-12-21,All Colleges_MBA_Aryan,All Colleges_MBA_Aryan 03,268.13,1,1,0,0,268,268,0,-,-,-,0%,0
Meta Ads,,FaceBook_University_Admit,2025-12-21,All Colleges_MBA_Aryan,All Colleges_MBA_Aryan 04,300.09,0,0,0,0,300,300,0,-,-,-,0%,0
Meta Ads,,FaceBook_University_Admit,2025-12-21,Online_UG_PG_Degree_Admission,Online_UG_PG_Online_Admission,867.36,19,17,0,0,46,51,0,-,-,-,11%,0
Meta Ads,,FaceBook_University_Admit,2025-12-22,All Colleges_MBA_Aryan,All Colleges_MBA_Aryan 01,4.83,0,0,0,0,5,5,0,-,-,-,0%,0
Meta Ads,,FaceBook_University_Admit,2025-12-22,All Colleges_MBA_Aryan,All Colleges_MBA_Aryan 01.1,129.75,0,0,0,0,130,130,0,-,-,-,0%,0
Meta Ads,,FaceBook_University_Admit,2025-12-22,All Colleges_MBA_Aryan,All Colleges_MBA_Aryan 02,460.1,2,2,0,0,230,230,0,-,-,-,0%,0
Meta Ads,,FaceBook_University_Admit,2025-12-22,All Colleges_MBA_Aryan,All Colleges_MBA_Aryan 02.1,549.21,10,10,0,0,55,55,0,-,-,-,0%,0
Meta Ads,,FaceBook_University_Admit,2025-12-22,All Colleges_MBA_Aryan,All Colleges_MBA_Aryan 03,4.89,0,0,0,0,5,5,0,-,-,-,0%,0
Meta Ads,,FaceBook_University_Admit,2025-12-22,All Colleges_MBA_Aryan,All Colleges_MBA_Aryan 03.1,42.44,0,0,0,0,42,42,0,-,-,-,0%,0
Meta Ads,,FaceBook_University_Admit,2025-12-22,All Colleges_MBA_Aryan,All Colleges_MBA_Aryan 04,344.62,3,3,0,0,115,115,0,-,-,-,0%,0
Meta Ads,,FaceBook_University_Admit,2025-12-22,All Colleges_MBA_Aryan,All Colleges_MBA_Aryan 04.1,119.15,1,1,0,0,119,119,0,-,-,-,0%,0
Meta Ads,,FaceBook_University_Admit,2025-12-22,Online_UG_PG_Degree_Admission,Online_UG_PG_Online_Admission,860.62,15,16,1,1,57,54,7437.5,860.62,860.62,11.57%,-7%,44625
Meta Ads,,FaceBook_University_Admit,2025-12-23,All Colleges_MBA_Aryan,All Colleges_MBA_Aryan 01.1,1.84,0,0,0,0,2,2,0,-,-,-,0%,0
Meta Ads,,FaceBook_University_Admit,2025-12-23,All Colleges_MBA_Aryan,All Colleges_MBA_Aryan 02,44.72,0,0,0,0,45,45,0,-,-,-,0%,0
Meta Ads,,FaceBook_University_Admit,2025-12-23,All Colleges_MBA_Aryan,All Colleges_MBA_Aryan 02.1,551.68,9,8,0,0,61,69,0,-,-,-,11%,0
Meta Ads,,FaceBook_University_Admit,2025-12-23,All Colleges_MBA_Aryan,All Colleges_MBA_Aryan 02.2,2.92,0,0,0,0,3,3,0,-,-,-,0%,0
Meta Ads,,FaceBook_University_Admit,2025-12-23,All Colleges_MBA_Aryan,All Colleges_MBA_Aryan 03.1,3.28,0,0,0,0,3,3,0,-,-,-,0%,0
Meta Ads,,FaceBook_University_Admit,2025-12-23,All Colleges_MBA_Aryan,All Colleges_MBA_Aryan 04,70.32,1,1,0,0,70,70,0,-,-,-,0%,0
Meta Ads,,FaceBook_University_Admit,2025-12-23,All Colleges_MBA_Aryan,All Colleges_MBA_Aryan 04.1,0.28,0,0,0,0,0,0,0,-,-,-,0%,0
Meta Ads,,FaceBook_University_Admit,2025-12-23,Online_UG_PG_Degree_Admission,Online_UG_PG_Online_Admission,799.88,14,13,1,1,57,62,12617.5,799.88,799.88,6.34%,7%,58380
Meta Ads,,FaceBook_University_Admit,2025-12-23,Online_UG_PG_Degree_Admission_LAL,Online_UG_PG_Online_Admission_LAL,431.7,6,4,0,0,72,108,0,-,-,-,33%,0
Meta Ads,,FaceBook_University_Admit,2025-12-24,All Colleges_MBA_Aryan,All Colleges_MBA_Aryan 01.1,5.72,0,0,0,0,6,6,0,-,-,-,0%,0
Meta Ads,,FaceBook_University_Admit,2025-12-24,All Colleges_MBA_Aryan,All Colleges_MBA_Aryan 02,268.27,2,2,0,0,134,134,0,-,-,-,0%,0
Meta Ads,,FaceBook_University_Admit,2025-12-24,All Colleges_MBA_Aryan,All Colleges_MBA_Aryan 02.1,449.33,8,7,0,0,56,64,0,-,-,-,13%,0
Meta Ads,,FaceBook_University_Admit,2025-12-24,All Colleges_MBA_Aryan,All Colleges_MBA_Aryan 02.2,30.33,0,0,0,0,30,30,0,-,-,-,0%,0
Meta Ads,,FaceBook_University_Admit,2025-12-24,All Colleges_MBA_Aryan,All Colleges_MBA_Aryan 04,401.82,4,4,0,0,100,100,0,-,-,-,0%,0
Meta Ads,,FaceBook_University_Admit,2025-12-24,All Colleges_MBA_Aryan,All Colleges_MBA_Aryan 04.1,1.86,0,0,0,0,2,2,0,-,-,-,0%,0
Meta Ads,,FaceBook_University_Admit,2025-12-24,All Colleges_MBA_Aryan,All Colleges_MBA_Aryan 05,233.91,4,4,1,0,58,58,0,233.91,-,-,0%,0
Meta Ads,,FaceBook_University_Admit,2025-12-24,Online_UG_PG_Degree_Admission,Online_UG_PG_Online_Admission,782.74,13,12,0,0,60,65,0,-,-,-,8%,0
Meta Ads,,FaceBook_University_Admit,2025-12-24,Online_UG_PG_Degree_Admission_LAL,Online_UG_PG_Online_Admission_LAL,384.64,8,6,0,0,48,64,0,-,-,-,25%,0
Meta Ads,,FaceBook_University_Admit,2025-12-25,All Colleges_MBA_Aryan,All Colleges_MBA_Aryan 01.1,43.1,1,1,0,0,43,43,0,-,-,-,0%,0
Meta Ads,,FaceBook_University_Admit,2025-12-25,All Colleges_MBA_Aryan,All Colleges_MBA_Aryan 02,58.87,1,1,0,0,59,59,0,-,-,-,0%,0
Meta Ads,,FaceBook_University_Admit,2025-12-25,All Colleges_MBA_Aryan,All Colleges_MBA_Aryan 02.1,166.66,2,2,0,0,83,83,0,-,-,-,0%,0
Meta Ads,,FaceBook_University_Admit,2025-12-25,All Colleges_MBA_Aryan,All Colleges_MBA_Aryan 02.2,431.95,7,7,0,0,62,62,0,-,-,-,0%,0
Meta Ads,,FaceBook_University_Admit,2025-12-25,All Colleges_MBA_Aryan,All Colleges_MBA_Aryan 04,93.67,1,1,0,0,94,94,0,-,-,-,0%,0
Meta Ads,,FaceBook_University_Admit,2025-12-25,All Colleges_MBA_Aryan,All Colleges_MBA_Aryan 05,1077.22,12,10,0,0,90,108,0,-,-,-,17%,0
Meta Ads,,FaceBook_University_Admit,2025-12-25,Online_UG_PG_Degree_Admission,Online_UG_PG_Online_Admission,792.35,11,9,0,0,72,88,0,-,-,-,18%,0
Meta Ads,,FaceBook_University_Admit,2025-12-25,Online_UG_PG_Degree_Admission_LAL,Online_UG_PG_Online_Admission_LAL,503.2,8,8,1,1,63,63,16500,503.2,503.2,3.05%,0%,33000
Meta Ads,,FaceBook_University_Admit,2025-12-26,All Colleges_MBA_Aryan,All Colleges_MBA_Aryan 01.1,17.36,1,1,0,0,17,17,0,-,-,-,0%,0
Meta Ads,,FaceBook_University_Admit,2025-12-26,All Colleges_MBA_Aryan,All Colleges_MBA_Aryan 02,3.28,0,0,0,0,3,3,0,-,-,-,0%,0
Meta Ads,,FaceBook_University_Admit,2025-12-26,All Colleges_MBA_Aryan,All Colleges_MBA_Aryan 02.2,332.01,9,9,0,0,37,37,0,-,-,-,0%,0
Meta Ads,,FaceBook_University_Admit,2025-12-26,All Colleges_MBA_Aryan,All Colleges_MBA_Aryan 04,3.71,0,0,0,0,4,4,0,-,-,-,0%,0
Meta Ads,,FaceBook_University_Admit,2025-12-26,All Colleges_MBA_Aryan,All Colleges_MBA_Aryan 05,797.12,14,11,0,0,57,72,0,-,-,-,21%,0
Meta Ads,,FaceBook_University_Admit,2025-12-26,Online_UG_PG_Degree_Admission,Online_UG_PG_Online_Admission,834.39,15,12,0,0,56,70,0,-,-,-,20%,0
Meta Ads,,FaceBook_University_Admit,2025-12-26,Online_UG_PG_Degree_Admission_LAL,Online_UG_PG_Online_Admission_LAL,328.49,3,3,0,0,109,109,0,-,-,-,0%,0
Meta Ads,,FaceBook_University_Admit,2025-12-27,All Colleges_MBA_Aryan,All Colleges_MBA_Aryan 01.1,674.1,4,3,0,0,169,225,0,-,-,-,25%,0
Meta Ads,,FaceBook_University_Admit,2025-12-27,All Colleges_MBA_Aryan,All Colleges_MBA_Aryan 02,1.76,0,0,0,0,2,2,0,-,-,-,0%,0
Meta Ads,,FaceBook_University_Admit,2025-12-27,All Colleges_MBA_Aryan,All Colleges_MBA_Aryan 04,1.17,0,0,0,0,1,1,0,-,-,-,0%,0
Meta Ads,,FaceBook_University_Admit,2025-12-27,All Colleges_MBA_Aryan,All Colleges_MBA_Aryan 05,745.96,12,11,0,0,62,68,0,-,-,-,8%,0
Meta Ads,,FaceBook_University_Admit,2025-12-27,All Colleges_MBA_Aryan,All Colleges_MBA_Aryan 05.1,5.56,0,0,0,0,6,6,0,-,-,-,0%,0
Meta Ads,,FaceBook_University_Admit,2025-12-27,Online_UG_PG_Degree_Admission,Online_UG_PG_Online_Admission,748.59,7,4,0,0,107,187,0,-,-,-,43%,0
Meta Ads,,FaceBook_University_Admit,2025-12-27,Online_UG_PG_Degree_Admission_LAL,Online_UG_PG_Online_Admission_LAL,351.13,8,6,0,0,44,59,0,-,-,-,25%,0
Meta Ads,,FaceBook_University_Admit,2025-12-27,UG_Campaign_aryan,UG Aryan C01,275.91,2,1,0,0,138,276,0,-,-,-,50%,0
Meta Ads,,FaceBook_University_Admit,2025-12-28,All Colleges_MBA_Aryan,All Colleges_MBA_Aryan 01.1,658.86,4,4,0,0,165,165,0,-,-,-,0%,0
Meta Ads,,FaceBook_University_Admit,2025-12-28,All Colleges_MBA_Aryan,All Colleges_MBA_Aryan 05,1090.45,18,12,0,0,61,91,0,-,-,-,33%,0
Meta Ads,,FaceBook_University_Admit,2025-12-28,Online_UG_PG_Degree_Admission,Online_UG_PG_Online_Admission,1036.09,14,12,0,0,74,86,0,-,-,-,14%,0
Meta Ads,,FaceBook_University_Admit,2025-12-28,Online_UG_PG_Degree_Admission_LAL,Online_UG_PG_Online_Admission_LAL,457.77,7,7,0,0,65,65,0,-,-,-,0%,0
Meta Ads,,FaceBook_University_Admit,2025-12-28,UG_Campaign_aryan,UG Aryan C01,635.13,1,0,0,0,635,635,0,-,-,-,100%,0
Meta Ads,,FaceBook_Degreefyd_B,2025-12-28,GLA MBA,GLA Image,28.99,0,0,0,0,29,29,0,-,-,-,0%,0
Meta Ads,,FaceBook_Degreefyd_B,2025-12-28,Master-India-Conditional-23Dec2025,201-UG-Video-16Dec-UGC-DFYD-India_23Dec-Conditional,11.05,0,0,0,0,11,11,0,-,-,-,0%,0
Meta Ads,,FaceBook_Degreefyd_B,2025-12-28,Master-UG&PG-North-09Dec2025,202-UG-Video-16DecDFYD-UGC-Winning,251.77,3,3,0,0,84,84,0,-,-,-,0%,0
Meta Ads,,FaceBook_Degreefyd_B,2025-12-28,Master-UG&PG-North-09Dec2025,201.1-UG-Video-16Dec-UGC-DFYD-Winning,711.13,13,9,0,0,55,79,0,-,-,-,31%,0
Meta Ads,,FaceBook_Degreefyd_B,2025-12-28,GLA_Online_G_17Dec25,GLA_Online_G_17Dec25_01,138.72,2,2,0,0,69,69,0,-,-,-,0%,0
Meta Ads,,FaceBook_Degreefyd_B,2025-12-28,GLA_Online_G_17Dec25,GLA_Online_G_17Dec25_P_Ad_01,211.5,4,4,0,0,53,53,0,-,-,-,0%,0
Meta Ads,,FaceBook_Degreefyd_B,2025-12-28,UG_C | Co4 | Lookalike,UG_C | Co4 | Lookalike,840.65,0,0,0,0,841,841,0,-,-,-,0%,0
Meta Ads,,FaceBook_Degreefyd_B,2025-12-28,GLA MBA,GLA Girl Video,6.5,1,1,0,0,7,7,0,-,-,-,0%,0
Meta Ads,,FaceBook_Degreefyd_B,2025-12-28,UG_Online_Admission_2026,UG_Online_Admission_Ad_Set01_Ad02,8.8,0,0,0,0,9,9,0,-,-,-,0%,0
Meta Ads,,FaceBook_Degreefyd_B,2025-12-28,UG_Online_Admission_2026,UG_Online_Admission_Ad_Set01_Ad01,706.37,13,9,0,0,54,78,0,-,-,-,31%,0
Meta Ads,,FaceBook_Degreefyd_B,2025-12-28,Master-India-Conditional-23Dec2025,202-UG-Video-16DecDFYD-UGC-India_23Dec-Conditional,155.67,1,1,0,0,156,156,0,-,-,-,0%,0
Meta Ads,,FaceBook_Degreefyd_B,2025-12-28,GLA MBA,GLA Man Video,354.16,4,3,0,0,89,118,0,-,-,-,25%,0
Meta Ads,,FaceBook_Degreefyd_B,2025-12-28,Master-India-MBA-Conditional-23Dec2025,Online-Degree-India_23Dec-Conditional,18.98,0,0,0,0,19,19,0,-,-,-,0%,0
Meta Ads,,FaceBook_Degreefyd_B,2025-12-28,Master-North-MBA-Conditional-23Dec2025,Masters-302-24Dec25,200.83,0,2,0,0,201,100,0,-,-,-,0%,0
Meta Ads,,FaceBook_Degreefyd_B,2025-12-28,Master-India-MBA-Conditional-23Dec2025,GLA_University_G-India_23Dec-Conditional,602.15,19,14,1,1,32,43,48000,602.15,602.15,1.25%,26%,51500
Meta Ads,,FaceBook_Degreefyd_B,2025-12-28,Master-North-MBA-Conditional-23Dec2025,Masters-303-24Dec25,44.75,0,0,0,0,45,45,0,-,-,-,0%,0
Meta Ads,,FaceBook_Degreefyd_B,2025-12-28,Master-North-Conditional-26Dec2025,C04-India_23Dec-Conditional-C1-AI,467.85,8,7,0,0,58,67,0,-,-,-,13%,0
Meta Ads,,FaceBook_Degreefyd_B,2025-12-28,Master-North-Conditional-26Dec2025,202-UG-Video-16DecDFYD-UGC-India_23Dec-Conditional,0.08,0,1,0,0,0,0,0,-,-,-,0%,0
Meta Ads,,FaceBook_Degreefyd_B,2025-12-28,Master-North-MBA-Conditional-23Dec2025,Masters-305-24Dec25,17.7,0,0,0,0,18,18,0,-,-,-,0%,0
Meta Ads,,FaceBook_Degreefyd_B,2025-12-28,Master-India-MBA-Conditional-23Dec2025,Masters-305-24Dec25,10.48,0,0,0,0,10,10,0,-,-,-,0%,0
Meta Ads,,FaceBook_Degreefyd_B,2025-12-28,Master-India-MBA-Conditional-23Dec2025,Masters-302-24Dec25,134.83,2,2,0,0,67,67,0,-,-,-,0%,0
Meta Ads,,FaceBook_Degreefyd_B,2025-12-28,Master-India-MBA-Conditional-23Dec2025,Masters-303-24Dec25,4.57,0,0,0,0,5,5,0,-,-,-,0%,0
Meta Ads,,FaceBook_Degreefyd_B,2025-12-27,Master-India-Conditional-23Dec2025,201-UG-Video-16Dec-UGC-DFYD-India_23Dec-Conditional,19.06,0,0,0,0,19,19,0,-,-,-,0%,0
Meta Ads,,FaceBook_Degreefyd_B,2025-12-27,Master-UG&PG-North-09Dec2025,202-UG-Video-16DecDFYD-UGC-Winning,217.56,2,2,0,0,109,109,0,-,-,-,0%,0
Meta Ads,,FaceBook_Degreefyd_B,2025-12-27,Master-UG&PG-North-09Dec2025,201.1-UG-Video-16Dec-UGC-DFYD-Winning,389.1,5,5,0,0,78,78,0,-,-,-,0%,0
Meta Ads,,FaceBook_Degreefyd_B,2025-12-27,GLA_Online_G_17Dec25,GLA_Online_G_17Dec25_01,139.56,4,3,0,0,35,47,0,-,-,-,25%,0
Meta Ads,,FaceBook_Degreefyd_B,2025-12-27,GLA_Online_G_17Dec25,GLA_Online_G_17Dec25_P_Ad_01,188.23,3,3,0,0,63,63,0,-,-,-,0%,0
Meta Ads,,FaceBook_Degreefyd_B,2025-12-27,UG_C | Co4 | Lookalike,UG_C | Co4 | Lookalike,950.72,9,7,0,0,106,136,0,-,-,-,22%,0
Meta Ads,,FaceBook_Degreefyd_B,2025-12-27,GLA MBA,GLA Girl Video,29.72,1,0,0,0,30,30,0,-,-,-,100%,0
Meta Ads,,FaceBook_Degreefyd_B,2025-12-27,GLA MBA,GLA Man Video,348.29,3,1,0,0,116,348,0,-,-,-,67%,0
Meta Ads,,FaceBook_Degreefyd_B,2025-12-27,UG_Online_Admission_2026,UG_Online_Admission_Ad_Set01_Ad02,12.51,0,0,0,0,13,13,0,-,-,-,0%,0
Meta Ads,,FaceBook_Degreefyd_B,2025-12-27,UG_Online_Admission_2026,UG_Online_Admission_Ad_Set01_Ad01,659.89,11,8,0,0,60,82,0,-,-,-,27%,0
Meta Ads,,FaceBook_Degreefyd_B,2025-12-27,Master-Cluster1-Conditional-23Dec2025,C04-Cluster1-Conditional-C1-AI,154.69,0,0,0,0,155,155,0,-,-,-,0%,0
Meta Ads,,FaceBook_Degreefyd_B,2025-12-27,Master-India-Conditional-23Dec2025,202-UG-Video-16DecDFYD-UGC-India_23Dec-Conditional,182.17,0,0,0,0,182,182,0,-,-,-,0%,0
Meta Ads,,FaceBook_Degreefyd_B,2025-12-27,Master-India-MBA-Conditional-23Dec2025,Masters-302-24Dec25,166.79,2,2,0,0,83,83,0,-,-,-,0%,0
Meta Ads,,FaceBook_Degreefyd_B,2025-12-27,Master-India-MBA-Conditional-23Dec2025,Online-Degree-India_23Dec-Conditional,6.72,1,0,0,0,7,7,0,-,-,-,100%,0
Meta Ads,,FaceBook_Degreefyd_B,2025-12-27,Master-North-Conditional-26Dec2025,201-UG-Video-16Dec-UGC-DFYD-India_23Dec-Conditional,0.01,0,0,0,0,0,0,0,-,-,-,0%,0
Meta Ads,,FaceBook_Degreefyd_B,2025-12-27,Master-India-MBA-Conditional-23Dec2025,GLA_University_G-India_23Dec-Conditional,530.12,17,12,1,1,31,44,16500,530.12,530.12,3.21%,29%,33000
Meta Ads,,FaceBook_Degreefyd_B,2025-12-27,GLA MBA,GLA Image,2.86,0,0,0,0,3,3,0,-,-,-,0%,0
Meta Ads,,FaceBook_Degreefyd_B,2025-12-27,Master-North-Conditional-26Dec2025,202-UG-Video-16DecDFYD-UGC-India_23Dec-Conditional,0.21,0,0,0,0,0,0,0,-,-,-,0%,0
Meta Ads,,FaceBook_Degreefyd_B,2025-12-27,Master-North-Conditional-26Dec2025,C04-India_23Dec-Conditional-C1-AI,521.55,7,5,0,0,75,104,0,-,-,-,29%,0
Meta Ads,,FaceBook_Degreefyd_B,2025-12-27,Master-North-MBA-Conditional-23Dec2025,Masters-303-24Dec25,105.58,1,0,0,0,106,106,0,-,-,-,100%,0
Meta Ads,,FaceBook_Degreefyd_B,2025-12-27,Master-North-MBA-Conditional-23Dec2025,Masters-302-24Dec25,90.84,0,2,0,0,91,45,0,-,-,-,0%,0
Meta Ads,,FaceBook_Degreefyd_B,2025-12-27,Master-North-MBA-Conditional-23Dec2025,Masters-305-24Dec25,57.58,0,0,0,0,58,58,0,-,-,-,0%,0
Meta Ads,,FaceBook_Degreefyd_B,2025-12-27,Master-India-MBA-Conditional-23Dec2025,Masters-305-24Dec25,18.96,0,0,0,0,19,19,0,-,-,-,0%,0
Meta Ads,,FaceBook_Degreefyd_B,2025-12-27,Master-India-MBA-Conditional-23Dec2025,Masters-303-24Dec25,20.94,0,0,0,0,21,21,0,-,-,-,0%,0
Meta Ads,,FaceBook_Degreefyd_B,2025-12-26,UG_Online_Admission_2026,UG_Online_Admission_Ad_Set01_Ad02,44.03,0,0,0,0,44,44,0,-,-,-,0%,0
Meta Ads,,FaceBook_Degreefyd_B,2025-12-26,Master-Cluster1-MBA-Conditional-23Dec2025,Online-Degree-Cluster1-Conditional,10.66,0,0,0,0,11,11,0,-,-,-,0%,0
Meta Ads,,FaceBook_Degreefyd_B,2025-12-26,Master-India-Conditional-23Dec2025,201-UG-Video-16Dec-UGC-DFYD-India_23Dec-Conditional,46.71,0,0,0,0,47,47,0,-,-,-,0%,0
Meta Ads,,FaceBook_Degreefyd_B,2025-12-26,Master-India-Conditional-23Dec2025,202-UG-Video-16DecDFYD-UGC-India_23Dec-Conditional,1.65,0,0,0,0,2,2,0,-,-,-,0%,0
Meta Ads,,FaceBook_Degreefyd_B,2025-12-26,Master-India-Conditional-23Dec2025,C04-India_23Dec-Conditional-C1-AI,295.92,6,11,0,0,49,27,0,-,-,-,-83%,0
Meta Ads,,FaceBook_Degreefyd_B,2025-12-26,Master-Cluster1-Conditional-23Dec2025,C04-Cluster1-Conditional-C1-AI,447.38,2,2,0,0,224,224,0,-,-,-,0%,0
Meta Ads,,FaceBook_Degreefyd_B,2025-12-26,Master-Cluster1-Conditional-23Dec2025,202-UG-Video-16DecDFYD-UGC-Cluster1-Conditional,0.21,0,0,0,0,0,0,0,-,-,-,0%,0
Meta Ads,,FaceBook_Degreefyd_B,2025-12-26,UG_Online_Admission_2026,UG_Online_Admission_Ad_Set01_Ad01,621.76,11,9,0,0,57,69,0,-,-,-,18%,0
Meta Ads,,FaceBook_Degreefyd_B,2025-12-26,Master-UG&PG-North-09Dec2025,201.1-UG-Video-16Dec-UGC-DFYD-Winning,286.85,4,3,0,0,72,96,0,-,-,-,25%,0
Meta Ads,,FaceBook_Degreefyd_B,2025-12-26,GLA MBA,GLA Man Video,301.97,5,3,0,0,60,101,0,-,-,-,40%,0
Meta Ads,,FaceBook_Degreefyd_B,2025-12-26,GLA MBA,GLA Girl Video,28.4,0,0,0,0,28,28,0,-,-,-,0%,0
Meta Ads,,FaceBook_Degreefyd_B,2025-12-26,UG_C | Co4 | Lookalike,UG_C | Co4 | Lookalike,793.61,8,8,0,0,99,99,0,-,-,-,0%,0
Meta Ads,,FaceBook_Degreefyd_B,2025-12-26,GLA_Online_G_17Dec25,GLA_Online_G_17Dec25_P_Ad_01,158.49,5,5,0,0,32,32,0,-,-,-,0%,0
Meta Ads,,FaceBook_Degreefyd_B,2025-12-26,GLA_Online_G_17Dec25,GLA_Online_G_17Dec25_01,80.98,3,0,0,0,27,81,0,-,-,-,100%,0
Meta Ads,,FaceBook_Degreefyd_B,2025-12-26,Master-UG&PG-North-09Dec2025,202-UG-Video-16DecDFYD-UGC-Winning,154.75,1,1,0,0,155,155,0,-,-,-,0%,0
Meta Ads,,FaceBook_Degreefyd_B,2025-12-26,Master-UG&PG-North-09Dec2025,107-PG-DFYD-Winning,146.43,4,4,0,0,37,37,0,-,-,-,0%,0
Meta Ads,,FaceBook_Degreefyd_B,2025-12-26,Master-Cluster1-MBA-Conditional-23Dec2025,MBA_Admission_2026_Static-102-CLuster1-Condtional,0.86,0,0,0,0,1,1,0,-,-,-,0%,0
Meta Ads,,FaceBook_Degreefyd_B,2025-12-26,Master-Cluster1-MBA-Conditional-23Dec2025,MBA_Admission_2026_Video-Cluster1-Conditional-C1,5.9,0,0,0,0,6,6,0,-,-,-,0%,0
Meta Ads,,FaceBook_Degreefyd_B,2025-12-26,Master-North-Conditional-26Dec2025,202-UG-Video-16DecDFYD-UGC-India_23Dec-Conditional,0.83,0,0,0,0,1,1,0,-,-,-,0%,0
Meta Ads,,FaceBook_Degreefyd_B,2025-12-26,Master-Cluster1-MBA-Conditional-23Dec2025,GLA_University_G-Cluster1-Conditional,92.43,0,0,0,0,92,92,0,-,-,-,0%,0
Meta Ads,,FaceBook_Degreefyd_B,2025-12-26,Master-North-MBA-Conditional-23Dec2025,Online-Degree-India_23Dec-Conditional,50.79,0,1,0,0,51,51,0,-,-,-,0%,0
Meta Ads,,FaceBook_Degreefyd_B,2025-12-26,GLA MBA,GLA Image,33.93,0,0,0,0,34,34,0,-,-,-,0%,0
Meta Ads,,FaceBook_Degreefyd_B,2025-12-26,Master-India-MBA-Conditional-23Dec2025,Online-Degree-India_23Dec-Conditional,10.72,1,1,0,0,11,11,0,-,-,-,0%,0
Meta Ads,,FaceBook_Degreefyd_B,2025-12-26,Master-North-Conditional-26Dec2025,C04-India_23Dec-Conditional-C1-AI,163.74,5,11,0,0,33,15,0,-,-,-,-120%,0
Meta Ads,,FaceBook_Degreefyd_B,2025-12-26,Master-North-MBA-Conditional-23Dec2025,Masters-302-24Dec25,19.85,0,0,0,0,20,20,0,-,-,-,0%,0
Meta Ads,,FaceBook_Degreefyd_B,2025-12-26,Master-North-MBA-Conditional-23Dec2025,Masters-305-24Dec25,93.68,0,0,0,0,94,94,0,-,-,-,0%,0
Meta Ads,,FaceBook_Degreefyd_B,2025-12-26,Master-North-MBA-Conditional-23Dec2025,MBA_Admission_2026_Video-India_23Dec-Conditional-C1,7.13,0,0,0,0,7,7,0,-,-,-,0%,0
Meta Ads,,FaceBook_Degreefyd_B,2025-12-26,Master-North-MBA-Conditional-23Dec2025,Masters-303-24Dec25,55.17,0,0,0,0,55,55,0,-,-,-,0%,0
Meta Ads,,FaceBook_Degreefyd_B,2025-12-26,Master-North-MBA-Conditional-23Dec2025,GLA_University_G-India_23Dec-Conditional,3.9,0,6,0,0,4,1,0,-,-,-,0%,0
Meta Ads,,FaceBook_Degreefyd_B,2025-12-26,Master-Cluster1-MBA-Conditional-23Dec2025,GLA_University_G-Cluster1-Conditional,34.48,0,0,0,0,34,34,0,-,-,-,0%,0
Meta Ads,,FaceBook_Degreefyd_B,2025-12-26,Master-Cluster1-MBA-Conditional-23Dec2025,Online-Degree-Cluster1-Conditional,7.28,0,0,0,0,7,7,0,-,-,-,0%,0
Meta Ads,,FaceBook_Degreefyd_B,2025-12-26,Master-India-MBA-Conditional-23Dec2025,Masters-305-24Dec25,56.51,0,0,0,0,57,57,0,-,-,-,0%,0
Meta Ads,,FaceBook_Degreefyd_B,2025-12-26,Master-India-MBA-Conditional-23Dec2025,Masters-302-24Dec25,69.9,0,0,0,0,70,70,0,-,-,-,0%,0
Meta Ads,,FaceBook_Degreefyd_B,2025-12-26,Master-India-MBA-Conditional-23Dec2025,Masters-303-24Dec25,39.43,0,0,0,0,39,39,0,-,-,-,0%,0
Meta Ads,,FaceBook_Degreefyd_B,2025-12-26,Master-India-MBA-Conditional-23Dec2025,GLA_University_G-India_23Dec-Conditional,468.4,7,6,0,0,67,78,0,-,-,-,14%,0
Meta Ads,,FaceBook_Degreefyd_B,2025-12-26,Master-Cluster1-MBA-Conditional-23Dec2025,MBA_Admission_2026_Video-Cluster1-Conditional-C1,1.08,0,0,0,0,1,1,0,-,-,-,0%,0
Meta Ads,,FaceBook_Degreefyd_B,2025-12-25,UG_Online_Admission_2026,UG_Online_Admission_Ad_Set01_Ad02,64.29,0,0,0,0,64,64,0,-,-,-,0%,0
Meta Ads,,FaceBook_Degreefyd_B,2025-12-25,Master-India-Conditional-23Dec2025,C04-India_23Dec-Conditional-C1-AI,490.25,8,7,0,0,61,70,0,-,-,-,13%,0
Meta Ads,,FaceBook_Degreefyd_B,2025-12-25,Master-Cluster1-Conditional-23Dec2025,C04-Cluster1-Conditional-C1-AI,500.72,6,4,0,0,83,125,0,-,-,-,33%,0
Meta Ads,,FaceBook_Degreefyd_B,2025-12-25,Master-Cluster1-Conditional-23Dec2025,201-UG-Video-16Dec-UGC-DFYD-Cluster1-Conditional,0.67,0,0,0,0,1,1,0,-,-,-,0%,0
Meta Ads,,FaceBook_Degreefyd_B,2025-12-25,Master-Cluster1-Conditional-23Dec2025,202-UG-Video-16DecDFYD-UGC-Cluster1-Conditional,1.08,0,0,0,0,1,1,0,-,-,-,0%,0
Meta Ads,,FaceBook_Degreefyd_B,2025-12-25,UG_Online_Admission_2026,UG_Online_Admission_Ad_Set01_Ad01,525.56,6,6,0,0,88,88,0,-,-,-,0%,0
Meta Ads,,FaceBook_Degreefyd_B,2025-12-25,GLA_Online_G_17Dec25,GLA_Online_G_17Dec25_01,80.9,0,0,0,0,81,81,0,-,-,-,0%,0
Meta Ads,,FaceBook_Degreefyd_B,2025-12-25,GLA MBA,GLA Man Video,277.6,4,2,0,0,69,139,0,-,-,-,50%,0
Meta Ads,,FaceBook_Degreefyd_B,2025-12-25,GLA MBA,GLA Girl Video,132.65,0,0,0,0,133,133,0,-,-,-,0%,0
Meta Ads,,FaceBook_Degreefyd_B,2025-12-25,UG_C | Co4 | Lookalike,UG_C | Co4 | Lookalike,874.6,8,8,0,0,109,109,0,-,-,-,0%,0
Meta Ads,,FaceBook_Degreefyd_B,2025-12-25,GLA_Online_G_17Dec25,GLA_Online_G_17Dec25_P_Ad_01,160.06,4,3,0,0,40,53,0,-,-,-,25%,0
Meta Ads,,FaceBook_Degreefyd_B,2025-12-25,Master-UG&PG-North-09Dec2025,202-UG-Video-16DecDFYD-UGC-Winning,168.86,2,2,0,0,84,84,0,-,-,-,0%,0
Meta Ads,,FaceBook_Degreefyd_B,2025-12-25,Master-UG&PG-North-09Dec2025,107-PG-DFYD-Winning,280.65,2,2,0,0,140,140,0,-,-,-,0%,0
Meta Ads,,FaceBook_Degreefyd_B,2025-12-25,Master-India-Conditional-23Dec2025,201-UG-Video-16Dec-UGC-DFYD-India_23Dec-Conditional,0.36,0,0,0,0,0,0,0,-,-,-,0%,0
Meta Ads,,FaceBook_Degreefyd_B,2025-12-25,Master-India-Conditional-23Dec2025,202-UG-Video-16DecDFYD-UGC-India_23Dec-Conditional,3.08,0,0,0,0,3,3,0,-,-,-,0%,0
Meta Ads,,FaceBook_Degreefyd_B,2025-12-25,Master-UG&PG-North-09Dec2025,201.1-UG-Video-16Dec-UGC-DFYD-Winning,200.95,1,1,0,0,201,201,0,-,-,-,0%,0
Meta Ads,,FaceBook_Degreefyd_B,2025-12-25,Master-Cluster1-MBA-Conditional-23Dec2025,Online-Degree-Cluster1-Conditional,112.11,1,1,0,0,112,112,0,-,-,-,0%,0
Meta Ads,,FaceBook_Degreefyd_B,2025-12-25,Master-India-MBA-Conditional-23Dec2025,Masters-302-24Dec25,26.47,0,0,0,0,26,26,0,-,-,-,0%,0
Meta Ads,,FaceBook_Degreefyd_B,2025-12-25,MNIMS  MBA,NMIMS Image  2,59.31,1,0,0,0,59,59,0,-,-,-,100%,0
Meta Ads,,FaceBook_Degreefyd_B,2025-12-25,GLA MBA,GLA Image,13.13,1,0,0,0,13,13,0,-,-,-,100%,0
Meta Ads,,FaceBook_Degreefyd_B,2025-12-25,MNIMS  MBA,NMIMS Image,127.56,0,0,0,0,128,128,0,-,-,-,0%,0
Meta Ads,,FaceBook_Degreefyd_B,2025-12-25,MNIMS  MBA,NMIMS Image,0.33,0,0,0,0,0,0,0,-,-,-,0%,0
Meta Ads,,FaceBook_Degreefyd_B,2025-12-25,Master-India-MBA-Conditional-23Dec2025,Masters-305-24Dec25,33.87,0,0,0,0,34,34,0,-,-,-,0%,0
Meta Ads,,FaceBook_Degreefyd_B,2025-12-25,MNIMS  MBA,NMIMS Image,0.5,0,0,0,0,1,1,0,-,-,-,0%,0
Meta Ads,,FaceBook_Degreefyd_B,2025-12-25,Master-India-MBA-Conditional-23Dec2025,Masters-303-24Dec25,58.76,0,0,0,0,59,59,0,-,-,-,0%,0
Meta Ads,,FaceBook_Degreefyd_B,2025-12-25,Master-Cluster1-MBA-Conditional-23Dec2025,GLA_University_G-Cluster1-Conditional,236.24,0,0,0,0,236,236,0,-,-,-,0%,0
Meta Ads,,FaceBook_Degreefyd_B,2025-12-25,Master-India-MBA-Conditional-23Dec2025,GLA_University_G-India_23Dec-Conditional,497.34,15,10,0,0,33,50,0,-,-,-,33%,0
Meta Ads,,FaceBook_Degreefyd_B,2025-12-25,Master-Cluster1-MBA-Conditional-23Dec2025,MBA_Admission_2026_Static-102-CLuster1-Condtional,16.49,0,0,0,0,16,16,0,-,-,-,0%,0
Meta Ads,,FaceBook_Degreefyd_B,2025-12-25,Master-Cluster1-MBA-Conditional-23Dec2025,MBA_Admission_2026_Video-Cluster1-Conditional-C1,89.34,0,0,0,0,89,89,0,-,-,-,0%,0
Meta Ads,,FaceBook_Degreefyd_B,2025-12-25,Master-India-MBA-Conditional-23Dec2025,Online-Degree-India_23Dec-Conditional,42.45,0,0,0,0,42,42,0,-,-,-,0%,0
Meta Ads,,FaceBook_Degreefyd_B,2025-12-25,Master-India-MBA-Conditional-23Dec2025,MBA_Admission_2026_Video-India_23Dec-Conditional-C1,0.12,0,0,0,0,0,0,0,-,-,-,0%,0
Meta Ads,,FaceBook_Degreefyd_B,2025-12-24,GLA MBA,GLA Man Video,449.11,3,3,0,0,150,150,0,-,-,-,0%,0
Meta Ads,,FaceBook_Degreefyd_B,2025-12-24,Master-India-Conditional-23Dec2025,C04-India_23Dec-Conditional-C1-AI,555.97,8,7,0,0,69,79,0,-,-,-,13%,0
Meta Ads,,FaceBook_Degreefyd_B,2025-12-24,Master-Cluster1-Conditional-23Dec2025,C04-Cluster1-Conditional-C1-AI,549.52,6,6,0,0,92,92,0,-,-,-,0%,0
Meta Ads,,FaceBook_Degreefyd_B,2025-12-24,Master-Cluster1-Conditional-23Dec2025,201-UG-Video-16Dec-UGC-DFYD-Cluster1-Conditional,0.01,0,0,0,0,0,0,0,-,-,-,0%,0
Meta Ads,,FaceBook_Degreefyd_B,2025-12-24,Master-Cluster1-Conditional-23Dec2025,202-UG-Video-16DecDFYD-UGC-Cluster1-Conditional,0.93,0,0,0,0,1,1,0,-,-,-,0%,0
Meta Ads,,FaceBook_Degreefyd_B,2025-12-24,UG_Online_Admission_2026,UG_Online_Admission_Ad_Set01_Ad01,523.17,8,5,0,0,65,105,0,-,-,-,38%,0
Meta Ads,,FaceBook_Degreefyd_B,2025-12-24,UG_Online_Admission_2026,UG_Online_Admission_Ad_Set01_Ad02,73.71,0,0,0,0,74,74,0,-,-,-,0%,0
Meta Ads,,FaceBook_Degreefyd_B,2025-12-24,GLA MBA,GLA Girl Video,1.69,0,0,0,0,2,2,0,-,-,-,0%,0
Meta Ads,,FaceBook_Degreefyd_B,2025-12-24,GLA MBA,GLA Girl Video,13.4,0,0,0,0,13,13,0,-,-,-,0%,0
Meta Ads,,FaceBook_Degreefyd_B,2025-12-24,Master-UG&PG-North-09Dec2025,107-PG-DFYD-Winning,316.84,5,5,0,0,63,63,0,-,-,-,0%,0
Meta Ads,,FaceBook_Degreefyd_B,2025-12-24,UG_C | Co4 | Lookalike,UG_C | Co4 | Lookalike,885.16,14,12,0,0,63,74,0,-,-,-,14%,0
Meta Ads,,FaceBook_Degreefyd_B,2025-12-24,GLA_Online_G_17Dec25,GLA_Online_G_17Dec25_01,92.87,3,3,0,0,31,31,0,-,-,-,0%,0
Meta Ads,,FaceBook_Degreefyd_B,2025-12-24,Master-UG&PG-North-09Dec2025,201.1-UG-Video-16Dec-UGC-DFYD-Winning,204.5,2,1,0,0,102,205,0,-,-,-,50%,0
Meta Ads,,FaceBook_Degreefyd_B,2025-12-24,Master-UG&PG-North-09Dec2025,202-UG-Video-16DecDFYD-UGC-Winning,160.65,1,1,0,0,161,161,0,-,-,-,0%,0
Meta Ads,,FaceBook_Degreefyd_B,2025-12-24,Master-India-Conditional-23Dec2025,202-UG-Video-16DecDFYD-UGC-India_23Dec-Conditional,1.76,0,0,0,0,2,2,0,-,-,-,0%,0
Meta Ads,,FaceBook_Degreefyd_B,2025-12-24,GLA_Online_G_17Dec25,GLA_Online_G_17Dec25_P_Ad_01,155.07,4,3,0,0,39,52,0,-,-,-,25%,0
Meta Ads,,FaceBook_Degreefyd_B,2025-12-24,Master-Cluster1-MBA-Conditional-23Dec2025,Online-Degree-Cluster1-Conditional,324.25,0,0,0,0,324,324,0,-,-,-,0%,0
Meta Ads,,FaceBook_Degreefyd_B,2025-12-24,Master-India-Conditional-23Dec2025,201-UG-Video-16Dec-UGC-DFYD-India_23Dec-Conditional,1.67,0,0,0,0,2,2,0,-,-,-,0%,0
Meta Ads,,FaceBook_Degreefyd_B,2025-12-24,Master-India-MBA-Conditional-23Dec2025,Masters-302-24Dec25,11.86,0,0,0,0,12,12,0,-,-,-,0%,0
Meta Ads,,FaceBook_Degreefyd_B,2025-12-24,Master-Cluster1-MBA-Conditional-23Dec2025,MBA_Admission_2026_Video-Cluster1-Conditional-C1,14.52,0,0,0,0,15,15,0,-,-,-,0%,0
Meta Ads,,FaceBook_Degreefyd_B,2025-12-24,GLA MBA,GLA Image,3.46,0,0,0,0,3,3,0,-,-,-,0%,0
Meta Ads,,FaceBook_Degreefyd_B,2025-12-24,MNIMS  MBA,NMIMS Image,477.12,2,1,0,0,239,477,0,-,-,-,50%,0
Meta Ads,,FaceBook_Degreefyd_B,2025-12-24,MNIMS  MBA,NMIMS Image,0.32,0,1,0,0,0,0,0,-,-,-,0%,0
Meta Ads,,FaceBook_Degreefyd_B,2025-12-24,Master-India-MBA-Conditional-23Dec2025,Masters-305-24Dec25,20.32,1,1,0,0,20,20,0,-,-,-,0%,0
Meta Ads,,FaceBook_Degreefyd_B,2025-12-24,MNIMS  MBA,NMIMS Image  2,11.46,0,0,0,0,11,11,0,-,-,-,0%,0
Meta Ads,,FaceBook_Degreefyd_B,2025-12-24,Master-India-MBA-Conditional-23Dec2025,Masters-303-24Dec25,76.63,0,0,0,0,77,77,0,-,-,-,0%,0
Meta Ads,,FaceBook_Degreefyd_B,2025-12-24,Master-India-MBA-Conditional-23Dec2025,MBA_Admission_2026_Static-102-India_23Dec-Condtional,0.03,0,0,0,0,0,0,0,-,-,-,0%,0
Meta Ads,,FaceBook_Degreefyd_B,2025-12-24,Master-India-MBA-Conditional-23Dec2025,MBA_Admission_2026_Video-India_23Dec-Conditional-C1,13.29,0,0,0,0,13,13,0,-,-,-,0%,0
Meta Ads,,FaceBook_Degreefyd_B,2025-12-24,Master-India-MBA-Conditional-23Dec2025,Online-Degree-India_23Dec-Conditional,294.83,7,6,0,0,42,49,0,-,-,-,14%,0
Meta Ads,,FaceBook_Degreefyd_B,2025-12-24,Master-Cluster1-MBA-Conditional-23Dec2025,GLA_University_G-Cluster1-Conditional,182.53,0,0,0,0,183,183,0,-,-,-,0%,0
Meta Ads,,FaceBook_Degreefyd_B,2025-12-24,Master-Cluster1-MBA-Conditional-23Dec2025,MBA_Admission_2026_Static-102-CLuster1-Condtional,127.97,0,0,0,0,128,128,0,-,-,-,0%,0
Meta Ads,,FaceBook_Degreefyd_B,2025-12-24,Master-India-MBA-Conditional-23Dec2025,GLA_University_G-India_23Dec-Conditional,250.86,4,3,0,0,63,84,0,-,-,-,25%,0
Meta Ads,,FaceBook_Degreefyd_B,2025-12-23,GLA_Online_G_17Dec25,GLA_Online_G_17Dec25_P_Ad_01,160.7,4,3,0,0,40,54,0,-,-,-,25%,0
Meta Ads,,FaceBook_Degreefyd_B,2025-12-23,Chandigarh_University-19Dec2025,ChandigarhUni-102-India,0.25,0,0,0,0,0,0,0,-,-,-,0%,0
Meta Ads,,FaceBook_Degreefyd_B,2025-12-23,Shoolini_University-19Dec2025,ShooliniUni-102-India,9.64,1,1,0,0,10,10,0,-,-,-,0%,0
Meta Ads,,FaceBook_Degreefyd_B,2025-12-23,Shoolini_University-19Dec2025,ShooliniUni-101-Himachal,0.09,0,0,0,0,0,0,0,-,-,-,0%,0
Meta Ads,,FaceBook_Degreefyd_B,2025-12-23,Shoolini_University-19Dec2025,ShooliniUni-101-India,187.63,3,3,0,0,63,63,0,-,-,-,0%,0
Meta Ads,,FaceBook_Degreefyd_B,2025-12-23,UG_C | Co4 | Lookalike,UG_C | Co4 | Lookalike,933.1,11,9,0,0,85,104,0,-,-,-,18%,0
Meta Ads,,FaceBook_Degreefyd_B,2025-12-23,Master-UG&PG-North-09Dec2025,202-UG-Video-16DecDFYD-UGC-Winning,164.24,1,0,0,0,164,164,0,-,-,-,100%,0
Meta Ads,,FaceBook_Degreefyd_B,2025-12-23,GLA_Online_G_17Dec25,GLA_Online_G_17Dec25_01,87.38,0,0,0,0,87,87,0,-,-,-,0%,0
Meta Ads,,FaceBook_Degreefyd_B,2025-12-23,Master-UG&PG-North-09Dec2025,201.1-UG-Video-16Dec-UGC-DFYD-Winning,416.94,3,3,1,1,139,139,9000,416.94,416.94,4.63%,0%,9000
Meta Ads,,FaceBook_Degreefyd_B,2025-12-23,Master-Cluster1-UG&PG-10Dec2025,107-UG-DFYD-Cluster1,1.1,0,0,0,0,1,1,0,-,-,-,0%,0
Meta Ads,,FaceBook_Degreefyd_B,2025-12-23,Master-UG&PG-North-09Dec2025,107-PG-DFYD-Winning,149.33,3,1,0,0,50,149,0,-,-,-,67%,0
Meta Ads,,FaceBook_Degreefyd_B,2025-12-23,Manipal University-10Dec2025,Manipal-University-104,186.69,2,2,0,0,93,93,0,-,-,-,0%,0
Meta Ads,,FaceBook_Degreefyd_B,2025-12-23,Master-Cluster1-UG&PG-10Dec2025,C04-Cluster1-C1-AI,122.07,1,1,0,0,122,122,0,-,-,-,0%,0
Meta Ads,,FaceBook_Degreefyd_B,2025-12-23,LPU_University-19Dec2025,LPU-102-India,193.54,4,3,0,0,48,65,0,-,-,-,25%,0
Meta Ads,,FaceBook_Degreefyd_B,2025-12-23,LPU_University-19Dec2025,LPU-101-India,5.48,0,0,0,0,5,5,0,-,-,-,0%,0
Meta Ads,,FaceBook_Degreefyd_B,2025-12-23,Chandigarh_University-19Dec2025,ChandigarhUni-101-Punjab,48.33,1,1,0,0,48,48,0,-,-,-,0%,0
Meta Ads,,FaceBook_Degreefyd_B,2025-12-23,MBA_Admission_2026-Dec,MBA_Admission_2026_Static-102,57.39,0,0,0,0,57,57,0,-,-,-,0%,0
Meta Ads,,FaceBook_Degreefyd_B,2025-12-23,Chandigarh_University-19Dec2025,ChandigarhUni-102-Punjab,74.7,1,1,0,0,75,75,0,-,-,-,0%,0
Meta Ads,,FaceBook_Degreefyd_B,2025-12-23,MNIMS  MBA,NMIMS Image  2,7.81,0,0,0,0,8,8,0,-,-,-,0%,0
Meta Ads,,FaceBook_Degreefyd_B,2025-12-23,MNIMS  MBA,NMIMS Image,267.18,3,3,0,0,89,89,0,-,-,-,0%,0
Meta Ads,,FaceBook_Degreefyd_B,2025-12-23,MBA_Admission_2026-Dec,MBA_Admission_2026_Static-102,62.08,0,0,0,0,62,62,0,-,-,-,0%,0
Meta Ads,,FaceBook_Degreefyd_B,2025-12-23,MNIMS  MBA,NMIMS Image,3.22,0,3,0,0,3,1,0,-,-,-,0%,0
Meta Ads,,FaceBook_Degreefyd_B,2025-12-23,MBA_Admission_2026-Dec,MBA_Admission_2026_Static-103,35.63,0,0,0,0,36,36,0,-,-,-,0%,0
Meta Ads,,FaceBook_Degreefyd_B,2025-12-23,Master-Cluster1-UG&PG-10Dec2025,GLA_University_G-Cluster1,332.67,0,0,0,0,333,333,0,-,-,-,0%,0
Meta Ads,,FaceBook_Degreefyd_B,2025-12-23,UG_Online_Admission_2026,UG_Online_Admission_Ad_Set01_Ad01,485.43,15,10,0,0,32,49,0,-,-,-,33%,0
Meta Ads,,FaceBook_Degreefyd_B,2025-12-23,UG_Online_Admission_2026,UG_Online_Admission_Ad_Set01_Ad02,17.07,0,0,0,0,17,17,0,-,-,-,0%,0
Meta Ads,,FaceBook_Degreefyd_B,2025-12-23,GLA MBA,GLA Man Video,197.34,2,0,0,0,99,197,0,-,-,-,100%,0
Meta Ads,,FaceBook_Degreefyd_B,2025-12-23,GLA MBA,GLA Girl Video,33.42,0,0,0,0,33,33,0,-,-,-,0%,0
Meta Ads,,FaceBook_Degreefyd_B,2025-12-23,GLA MBA,GLA Girl Video,2.11,0,0,0,0,2,2,0,-,-,-,0%,0
Meta Ads,,FaceBook_Degreefyd_B,2025-12-22,GLA_Online_G_17Dec25,GLA_Online_G_17Dec25_01,108.24,1,1,0,0,108,108,0,-,-,-,0%,0
Meta Ads,,FaceBook_Degreefyd_B,2025-12-22,Chandigarh_University-19Dec2025,ChandigarhUni-101-India,0.1,0,0,0,0,0,0,0,-,-,-,0%,0
Meta Ads,,FaceBook_Degreefyd_B,2025-12-22,Shoolini_University-19Dec2025,ShooliniUni-102-India,2.35,0,0,0,0,2,2,0,-,-,-,0%,0
Meta Ads,,FaceBook_Degreefyd_B,2025-12-22,Shoolini_University-19Dec2025,ShooliniUni-101-Himachal,0.53,0,0,0,0,1,1,0,-,-,-,0%,0
Meta Ads,,FaceBook_Degreefyd_B,2025-12-22,Shoolini_University-19Dec2025,ShooliniUni-101-India,216.58,2,2,0,0,108,108,0,-,-,-,0%,0
Meta Ads,,FaceBook_Degreefyd_B,2025-12-22,UG_C | Co4 | Lookalike,UG_C | Co4 | Lookalike,947.09,13,12,1,0,73,79,0,947.09,-,-,8%,0
Meta Ads,,FaceBook_Degreefyd_B,2025-12-22,GLA_Online_G_17Dec25,GLA_Online_G_17Dec25_P_Ad_01,143.92,4,4,0,0,36,36,0,-,-,-,0%,0
Meta Ads,,FaceBook_Degreefyd_B,2025-12-22,GLA MBA,GLA Man Video,0.06,0,7,0,0,0,0,0,-,-,-,0%,0
Meta Ads,,FaceBook_Degreefyd_B,2025-12-22,Master-UG&PG-North-09Dec2025,201.1-UG-Video-16Dec-UGC-DFYD-Winning,208.53,4,3,0,0,52,70,0,-,-,-,25%,0
Meta Ads,,FaceBook_Degreefyd_B,2025-12-22,Master-UG&PG-North-09Dec2025,201-UG-Video-16Dec-UGC-DFYD-Winning,1.19,0,0,0,0,1,1,0,-,-,-,0%,0
Meta Ads,,FaceBook_Degreefyd_B,2025-12-22,Master-Cluster1-UG&PG-10Dec2025,107-UG-DFYD-Cluster1,0.61,0,0,0,0,1,1,0,-,-,-,0%,0
Meta Ads,,FaceBook_Degreefyd_B,2025-12-22,Master-UG&PG-North-09Dec2025,202-UG-Video-16DecDFYD-UGC-Winning,167.9,1,1,0,0,168,168,0,-,-,-,0%,0
Meta Ads,,FaceBook_Degreefyd_B,2025-12-22,Master-UG&PG-North-09Dec2025,107-PG-DFYD-Winning,229.96,3,3,0,0,77,77,0,-,-,-,0%,0
Meta Ads,,FaceBook_Degreefyd_B,2025-12-22,Manipal University-10Dec2025,Manipal-University-104,265.16,4,4,0,0,66,66,0,-,-,-,0%,0
Meta Ads,,FaceBook_Degreefyd_B,2025-12-22,Master-Cluster1-UG&PG-10Dec2025,C04-Cluster1-C1-AI,81.24,0,0,0,0,81,81,0,-,-,-,0%,0
Meta Ads,,FaceBook_Degreefyd_B,2025-12-22,Chandigarh_University-19Dec2025,ChandigarhUni-102-India,1.17,0,0,0,0,1,1,0,-,-,-,0%,0
Meta Ads,,FaceBook_Degreefyd_B,2025-12-22,LPU_University-19Dec2025,LPU-102-India,148.85,3,3,0,0,50,50,0,-,-,-,0%,0
Meta Ads,,FaceBook_Degreefyd_B,2025-12-22,LPU_University-19Dec2025,LPU-101-India,48.53,0,0,0,0,49,49,0,-,-,-,0%,0
Meta Ads,,FaceBook_Degreefyd_B,2025-12-22,MBA_Admission_2026-Dec,MBA_Admission_2026_Static-103,49.41,0,0,0,0,49,49,0,-,-,-,0%,0
Meta Ads,,FaceBook_Degreefyd_B,2025-12-22,Chandigarh_University-19Dec2025,ChandigarhUni-101-Punjab,125.57,1,1,0,0,126,126,0,-,-,-,0%,0
Meta Ads,,FaceBook_Degreefyd_B,2025-12-22,GLA MBA,GLA Image,0.37,0,0,0,0,0,0,0,-,-,-,0%,0
Meta Ads,,FaceBook_Degreefyd_B,2025-12-22,MNIMS  MBA,NMIMS Image,395.8,1,1,0,0,396,396,0,-,-,-,0%,0
Meta Ads,,FaceBook_Degreefyd_B,2025-12-22,MNIMS  MBA,NMIMS Image,14.13,0,1,0,0,14,14,0,-,-,-,0%,0
Meta Ads,,FaceBook_Degreefyd_B,2025-12-22,MBA_Admission_2026-Dec,MBA_Admission_2026_Static-102,96.44,1,1,0,0,96,96,0,-,-,-,0%,0
Meta Ads,,FaceBook_Degreefyd_B,2025-12-22,MBA_Admission_2026-Dec,MBA_Admission_2026_Static-102,41.7,0,1,0,0,42,42,0,-,-,-,0%,0
Meta Ads,,FaceBook_Degreefyd_B,2025-12-22,Master-Cluster1-UG&PG-10Dec2025,GLA_University_G-Cluster1,502.31,11,11,0,0,46,46,0,-,-,-,0%,0
Meta Ads,,FaceBook_Degreefyd_B,2025-12-22,Master-Cluster1-UG&PG-10Dec2025,202-UG-Video-16DecDFYD-UGC-Cluster1,0.12,0,0,0,0,0,0,0,-,-,-,0%,0
Meta Ads,,FaceBook_Degreefyd_B,2025-12-22,UG_Online_Admission_2026,UG_Online_Admission_Ad_Set01_Ad01,518.61,9,7,0,0,58,74,0,-,-,-,22%,0
Meta Ads,,FaceBook_Degreefyd_B,2025-12-22,UG_Online_Admission_2026,UG_Online_Admission_Ad_Set01_Ad02,52.85,1,1,1,1,53,53,47250,52.85,52.85,0.11%,0%,47250
Meta Ads,,FaceBook_Degreefyd_B,2025-12-22,GLA MBA,GLA Man Video,453.95,7,7,0,0,65,65,0,-,-,-,0%,0
Meta Ads,,FaceBook_Degreefyd_B,2025-12-22,GLA MBA,GLA Girl Video,22.2,0,0,0,0,22,22,0,-,-,-,0%,0
Meta Ads,,FaceBook_Degreefyd_B,2025-12-22,GLA MBA,GLA Girl Video,0.88,0,0,0,0,1,1,0,-,-,-,0%,0
Meta Ads,,FaceBook_Degreefyd_B,2025-12-22,Chandigarh_University-19Dec2025,ChandigarhUni-102-Punjab,128.86,2,2,0,0,64,64,0,-,-,-,0%,0
Meta Ads,,FaceBook_Degreefyd_B,2025-12-21,Master-UG&PG-North-09Dec2025,201.1-UG-Video-16Dec-UGC-DFYD-Winning,64.82,2,1,0,0,32,65,0,-,-,-,50%,0
Meta Ads,,FaceBook_Degreefyd_B,2025-12-21,Shoolini_University-19Dec2025,ShooliniUni-102-India,2.34,0,0,0,0,2,2,0,-,-,-,0%,0
Meta Ads,,FaceBook_Degreefyd_B,2025-12-21,Shoolini_University-19Dec2025,ShooliniUni-101-Himachal,0.98,0,0,0,0,1,1,0,-,-,-,0%,0
Meta Ads,,FaceBook_Degreefyd_B,2025-12-21,Shoolini_University-19Dec2025,ShooliniUni-101-India,200.85,2,2,0,0,100,100,0,-,-,-,0%,0
Meta Ads,,FaceBook_Degreefyd_B,2025-12-21,UG_C | Co4 | Lookalike,UG_C | Co4 | Lookalike,915.65,11,12,0,0,83,76,0,-,-,-,-9%,0
Meta Ads,,FaceBook_Degreefyd_B,2025-12-21,GLA_Online_G_17Dec25,GLA_Online_G_17Dec25_P_Ad_01,175.7,3,2,0,0,59,88,0,-,-,-,33%,0
Meta Ads,,FaceBook_Degreefyd_B,2025-12-21,GLA_Online_G_17Dec25,GLA_Online_G_17Dec25_01,53.98,0,0,0,0,54,54,0,-,-,-,0%,0
Meta Ads,,FaceBook_Degreefyd_B,2025-12-21,Chandigarh_University-19Dec2025,ChandigarhUni-101-India,4.6,1,1,0,0,5,5,0,-,-,-,0%,0
Meta Ads,,FaceBook_Degreefyd_B,2025-12-21,Master-UG&PG-North-09Dec2025,201-UG-Video-16Dec-UGC-DFYD-Winning,88.64,1,0,0,0,89,89,0,-,-,-,100%,0
Meta Ads,,FaceBook_Degreefyd_B,2025-12-21,Master-Cluster1-UG&PG-10Dec2025,107-UG-DFYD-Cluster1,2.27,0,0,0,0,2,2,0,-,-,-,0%,0
Meta Ads,,FaceBook_Degreefyd_B,2025-12-21,Master-UG&PG-North-09Dec2025,202-UG-Video-16DecDFYD-UGC-Winning,139.85,1,1,0,0,140,140,0,-,-,-,0%,0
Meta Ads,,FaceBook_Degreefyd_B,2025-12-21,Master-UG&PG-North-09Dec2025,107-PG-DFYD-Winning,300.72,1,1,0,0,301,301,0,-,-,-,0%,0
Meta Ads,,FaceBook_Degreefyd_B,2025-12-21,Manipal University-10Dec2025,Manipal-University-104,358.51,1,1,0,0,359,359,0,-,-,-,0%,0
Meta Ads,,FaceBook_Degreefyd_B,2025-12-21,Master-UG&PG-North-09Dec2025,107-PG-DFYD-Winning,0.1,0,1,0,0,0,0,0,-,-,-,0%,0
Meta Ads,,FaceBook_Degreefyd_B,2025-12-21,Master-Cluster1-UG&PG-10Dec2025,C03-Cluster1-C1,8.94,0,0,0,0,9,9,0,-,-,-,0%,0
Meta Ads,,FaceBook_Degreefyd_B,2025-12-21,Master-Cluster1-UG&PG-10Dec2025,C04-Cluster1-C1-AI,184.03,3,3,0,0,61,61,0,-,-,-,0%,0
Meta Ads,,FaceBook_Degreefyd_B,2025-12-21,MBA_Admission_2026-Dec,MBA_Admission_2026_Static-102,64.03,0,0,0,0,64,64,0,-,-,-,0%,0
Meta Ads,,FaceBook_Degreefyd_B,2025-12-21,Chandigarh_University-19Dec2025,ChandigarhUni-102-India,5.53,0,0,0,0,6,6,0,-,-,-,0%,0
Meta Ads,,FaceBook_Degreefyd_B,2025-12-21,Master-Cluster1-UG&PG-10Dec2025,202-UG-Video-16DecDFYD-UGC-Cluster1,0.01,0,0,0,0,0,0,0,-,-,-,0%,0
Meta Ads,,FaceBook_Degreefyd_B,2025-12-21,GLA MBA,GLA Image,0.59,0,0,0,0,1,1,0,-,-,-,0%,0
Meta Ads,,FaceBook_Degreefyd_B,2025-12-21,MNIMS  MBA,NMIMS Image,157.9,2,3,0,0,79,53,0,-,-,-,-50%,0
Meta Ads,,FaceBook_Degreefyd_B,2025-12-21,LPU_University-19Dec2025,LPU-102-India,142.08,1,1,0,0,142,142,0,-,-,-,0%,0
Meta Ads,,FaceBook_Degreefyd_B,2025-12-21,MBA_Admission_2026-Dec,MBA_Admission_2026_Static-102,0.52,0,0,0,0,1,1,0,-,-,-,0%,0
Meta Ads,,FaceBook_Degreefyd_B,2025-12-21,MBA_Admission_2026-Dec,MBA_Admission_2026_Static-103,138.5,0,0,0,0,139,139,0,-,-,-,0%,0
Meta Ads,,FaceBook_Degreefyd_B,2025-12-21,Master-Cluster1-UG&PG-10Dec2025,GLA_University_G-Cluster1,246.67,6,6,0,0,41,41,0,-,-,-,0%,0
Meta Ads,,FaceBook_Degreefyd_B,2025-12-21,MNIMS  MBA,NMIMS Image,332.12,3,3,0,0,111,111,0,-,-,-,0%,0
Meta Ads,,FaceBook_Degreefyd_B,2025-12-21,UG_Online_Admission_2026,UG_Online_Admission_Ad_Set01_Ad01,485.62,4,2,0,0,121,243,0,-,-,-,50%,0
Meta Ads,,FaceBook_Degreefyd_B,2025-12-21,GLA MBA,GLA Man Video,381.72,5,5,0,0,76,76,0,-,-,-,0%,0
Meta Ads,,FaceBook_Degreefyd_B,2025-12-21,GLA MBA,GLA Girl Video,39.54,0,0,0,0,40,40,0,-,-,-,0%,0
Meta Ads,,FaceBook_Degreefyd_B,2025-12-21,GLA MBA,GLA Girl Video,31.43,0,0,0,0,31,31,0,-,-,-,0%,0
Meta Ads,,FaceBook_Degreefyd_B,2025-12-21,Chandigarh_University-19Dec2025,ChandigarhUni-102-Punjab,157.01,7,6,0,0,22,26,0,-,-,-,14%,0
Meta Ads,,FaceBook_Degreefyd_B,2025-12-21,Chandigarh_University-19Dec2025,ChandigarhUni-101-Punjab,108.14,3,3,0,0,36,36,0,-,-,-,0%,0
Meta Ads,,FaceBook_Degreefyd_B,2025-12-21,LPU_University-19Dec2025,LPU-101-India,105.26,1,0,0,0,105,105,0,-,-,-,100%,0
Meta Ads,,FaceBook_Degreefyd_B,2025-12-21,UG_Online_Admission_2026,UG_Online_Admission_Ad_Set01_Ad02,3.81,0,0,0,0,4,4,0,-,-,-,0%,0
Meta Ads,,FaceBook_Degreefyd_B,2025-12-20,Master-UG&PG-North-09Dec2025,107-PG-DFYD-Winning,120.51,2,3,0,0,60,40,0,-,-,-,-50%,0
Meta Ads,,FaceBook_Degreefyd_B,2025-12-20,Master-UG&PG-North-09Dec2025,201.1-UG-Video-16Dec-UGC-DFYD-Winning,9.96,0,0,0,0,10,10,0,-,-,-,0%,0
Meta Ads,,FaceBook_Degreefyd_B,2025-12-20,Master-UG&PG-North-09Dec2025,201-UG-Video-16Dec-UGC-DFYD-Winning,86.71,0,0,0,0,87,87,0,-,-,-,0%,0
Meta Ads,,FaceBook_Degreefyd_B,2025-12-20,Master-Cluster1-UG&PG-10Dec2025,107-UG-DFYD-Cluster1,14.6,0,0,0,0,15,15,0,-,-,-,0%,0
Meta Ads,,FaceBook_Degreefyd_B,2025-12-20,Master-UG&PG-North-09Dec2025,202-UG-Video-16DecDFYD-UGC-Winning,136.48,0,0,0,0,136,136,0,-,-,-,0%,0
Meta Ads,,FaceBook_Degreefyd_B,2025-12-20,Master-UG&PG-North-09Dec2025,108-PG-DFYD-Winning,0.05,0,0,0,0,0,0,0,-,-,-,0%,0
Meta Ads,,FaceBook_Degreefyd_B,2025-12-20,Master-Cluster1-UG&PG-10Dec2025,C04-Cluster1-C1-AI,159.3,1,2,1,1,159,80,36000,159.3,159.3,0.44%,-100%,42800
Meta Ads,,FaceBook_Degreefyd_B,2025-12-20,Master-Cluster1-UG&PG-10Dec2025,108-UG-Video-16DecDFYD-Cluster1,18.42,0,0,0,0,18,18,0,-,-,-,0%,0
Meta Ads,,FaceBook_Degreefyd_B,2025-12-20,Manipal University-10Dec2025,Manipal-University-104,406.89,4,4,0,0,102,102,0,-,-,-,0%,0
Meta Ads,,FaceBook_Degreefyd_B,2025-12-20,Master-UG&PG-North-09Dec2025,107-PG-DFYD-Winning,204.91,2,3,0,0,102,68,0,-,-,-,-50%,0
Meta Ads,,FaceBook_Degreefyd_B,2025-12-20,Master-Cluster1-UG&PG-10Dec2025,C03-Cluster1-C1,204.65,0,0,0,0,205,205,0,-,-,-,0%,0
Meta Ads,,FaceBook_Degreefyd_B,2025-12-20,IU Leads Campaign - 17th June 2025,IGNOU MBA -  18th August,757.04,14,14,0,0,54,54,0,-,-,-,0%,0
Meta Ads,,FaceBook_Degreefyd_B,2025-12-20,GLA MBA,GLA Man Video,0.07,0,4,0,0,0,0,0,-,-,-,0%,0
Meta Ads,,FaceBook_Degreefyd_B,2025-12-20,GLA_Online_G_17Dec25,GLA_Online_G_17Dec25_P_Ad_01,212.37,3,3,0,0,71,71,0,-,-,-,0%,0
Meta Ads,,FaceBook_Degreefyd_B,2025-12-20,GLA_Online_G_17Dec25,GLA_Online_G_17Dec25_01,37.66,2,2,0,0,19,19,0,-,-,-,0%,0
Meta Ads,,FaceBook_Degreefyd_B,2025-12-20,UG_C | Co4 | Lookalike,UG_C | Co4 | Lookalike,1036.05,16,16,0,0,65,65,0,-,-,-,0%,0
Meta Ads,,FaceBook_Degreefyd_B,2025-12-20,Shoolini_University-19Dec2025,ShooliniUni-101-India,195.63,2,1,0,0,98,196,0,-,-,-,50%,0
Meta Ads,,FaceBook_Degreefyd_B,2025-12-20,Chandigarh_University-19Dec2025,ChandigarhUni-102-Punjab,41.43,1,1,0,0,41,41,0,-,-,-,0%,0
Meta Ads,,FaceBook_Degreefyd_B,2025-12-20,MNIMS  MBA,NMIMS Image,255.83,1,2,0,0,256,128,0,-,-,-,-100%,0
Meta Ads,,FaceBook_Degreefyd_B,2025-12-20,MNIMS  MBA,NMIMS Image,215.15,0,2,0,0,215,108,0,-,-,-,0%,0
Meta Ads,,FaceBook_Degreefyd_B,2025-12-20,MBA_Admission_2026-Dec,MBA_Admission_2026_Static-102,156.49,0,0,0,0,156,156,0,-,-,-,0%,0
Meta Ads,,FaceBook_Degreefyd_B,2025-12-20,MBA_Admission_2026-Dec,MBA_Admission_2026_Static-102,26.73,0,0,0,0,27,27,0,-,-,-,0%,0
Meta Ads,,FaceBook_Degreefyd_B,2025-12-20,GLA MBA,GLA Girl Video,109.74,1,2,0,0,110,55,0,-,-,-,-100%,0
Meta Ads,,FaceBook_Degreefyd_B,2025-12-20,GLA MBA,GLA Girl Video,102.54,1,2,0,0,103,51,0,-,-,-,-100%,0
Meta Ads,,FaceBook_Degreefyd_B,2025-12-20,GLA MBA,GLA Man Video,235.98,4,4,0,0,59,59,0,-,-,-,0%,0
Meta Ads,,FaceBook_Degreefyd_B,2025-12-20,Chandigarh_University-19Dec2025,ChandigarhUni-101-Punjab,163.28,5,5,0,0,33,33,0,-,-,-,0%,0
Meta Ads,,FaceBook_Degreefyd_B,2025-12-20,LPU_University-19Dec2025,LPU-101-India,86.14,2,1,0,0,43,86,0,-,-,-,50%,0
Meta Ads,,FaceBook_Degreefyd_B,2025-12-20,LPU_University-19Dec2025,LPU-102-India,102.95,2,1,0,0,51,103,0,-,-,-,50%,0
Meta Ads,,FaceBook_Degreefyd_B,2025-12-20,Chandigarh_University-19Dec2025,ChandigarhUni-102-India,2.06,0,0,0,0,2,2,0,-,-,-,0%,0
Meta Ads,,FaceBook_Degreefyd_B,2025-12-20,Chandigarh_University-19Dec2025,ChandigarhUni-101-India,0.6,0,0,0,0,1,1,0,-,-,-,0%,0
Meta Ads,,FaceBook_Degreefyd_B,2025-12-20,Shoolini_University-19Dec2025,ShooliniUni-102-India,13.27,0,0,0,0,13,13,0,-,-,-,0%,0
Meta Ads,,FaceBook_Degreefyd_B,2025-12-20,Shoolini_University-19Dec2025,ShooliniUni-101-Himachal,2.73,1,1,0,0,3,3,0,-,-,-,0%,0
Meta Ads,,FaceBook_Degreefyd_B,2025-12-19,Manipal University-10Dec2025,Manipal-University-104,270.11,5,6,0,0,54,45,0,-,-,-,-20%,0
Meta Ads,,FaceBook_Degreefyd_B,2025-12-19,GLA_Online_G_17Dec25,GLA_Online_G_17Dec25_01,63.83,1,1,0,0,64,64,0,-,-,-,0%,0
Meta Ads,,FaceBook_Degreefyd_B,2025-12-19,Master-UG&PG-North-09Dec2025,201.1-UG-Video-16Dec-UGC-DFYD-Winning,24.38,0,0,0,0,24,24,0,-,-,-,0%,0
Meta Ads,,FaceBook_Degreefyd_B,2025-12-19,Master-UG&PG-North-09Dec2025,201-UG-Video-16Dec-UGC-DFYD-Winning,49.26,0,0,0,0,49,49,0,-,-,-,0%,0
Meta Ads,,FaceBook_Degreefyd_B,2025-12-19,Master-Cluster1-UG&PG-10Dec2025,107-UG-DFYD-Cluster1,2.95,0,0,0,0,3,3,0,-,-,-,0%,0
Meta Ads,,FaceBook_Degreefyd_B,2025-12-19,Master-UG&PG-North-09Dec2025,202-UG-Video-16DecDFYD-UGC-Winning,108.06,1,1,0,0,108,108,0,-,-,-,0%,0
Meta Ads,,FaceBook_Degreefyd_B,2025-12-19,Master-UG&PG-North-09Dec2025,108-PG-DFYD-Winning,0.15,0,0,0,0,0,0,0,-,-,-,0%,0
Meta Ads,,FaceBook_Degreefyd_B,2025-12-19,Master-UG&PG-North-09Dec2025,107-PG-DFYD-Winning,79.97,2,0,0,0,40,80,0,-,-,-,100%,0
Meta Ads,,FaceBook_Degreefyd_B,2025-12-19,Master-Cluster1-UG&PG-10Dec2025,108-UG-Video-16DecDFYD-Cluster1,97.17,0,0,0,0,97,97,0,-,-,-,0%,0
Meta Ads,,FaceBook_Degreefyd_B,2025-12-19,GLA MBA,C04,369.46,6,7,0,0,62,53,0,-,-,-,-17%,0
Meta Ads,,FaceBook_Degreefyd_B,2025-12-19,Galgotias_Lead_2026,Galgotias_Leads_2026_P_Ad_01-AI,41.81,0,0,0,0,42,42,0,-,-,-,0%,0
Meta Ads,,FaceBook_Degreefyd_B,2025-12-19,Master-UG&PG-North-09Dec2025,107-PG-DFYD-Winning,129.93,0,0,0,0,130,130,0,-,-,-,0%,0
Meta Ads,,FaceBook_Degreefyd_B,2025-12-19,Master-Cluster1-UG&PG-10Dec2025,C03-Cluster1-C1,85.26,1,1,0,0,85,85,0,-,-,-,0%,0
Meta Ads,,FaceBook_Degreefyd_B,2025-12-19,Master-Cluster1-UG&PG-10Dec2025,C04-Cluster1-C1-AI,90.92,1,1,0,0,91,91,0,-,-,-,0%,0
Meta Ads,,FaceBook_Degreefyd_B,2025-12-19,Manipal University-10Dec2025,Manipal-University-102,13.22,0,0,0,0,13,13,0,-,-,-,0%,0
Meta Ads,,FaceBook_Degreefyd_B,2025-12-19,Galgotias_Lead_2026,Galgotias_Leads_2026_P_Ad_01,50.03,2,2,0,0,25,25,0,-,-,-,0%,0
Meta Ads,,FaceBook_Degreefyd_B,2025-12-19,IU Leads Campaign - 17th June 2025,IGNOU MBA -  18th August,767.36,18,16,0,0,43,48,0,-,-,-,11%,0
Meta Ads,,FaceBook_Degreefyd_B,2025-12-19,UG_C | Co4 | Lookalike,UG_C | Co4 | Lookalike,381.03,5,3,1,0,76,127,0,381.03,-,-,40%,0
Meta Ads,,FaceBook_Degreefyd_B,2025-12-19,GLA MBA,C02,0.28,0,0,0,0,0,0,0,-,-,-,0%,0
Meta Ads,,FaceBook_Degreefyd_B,2025-12-19,GLA_Online_G_17Dec25,GLA_Online_G_17Dec25_P_Ad_01,111.34,3,3,1,1,37,37,16500,111.34,111.34,0.67%,0%,33000
Meta Ads,,FaceBook_Degreefyd_B,2025-12-19,GLA MBA,GLA Image,20.28,0,0,0,0,20,20,0,-,-,-,0%,0
Meta Ads,,FaceBook_Degreefyd_B,2025-12-19,Shoolini_University-19Dec2025,ShooliniUni-101-India,69.39,1,0,0,0,69,69,0,-,-,-,100%,0
Meta Ads,,FaceBook_Degreefyd_B,2025-12-19,GLA MBA,GLA Girl Video,3.98,0,0,0,0,4,4,0,-,-,-,0%,0
Meta Ads,,FaceBook_Degreefyd_B,2025-12-19,GLA MBA,GLA Image,0.38,0,0,0,0,0,0,0,-,-,-,0%,0
Meta Ads,,FaceBook_Degreefyd_B,2025-12-19,MNIMS  MBA,NMIMS Image,52.43,0,0,0,0,52,52,0,-,-,-,0%,0
Meta Ads,,FaceBook_Degreefyd_B,2025-12-19,Shoolini_University-19Dec2025,ShooliniUni-101-Himachal,1.22,0,0,0,0,1,1,0,-,-,-,0%,0
Meta Ads,,FaceBook_Degreefyd_B,2025-12-19,MBA_Admission_2026-Dec,MBA_Admission_2026_Static-102,44.97,1,2,0,0,45,22,0,-,-,-,-100%,0
Meta Ads,,FaceBook_Degreefyd_B,2025-12-19,MBA_Admission_2026-Dec,MBA_Admission_2026_Static-102,169.76,0,2,0,0,170,85,0,-,-,-,0%,0
Meta Ads,,FaceBook_Degreefyd_B,2025-12-19,GLA MBA,GLA Man Video,39.44,2,1,0,0,20,39,0,-,-,-,50%,0
Meta Ads,,FaceBook_Degreefyd_B,2025-12-19,MNIMS  MBA,NMIMS Image,71.22,0,0,0,0,71,71,0,-,-,-,0%,0
Meta Ads,,FaceBook_Degreefyd_B,2025-12-19,GLA MBA,GLA Girl Video,88.32,0,0,0,0,88,88,0,-,-,-,0%,0
Meta Ads,,FaceBook_Degreefyd_B,2025-12-19,Chandigarh_University-19Dec2025,ChandigarhUni-101-Punjab,61.43,2,2,0,0,31,31,0,-,-,-,0%,0
Meta Ads,,FaceBook_Degreefyd_B,2025-12-19,LPU_University-19Dec2025,LPU-101-India,39.95,1,1,0,0,40,40,0,-,-,-,0%,0
Meta Ads,,FaceBook_Degreefyd_B,2025-12-19,LPU_University-19Dec2025,LPU-102-India,67.13,1,1,0,0,67,67,0,-,-,-,0%,0
Meta Ads,,FaceBook_Degreefyd_B,2025-12-19,Chandigarh_University-19Dec2025,ChandigarhUni-102-India,2.27,0,0,0,0,2,2,0,-,-,-,0%,0
Meta Ads,,FaceBook_Degreefyd_B,2025-12-19,Chandigarh_University-19Dec2025,ChandigarhUni-101-India,1.2,0,0,0,0,1,1,0,-,-,-,0%,0
Meta Ads,,FaceBook_Degreefyd_B,2025-12-19,Shoolini_University-19Dec2025,ShooliniUni-102-Himachal,0.17,0,0,0,0,0,0,0,-,-,-,0%,0
Meta Ads,,FaceBook_Degreefyd_B,2025-12-19,Shoolini_University-19Dec2025,ShooliniUni-102-India,24.27,0,0,0,0,24,24,0,-,-,-,0%,0
Meta Ads,,FaceBook_Degreefyd_B,2025-12-19,Chandigarh_University-19Dec2025,ChandigarhUni-102-Punjab,73.84,0,1,0,0,74,74,0,-,-,-,0%,0
Meta Ads,,FaceBook_Degreefyd_B,2025-12-18,Master-Cluster1-UG&PG-10Dec2025,C03-Cluster1-C1,177.22,2,2,0,0,89,89,0,-,-,-,0%,0
Meta Ads,,FaceBook_Degreefyd_B,2025-12-18,GLA MBA,C02,5.34,0,0,0,0,5,5,0,-,-,-,0%,0
Meta Ads,,FaceBook_Degreefyd_B,2025-12-18,MBA_Admission_2026,MBA_Admission_2026_Static-105,28.18,0,0,0,0,28,28,0,-,-,-,0%,0
Meta Ads,,FaceBook_Degreefyd_B,2025-12-18,MBA_Admission_2026,MBA_Admission_2026_Static-104,17.24,0,0,0,0,17,17,0,-,-,-,0%,0
Meta Ads,,FaceBook_Degreefyd_B,2025-12-18,Master-UG&PG-North-09Dec2025,MBA_Admission_2026_Static-101-Winning,0.02,0,0,0,0,0,0,0,-,-,-,0%,0
Meta Ads,,FaceBook_Degreefyd_B,2025-12-18,MBA_Admission_2026,MBA_Admission_2026_Static-101,37.56,0,0,0,0,38,38,0,-,-,-,0%,0
Meta Ads,,FaceBook_Degreefyd_B,2025-12-18,GLA MBA,C04,1116.69,23,25,1,1,49,45,10500,1116.69,1116.69,10.64%,-9%,31500
Meta Ads,,FaceBook_Degreefyd_B,2025-12-18,Master-Cluster1-UG&PG-10Dec2025,C04-Cluster1-C1-AI,110.58,0,1,1,1,111,111,36000,110.58,110.58,0.31%,0%,42800
Meta Ads,,FaceBook_Degreefyd_B,2025-12-18,Manipal University-10Dec2025,Manipal-University-102,6.86,0,0,0,0,7,7,0,-,-,-,0%,0
Meta Ads,,FaceBook_Degreefyd_B,2025-12-18,Galgotias_Lead_2026,Galgotias_Leads_2026_P_Ad_01,216.83,3,3,1,1,72,72,16500,216.83,216.83,1.31%,0%,33000
Meta Ads,,FaceBook_Degreefyd_B,2025-12-18,IU Leads Campaign - 17th June 2025,IGNOU MBA -  18th August,991.14,18,18,0,0,55,55,0,-,-,-,0%,0
Meta Ads,,FaceBook_Degreefyd_B,2025-12-18,GLA MBA,C03,10.32,0,0,0,0,10,10,0,-,-,-,0%,0
Meta Ads,,FaceBook_Degreefyd_B,2025-12-18,Galgotias_Lead_2026,Galgotias_Leads_2026_P_Ad_01-AI,98.98,1,1,0,0,99,99,0,-,-,-,0%,0
Meta Ads,,FaceBook_Degreefyd_B,2025-12-18,Master-UG&PG-North-09Dec2025,107-PG-DFYD-Winning,156.83,4,4,0,0,39,39,0,-,-,-,0%,0
Meta Ads,,FaceBook_Degreefyd_B,2025-12-18,Master-UG&PG-North-09Dec2025,108-PG-DFYD-Winning,2.85,0,0,0,0,3,3,0,-,-,-,0%,0
Meta Ads,,FaceBook_Degreefyd_B,2025-12-18,Manipal University-10Dec2025,Manipal-University-104,182.51,3,2,0,0,61,91,0,-,-,-,33%,0
Meta Ads,,FaceBook_Degreefyd_B,2025-12-18,GLA_Online_G_17Dec25,GLA_Online_G_17Dec25_P_Ad_01,170.04,1,1,0,0,170,170,0,-,-,-,0%,0
Meta Ads,,FaceBook_Degreefyd_B,2025-12-18,Master-Cluster1-UG&PG-10Dec2025,108-UG-Video-16DecDFYD-Cluster1,152.07,0,0,0,0,152,152,0,-,-,-,0%,0
Meta Ads,,FaceBook_Degreefyd_B,2025-12-18,MBA_Admission_2026-Dec,MBA_Admission_2026_Static-102,167.68,2,2,0,0,84,84,0,-,-,-,0%,0
Meta Ads,,FaceBook_Degreefyd_B,2025-12-18,MBA_Admission_2026,MBA_Admission_2026_Static-102,27.28,0,2,0,0,27,14,0,-,-,-,0%,0
Meta Ads,,FaceBook_Degreefyd_B,2025-12-18,Master-UG&PG-North-09Dec2025,108-UG-Video-16DecDFYD-Winning,0.09,0,0,0,0,0,0,0,-,-,-,0%,0
Meta Ads,,FaceBook_Degreefyd_B,2025-12-18,Master-UG&PG-North-09Dec2025,101-UGPG-GetDegreeThatStandsOut-Blue-DFYD-Winning,0.01,0,0,0,0,0,0,0,-,-,-,0%,0
Meta Ads,,FaceBook_Degreefyd_B,2025-12-18,GLA_Online_G_17Dec25,GLA_Online_G_17Dec25_01,43.96,2,2,0,0,22,22,0,-,-,-,0%,0
Meta Ads,,FaceBook_Degreefyd_B,2025-12-18,Master-UG&PG-North-09Dec2025,201.1-UG-Video-16Dec-UGC-DFYD-Winning,60.02,1,1,2,0,60,60,0,30.01,-,-,0%,0
Meta Ads,,FaceBook_Degreefyd_B,2025-12-18,Master-UG&PG-North-09Dec2025,201-UG-Video-16Dec-UGC-DFYD-Winning,33.11,3,1,0,0,11,33,0,-,-,-,67%,0
Meta Ads,,FaceBook_Degreefyd_B,2025-12-18,Master-Cluster1-UG&PG-10Dec2025,107-UG-DFYD-Cluster1,17.11,0,0,0,0,17,17,0,-,-,-,0%,0
Meta Ads,,FaceBook_Degreefyd_B,2025-12-18,Master-UG&PG-North-09Dec2025,202-UG-Video-16DecDFYD-UGC-Winning,121.93,1,1,0,0,122,122,0,-,-,-,0%,0
Meta Ads,,FaceBook_Degreefyd_B,2025-12-18,Master-UG&PG-North-09Dec2025,107-PG-DFYD-Winning,106.51,3,4,0,0,36,27,0,-,-,-,-33%,0
Meta Ads,,FaceBook_Degreefyd_B,2025-12-17,Manipal University-10Dec2025,Manipal-University-102,25.73,1,1,0,0,26,26,0,-,-,-,0%,0
Meta Ads,,FaceBook_Degreefyd_B,2025-12-17,MBA_Admission_2026,MBA_Admission_2026_Static-104,39.48,0,0,0,0,39,39,0,-,-,-,0%,0
Meta Ads,,FaceBook_Degreefyd_B,2025-12-17,MBA_Admission_2026,MBA_Admission_2026_Static-101,9.33,0,0,0,0,9,9,0,-,-,-,0%,0
Meta Ads,,FaceBook_Degreefyd_B,2025-12-17,Amity_UG_PG_Admission_2026_Session,Amity_UG_PG_Admission_2026_Session _UP_NB –V2-AI,154.77,1,0,0,0,155,155,0,-,-,-,100%,0
Meta Ads,,FaceBook_Degreefyd_B,2025-12-17,Master-Cluster1-UG&PG-10Dec2025,101-UGPG-GetDegreeThatStandsOut-Blue-DFYD-Cluster1-C1,0.12,0,0,0,0,0,0,0,-,-,-,0%,0
Meta Ads,,FaceBook_Degreefyd_B,2025-12-17,Master-Cluster1-UG&PG-10Dec2025,C03-Cluster1-C1,196.66,1,0,0,0,197,197,0,-,-,-,100%,0
Meta Ads,,FaceBook_Degreefyd_B,2025-12-17,Master-Cluster1-UG&PG-10Dec2025,C04-Cluster1-C1-AI,299.96,3,3,0,0,100,100,0,-,-,-,0%,0
Meta Ads,,FaceBook_Degreefyd_B,2025-12-17,GLA MBA,C01,0.01,0,0,0,0,0,0,0,-,-,-,0%,0
Meta Ads,,FaceBook_Degreefyd_B,2025-12-17,Galgotias_Lead_2026,Galgotias_Leads_2026_P_Ad_01,316.82,7,7,0,0,45,45,0,-,-,-,0%,0
Meta Ads,,FaceBook_Degreefyd_B,2025-12-17,Amity_UG_PG_Admission_2026_Session,Amity_UG_PG_Admission_2026_Session _UP_NB –V2,16.62,0,0,0,0,17,17,0,-,-,-,0%,0
Meta Ads,,FaceBook_Degreefyd_B,2025-12-17,IU Leads Campaign - 17th June 2025,IGNOU MBA -  18th August,826.04,21,21,0,0,39,39,0,-,-,-,0%,0
Meta Ads,,FaceBook_Degreefyd_B,2025-12-17,GLA MBA,C04,1106.33,22,21,1,1,50,53,47250,1106.33,1106.33,2.34%,5%,47250
Meta Ads,,FaceBook_Degreefyd_B,2025-12-17,GLA MBA,C03,2.94,0,0,0,0,3,3,0,-,-,-,0%,0
Meta Ads,,FaceBook_Degreefyd_B,2025-12-17,GLA MBA,C02,4.98,0,0,0,0,5,5,0,-,-,-,0%,0
Meta Ads,,FaceBook_Degreefyd_B,2025-12-17,Master-UG&PG-North-09Dec2025,107-PG-DFYD-Winning,51.09,0,1,0,0,51,51,0,-,-,-,0%,0
Meta Ads,,FaceBook_Degreefyd_B,2025-12-17,MBA_Admission_2026,MBA_Admission_2026_Static-105,133.72,0,0,0,0,134,134,0,-,-,-,0%,0
Meta Ads,,FaceBook_Degreefyd_B,2025-12-17,Manipal University-10Dec2025,Manipal-University-104,235.46,3,1,0,0,78,235,0,-,-,-,67%,0
Meta Ads,,FaceBook_Degreefyd_B,2025-12-17,Galgotias_Lead_2026,Galgotias_Leads_2026_P_Ad_01-AI,113.78,2,2,0,0,57,57,0,-,-,-,0%,0
Meta Ads,,FaceBook_Degreefyd_B,2025-12-17,Master-Cluster1-UG&PG-10Dec2025,107-UG-DFYD-Cluster1,18.84,0,0,0,0,19,19,0,-,-,-,0%,0
Meta Ads,,FaceBook_Degreefyd_B,2025-12-17,MBA_Admission_2026-Dec,MBA_Admission_2026_Static-102,30.3,0,0,0,0,30,30,0,-,-,-,0%,0
Meta Ads,,FaceBook_Degreefyd_B,2025-12-17,Master-UG&PG-North-09Dec2025,101-UGPG-GetDegreeThatStandsOut-Blue-DFYD-Winning,0.01,0,0,0,0,0,0,0,-,-,-,0%,0
Meta Ads,,FaceBook_Degreefyd_B,2025-12-17,GLA_Online_G_17Dec25,GLA_Online_G_17Dec25_P_Ad_01,29.27,1,1,0,0,29,29,0,-,-,-,0%,0
Meta Ads,,FaceBook_Degreefyd_B,2025-12-17,GLA_Online_G_17Dec25,GLA_Online_G_17Dec25_01,42.07,1,0,0,0,42,42,0,-,-,-,100%,0
Meta Ads,,FaceBook_Degreefyd_B,2025-12-17,Master-UG&PG-North-09Dec2025,201.1-UG-Video-16Dec-UGC-DFYD-Winning,26.79,1,0,0,0,27,27,0,-,-,-,100%,0
Meta Ads,,FaceBook_Degreefyd_B,2025-12-17,Master-UG&PG-North-09Dec2025,201-UG-Video-16Dec-UGC-DFYD-Winning,47.21,0,0,0,0,47,47,0,-,-,-,0%,0
Meta Ads,,FaceBook_Degreefyd_B,2025-12-17,MBA_Admission_2026,MBA_Admission_2026_Static-102,59.36,1,0,0,0,59,59,0,-,-,-,100%,0
Meta Ads,,FaceBook_Degreefyd_B,2025-12-17,Master-UG&PG-North-09Dec2025,202-UG-Video-16DecDFYD-UGC-Winning,106,3,3,0,0,35,35,0,-,-,-,0%,0
Meta Ads,,FaceBook_Degreefyd_B,2025-12-17,Master-UG&PG-North-09Dec2025,107-PG-DFYD-Winning,177.01,1,1,0,0,177,177,0,-,-,-,0%,0
Meta Ads,,FaceBook_Degreefyd_B,2025-12-17,Master-UG&PG-North-09Dec2025,201-UG-Video-16Dec-UGC-DFYD-Winning,1.26,0,0,0,0,1,1,0,-,-,-,0%,0
Meta Ads,,FaceBook_Degreefyd_B,2025-12-17,Master-Cluster1-UG&PG-10Dec2025,108-UG-Video-16DecDFYD-Cluster1,107.81,1,1,0,0,108,108,0,-,-,-,0%,0
Meta Ads,,FaceBook_Degreefyd_B,2025-12-17,Manipal University-10Dec2025,Manipal-University-104.2,9.26,0,0,0,0,9,9,0,-,-,-,0%,0
Meta Ads,,FaceBook_Degreefyd_B,2025-12-17,Manipal University-10Dec2025,Manipal-University-104.1,6.56,0,0,0,0,7,7,0,-,-,-,0%,0
Meta Ads,,FaceBook_Degreefyd_B,2025-12-17,Master-UG&PG-North-09Dec2025,108-PG-DFYD-Winning,1.07,0,0,0,0,1,1,0,-,-,-,0%,0
Meta Ads,,FaceBook_Degreefyd_B,2025-12-16,Master-UG&PG-North-09Dec2025,MBA_Admission_2026_Video-Winning,0.03,0,0,0,0,0,0,0,-,-,-,0%,0
Meta Ads,,FaceBook_Degreefyd_B,2025-12-16,Master-Cluster1-UG&PG-10Dec2025,Amity_UG_PG_Admission_2026-Cluster1-C1,0.04,0,0,0,0,0,0,0,-,-,-,0%,0
Meta Ads,,FaceBook_Degreefyd_B,2025-12-16,Master-Cluster1-UG&PG-10Dec2025,101-UGPG-GetDegreeThatStandsOut-Blue-DFYD-Cluster1-C1,0.73,0,0,0,0,1,1,0,-,-,-,0%,0
Meta Ads,,FaceBook_Degreefyd_B,2025-12-16,Master-Cluster1-UG&PG-10Dec2025,C03-Cluster1-C1,344.25,5,4,0,0,69,86,0,-,-,-,20%,0
Meta Ads,,FaceBook_Degreefyd_B,2025-12-16,Master-Cluster1-UG&PG-10Dec2025,C04-Cluster1-C1-AI,550.36,9,9,1,1,61,61,36000,550.36,550.36,1.53%,0%,42800
Meta Ads,,FaceBook_Degreefyd_B,2025-12-16,Manipal University-10Dec2025,Manipal-University-102,8.81,0,0,0,0,9,9,0,-,-,-,0%,0
Meta Ads,,FaceBook_Degreefyd_B,2025-12-16,IU Leads Campaign - 17th June 2025,IGNOU MBA -  18th August,1057.25,24,25,1,1,44,42,48000,1057.25,1057.25,2.20%,-4%,51500
Meta Ads,,FaceBook_Degreefyd_B,2025-12-16,Galgotias_Lead_2026,Galgotias_Leads_2026_P_Ad_01,338.27,4,4,0,0,85,85,0,-,-,-,0%,0
Meta Ads,,FaceBook_Degreefyd_B,2025-12-16,MBA_Admission_2026,MBA_Admission_2026_Video,78.68,0,0,0,0,79,79,0,-,-,-,0%,0
Meta Ads,,FaceBook_Degreefyd_B,2025-12-16,Amity_UG_PG_Admission_2026_Session,Amity_UG_PG_Admission_2026_Session _UP_NB –V2,223.48,1,0,0,0,223,223,0,-,-,-,100%,0
Meta Ads,,FaceBook_Degreefyd_B,2025-12-16,GLA MBA,C02,4.14,0,0,0,0,4,4,0,-,-,-,0%,0
Meta Ads,,FaceBook_Degreefyd_B,2025-12-16,GLA MBA,C04,1295.59,26,24,0,0,50,54,0,-,-,-,8%,0
Meta Ads,,FaceBook_Degreefyd_B,2025-12-16,MBA_Admission_2026,MBA_Admission_2026_Static-101,10.71,0,0,0,0,11,11,0,-,-,-,0%,0
Meta Ads,,FaceBook_Degreefyd_B,2025-12-16,Amity_UG_PG_Admission_2026_Session,Amity_UG_PG_Admission_2026_Session _UP_NB –V2-AI,155.34,2,0,0,0,78,155,0,-,-,-,100%,0
Meta Ads,,FaceBook_Degreefyd_B,2025-12-16,Master-UG&PG-North-09Dec2025,202-UG-Video-16DecDFYD-UGC-Winning,2.73,0,0,0,0,3,3,0,-,-,-,0%,0
Meta Ads,,FaceBook_Degreefyd_B,2025-12-16,Master-UG&PG-North-09Dec2025,MBA_Admission_2026_Static-101-Winning,0.01,0,0,0,0,0,0,0,-,-,-,0%,0
Meta Ads,,FaceBook_Degreefyd_B,2025-12-16,Master-Cluster1-UG&PG-10Dec2025,108-UG-Video-16DecDFYD-Cluster1,114.03,0,0,0,0,114,114,0,-,-,-,0%,0
Meta Ads,,FaceBook_Degreefyd_B,2025-12-16,MBA_Admission_2026,MBA_Admission_2026_Static-104,7.55,0,0,0,0,8,8,0,-,-,-,0%,0
Meta Ads,,FaceBook_Degreefyd_B,2025-12-16,Master-UG&PG-North-09Dec2025,108-PG-DFYD-Winning,2.83,0,0,0,0,3,3,0,-,-,-,0%,0
Meta Ads,,FaceBook_Degreefyd_B,2025-12-16,Master-UG&PG-North-09Dec2025,107-PG-DFYD-Winning,181.54,0,0,0,0,182,182,0,-,-,-,0%,0
Meta Ads,,FaceBook_Degreefyd_B,2025-12-16,Master-UG&PG-North-09Dec2025,201-UG-Video-16Dec-UGC-DFYD-Winning,3.69,0,0,0,0,4,4,0,-,-,-,0%,0
Meta Ads,,FaceBook_Degreefyd_B,2025-12-16,Master-UG&PG-North-09Dec2025,101-UGPG-GetDegreeThatStandsOut-Blue-DFYD-Winning,0.33,0,0,0,0,0,0,0,-,-,-,0%,0
Meta Ads,,FaceBook_Degreefyd_B,2025-12-16,Manipal University-10Dec2025,Manipal-University-104.2,90.39,0,0,0,0,90,90,0,-,-,-,0%,0
Meta Ads,,FaceBook_Degreefyd_B,2025-12-16,MBA_Admission_2026,MBA_Admission_2026_Static-105,130.22,0,0,0,0,130,130,0,-,-,-,0%,0
Meta Ads,,FaceBook_Degreefyd_B,2025-12-16,Manipal University-10Dec2025,Manipal-University-104,74.32,1,0,0,0,74,74,0,-,-,-,100%,0
Meta Ads,,FaceBook_Degreefyd_B,2025-12-16,Galgotias_Lead_2026,Galgotias_Leads_2026_P_Ad_01-AI,173.05,3,2,0,0,58,87,0,-,-,-,33%,0
Meta Ads,,FaceBook_Degreefyd_B,2025-12-16,Master-UG&PG-North-09Dec2025,107-PG-DFYD-Winning,171.61,0,0,0,0,172,172,0,-,-,-,0%,0
Meta Ads,,FaceBook_Degreefyd_B,2025-12-16,Manipal University-10Dec2025,Manipal-University-104.1,59.9,0,0,0,0,60,60,0,-,-,-,0%,0
Meta Ads,,FaceBook_Degreefyd_B,2025-12-15,Master-Cluster1-UG&PG-10Dec2025,Amity_UG_PG_Admission_2026-Cluster1-C1,0.73,0,0,0,0,1,1,0,-,-,-,0%,0
Meta Ads,,FaceBook_Degreefyd_B,2025-12-15,Master-Cluster1-UG&PG-10Dec2025,101-UGPG-GetDegreeThatStandsOut-Blue-DFYD-Cluster1-C1,2.22,0,0,0,0,2,2,0,-,-,-,0%,0
Meta Ads,,FaceBook_Degreefyd_B,2025-12-15,Master-Cluster1-UG&PG-10Dec2025,C03-Cluster1-C1,204.96,2,2,0,0,102,102,0,-,-,-,0%,0
Meta Ads,,FaceBook_Degreefyd_B,2025-12-15,Master-Cluster1-UG&PG-10Dec2025,C04-Cluster1-C1,68.34,1,0,0,0,68,68,0,-,-,-,100%,0
Meta Ads,,FaceBook_Degreefyd_B,2025-12-15,Master-UG&PG-North-09Dec2025,Amity_UG_PG_Admission_2026-Winning-AI,12.78,0,0,0,0,13,13,0,-,-,-,0%,0
Meta Ads,,FaceBook_Degreefyd_B,2025-12-15,Master-Cluster1-UG&PG-10Dec2025,C04-Cluster1-C1-AI,759.74,10,6,0,0,76,127,0,-,-,-,40%,0
Meta Ads,,FaceBook_Degreefyd_B,2025-12-15,Manipal University-10Dec2025,Manipal-University-102,102.98,1,0,0,0,103,103,0,-,-,-,100%,0
Meta Ads,,FaceBook_Degreefyd_B,2025-12-15,Master-UG&PG-North-09Dec2025,MBA_Admission_2026_Video-Winning,26.7,0,0,0,0,27,27,0,-,-,-,0%,0
Meta Ads,,FaceBook_Degreefyd_B,2025-12-15,Galgotias_Lead_2026,Galgotias_Leads_2026_P_Ad_01,437.93,14,11,0,0,31,40,0,-,-,-,21%,0
Meta Ads,,FaceBook_Degreefyd_B,2025-12-15,MBA_Admission_2026,MBA_Admission_2026_Static-101,1.45,0,0,0,0,1,1,0,-,-,-,0%,0
Meta Ads,,FaceBook_Degreefyd_B,2025-12-15,Amity_UG_PG_Admission_2026_Session,Amity_UG_PG_Admission_2026_Session _UP_NB –V2-AI,134.58,1,0,0,0,135,135,0,-,-,-,100%,0
Meta Ads,,FaceBook_Degreefyd_B,2025-12-15,Manipal University-10Dec2025,Manipal-University-104,1.59,0,0,0,0,2,2,0,-,-,-,0%,0
Meta Ads,,FaceBook_Degreefyd_B,2025-12-15,Master-UG&PG-North-09Dec2025,MBA_Admission_2026_Static-101-Winning,0.97,0,0,0,0,1,1,0,-,-,-,0%,0
Meta Ads,,FaceBook_Degreefyd_B,2025-12-15,MBA_Admission_2026,MBA_Admission_2026_Static-104,21.95,0,0,0,0,22,22,0,-,-,-,0%,0
Meta Ads,,FaceBook_Degreefyd_B,2025-12-15,MBA_Admission_2026,MBA_Admission_2026_Static-105,61.48,1,1,0,0,61,61,0,-,-,-,0%,0
Meta Ads,,FaceBook_Degreefyd_B,2025-12-15,Master-UG&PG-North-09Dec2025,108-PG-DFYD-Winning,16.61,0,0,0,0,17,17,0,-,-,-,0%,0
Meta Ads,,FaceBook_Degreefyd_B,2025-12-15,Master-UG&PG-North-09Dec2025,107-PG-DFYD-Winning,713.11,18,11,0,0,40,65,0,-,-,-,39%,0
Meta Ads,,FaceBook_Degreefyd_B,2025-12-15,Galgotias_Lead_2026,Galgotias_Leads_2026_P_Ad_01-AI,85.82,2,2,0,0,43,43,0,-,-,-,0%,0
Meta Ads,,FaceBook_Degreefyd_B,2025-12-15,Manipal University-10Dec2025,Manipal-University-104.1,1.48,0,0,0,0,1,1,0,-,-,-,0%,0
Meta Ads,,FaceBook_Degreefyd_B,2025-12-15,Manipal University-10Dec2025,Manipal-University-104.2,1.05,0,0,0,0,1,1,0,-,-,-,0%,0
Meta Ads,,FaceBook_Degreefyd_B,2025-12-15,Master-UG&PG-North-09Dec2025,101-UGPG-GetDegreeThatStandsOut-Blue-DFYD-Winning,0.71,0,0,0,0,1,1,0,-,-,-,0%,0
Meta Ads,,FaceBook_Degreefyd_B,2025-12-15,MBA_Admission_2026,MBA_Admission_2026_Static-102,3.5,0,0,0,0,4,4,0,-,-,-,0%,0
Meta Ads,,FaceBook_Degreefyd_B,2025-12-15,Amity_UG_PG_Admission_2026_Session,Amity_UG_PG_Admission_2026_Session _UP_NB –V2,234.65,3,0,0,0,78,235,0,-,-,-,100%,0
Meta Ads,,FaceBook_Degreefyd_B,2025-12-15,MBA_Admission_2026,MBA_Admission_2026_Video,91.4,0,0,0,0,91,91,0,-,-,-,0%,0
Meta Ads,,FaceBook_Degreefyd_B,2025-12-15,IU Leads Campaign - 17th June 2025,IGNOU MBA -  18th August,1043.8,30,29,0,0,35,36,0,-,-,-,3%,0
Meta Ads,,FaceBook_Degreefyd_B,2025-12-15,GLA MBA,C03,6.67,0,0,0,0,7,7,0,-,-,-,0%,0
Meta Ads,,FaceBook_Degreefyd_B,2025-12-15,GLA MBA,C02,3.85,0,0,0,0,4,4,0,-,-,-,0%,0
Meta Ads,,FaceBook_Degreefyd_B,2025-12-15,GLA MBA,C04,1341.97,28,28,1,0,48,48,0,1341.97,-,-,0%,0
Meta Ads,,FaceBook_Degreefyd_B,2025-12-14,Galgotias_Lead_2026,Galgotias_Leads_2026_P_Ad_01,587.85,19,15,0,0,31,39,0,-,-,-,21%,0
Meta Ads,,FaceBook_Degreefyd_B,2025-12-14,Master-UG&PG-North-09Dec2025,Amity_UG_PG_Admission_2026-Winning-AI,427.87,2,2,0,0,214,214,0,-,-,-,0%,0
Meta Ads,,FaceBook_Degreefyd_B,2025-12-14,GLA MBA,C01,1.99,1,1,0,0,2,2,0,-,-,-,0%,0
Meta Ads,,FaceBook_Degreefyd_B,2025-12-14,GLA MBA,C02,8.67,0,0,0,0,9,9,0,-,-,-,0%,0
Meta Ads,,FaceBook_Degreefyd_B,2025-12-14,GLA MBA,C04,1480.51,34,31,1,0,44,48,0,1480.51,-,-,9%,0
Meta Ads,,FaceBook_Degreefyd_B,2025-12-14,IU Leads Campaign - 17th June 2025,IGNOU MBA -  18th August,1121.44,21,21,0,0,53,53,0,-,-,-,0%,0
Meta Ads,,FaceBook_Degreefyd_B,2025-12-14,Amity_UG_PG_Admission_2026_Session,Amity_UG_PG_Admission_2026_Session _UP_NB –V2,241.54,1,0,0,0,242,242,0,-,-,-,100%,0
Meta Ads,,FaceBook_Degreefyd_B,2025-12-14,MBA_Admission_2026,MBA_Admission_2026_Video,152.88,0,0,0,0,153,153,0,-,-,-,0%,0
Meta Ads,,FaceBook_Degreefyd_B,2025-12-14,Master-UG&PG-North-09Dec2025,MBA_Admission_2026_Video-Winning,212.71,4,2,0,0,53,106,0,-,-,-,50%,0
Meta Ads,,FaceBook_Degreefyd_B,2025-12-14,Manipal University-10Dec2025,Manipal-University-102,193.6,1,1,0,0,194,194,0,-,-,-,0%,0
Meta Ads,,FaceBook_Degreefyd_B,2025-12-14,Master-Cluster1-UG&PG-10Dec2025,C04-Cluster1-C1-AI,689.8,11,9,0,0,63,77,0,-,-,-,18%,0
Meta Ads,,FaceBook_Degreefyd_B,2025-12-14,Master-Cluster1-UG&PG-10Dec2025,C04-Cluster1-C1,214.16,1,1,0,0,214,214,0,-,-,-,0%,0
Meta Ads,,FaceBook_Degreefyd_B,2025-12-14,Master-Cluster1-UG&PG-10Dec2025,C03-Cluster1-C1,74.55,5,2,0,0,15,37,0,-,-,-,60%,0
Meta Ads,,FaceBook_Degreefyd_B,2025-12-14,Master-Cluster1-UG&PG-10Dec2025,101-UGPG-GetDegreeThatStandsOut-Blue-DFYD-Cluster1-C1,1.07,0,0,0,0,1,1,0,-,-,-,0%,0
Meta Ads,,FaceBook_Degreefyd_B,2025-12-14,Master-Cluster1-UG&PG-10Dec2025,Amity_UG_PG_Admission_2026-Cluster1-C1,0.91,0,0,0,0,1,1,0,-,-,-,0%,0
Meta Ads,,FaceBook_Degreefyd_B,2025-12-14,Amity_UG_PG_Admission_2026_Session,Amity_UG_PG_Admission_2026_Session _UP_NB –V2-AI,142.11,3,0,0,0,47,142,0,-,-,-,100%,0
Meta Ads,,FaceBook_Degreefyd_B,2025-12-14,MBA_Admission_2026,MBA_Admission_2026_Static-101,49.1,0,0,0,0,49,49,0,-,-,-,0%,0
Meta Ads,,FaceBook_Degreefyd_B,2025-12-14,Master-UG&PG-North-09Dec2025,MBA_Admission_2026_Static-101-Winning,24.25,0,0,0,0,24,24,0,-,-,-,0%,0
Meta Ads,,FaceBook_Degreefyd_B,2025-12-14,Master-UG&PG-North-09Dec2025,101-UGPG-GetDegreeThatStandsOut-Blue-DFYD-Winning,12.55,0,0,0,0,13,13,0,-,-,-,0%,0
Meta Ads,,FaceBook_Degreefyd_B,2025-12-13,Amity_UG_PG_Admission_2026_Session,Amity_UG_PG_Admission_2026_Session _UP_NB –V2,354.26,0,0,0,0,354,354,0,-,-,-,0%,0
Meta Ads,,FaceBook_Degreefyd_B,2025-12-13,Master-UG&PG-North-09Dec2025,MBA_Admission_2026_Video-Winning,197.01,1,1,0,0,197,197,0,-,-,-,0%,0
Meta Ads,,FaceBook_Degreefyd_B,2025-12-13,Galgotias_Lead_2026,Galgotias_Leads_2026_P_Ad_01,472.85,13,13,0,0,36,36,0,-,-,-,0%,0
Meta Ads,,FaceBook_Degreefyd_B,2025-12-13,MBA_Admission_2026,MBA_Admission_2026_Video,94.04,1,1,0,0,94,94,0,-,-,-,0%,0
Meta Ads,,FaceBook_Degreefyd_B,2025-12-13,Amity_UG_PG_Admission_2026_Session,Amity_UG_PG_Admission_2026_Session _UP_NB –V2-AI,50.51,0,0,0,0,51,51,0,-,-,-,0%,0
Meta Ads,,FaceBook_Degreefyd_B,2025-12-13,IU Leads Campaign - 17th June 2025,IGNOU MBA -  18th August,903.92,21,21,0,0,43,43,0,-,-,-,0%,0
Meta Ads,,FaceBook_Degreefyd_B,2025-12-13,GLA MBA,C04,1223.25,24,26,2,0,51,47,0,611.625,-,-,-8%,0
Meta Ads,,FaceBook_Degreefyd_B,2025-12-13,GLA MBA,C03,5.25,0,0,0,0,5,5,0,-,-,-,0%,0
Meta Ads,,FaceBook_Degreefyd_B,2025-12-13,GLA MBA,C02,7.06,0,0,0,0,7,7,0,-,-,-,0%,0
Meta Ads,,FaceBook_Degreefyd_B,2025-12-13,Manipal University-10Dec2025,Manipal-University-102,104.01,2,2,0,0,52,52,0,-,-,-,0%,0
Meta Ads,,FaceBook_Degreefyd_B,2025-12-13,Master-UG&PG-North-09Dec2025,Amity_UG_PG_Admission_2026-Winning-AI,694.08,6,5,0,0,116,139,0,-,-,-,17%,0
Meta Ads,,FaceBook_Degreefyd_B,2025-12-13,Master-UG&PG-North-09Dec2025,MBA_Admission_2026_Static-102-Winning,2.06,0,0,0,0,2,2,0,-,-,-,0%,0
Meta Ads,,FaceBook_Degreefyd_B,2025-12-13,Master-Cluster1-UG&PG-10Dec2025,C04-Cluster1-C1-AI,448.96,8,6,0,0,56,75,0,-,-,-,25%,0
Meta Ads,,FaceBook_Degreefyd_B,2025-12-13,Master-Cluster1-UG&PG-10Dec2025,C04-Cluster1-C1,148.11,3,3,0,0,49,49,0,-,-,-,0%,0
Meta Ads,,FaceBook_Degreefyd_B,2025-12-13,Master-Cluster1-UG&PG-10Dec2025,C03-Cluster1-C1,43.12,0,0,0,0,43,43,0,-,-,-,0%,0
Meta Ads,,FaceBook_Degreefyd_B,2025-12-13,Master-Cluster1-UG&PG-10Dec2025,101-UGPG-GetDegreeThatStandsOut-Blue-DFYD-Cluster1-C1,0.72,0,0,0,0,1,1,0,-,-,-,0%,0
Meta Ads,,FaceBook_Degreefyd_B,2025-12-13,Master-Cluster1-UG&PG-10Dec2025,Amity_UG_PG_Admission_2026-Cluster1-C1,1.18,0,0,0,0,1,1,0,-,-,-,0%,0
Meta Ads,,FaceBook_Degreefyd_B,2025-12-13,MBA_Admission_2026,MBA_Admission_2026_Static-101,40.37,0,0,0,0,40,40,0,-,-,-,0%,0
Meta Ads,,FaceBook_Degreefyd_B,2025-12-13,Master-UG&PG-North-09Dec2025,MBA_Admission_2026_Static-101-Winning,22.39,0,0,0,0,22,22,0,-,-,-,0%,0
Meta Ads,,FaceBook_Degreefyd_B,2025-12-13,Master-UG&PG-North-09Dec2025,101-UGPG-GetDegreeThatStandsOut-Blue-DFYD-Winning,28.4,0,0,0,0,28,28,0,-,-,-,0%,0
Meta Ads,,FaceBook_Degreefyd_B,2025-12-13,MBA_Admission_2026,MBA_Admission_2026_Static-102,15.43,0,0,0,0,15,15,0,-,-,-,0%,0
Meta Ads,,FaceBook_Degreefyd_B,2025-12-12,Master-UG&PG-North-09Dec2025,C04-Winning,75.74,0,0,0,0,76,76,0,-,-,-,0%,0
Meta Ads,,FaceBook_Degreefyd_B,2025-12-12,MBA_Admission_2026,MBA_Admission_2026_Video,241.31,0,0,0,0,241,241,0,-,-,-,0%,0
Meta Ads,,FaceBook_Degreefyd_B,2025-12-12,Master-UG&PG-North-09Dec2025,C03-Winning,2.68,0,0,0,0,3,3,0,-,-,-,0%,0
Meta Ads,,FaceBook_Degreefyd_B,2025-12-12,Master-UG&PG-North-09Dec2025,Galgotias_Leads_2026_P_Ad_01_Winning,730.72,13,13,0,0,56,56,0,-,-,-,0%,0
Meta Ads,,FaceBook_Degreefyd_B,2025-12-12,Galgotias_Lead_2026,Galgotias_Leads_2026_P_Ad_01,483.49,6,6,0,0,81,81,0,-,-,-,0%,0
Meta Ads,,FaceBook_Degreefyd_B,2025-12-12,Master-Cluster1-UG&PG-10Dec2025,MBA_Admission_2026_Video-Cluster1-C1,0.75,0,0,0,0,1,1,0,-,-,-,0%,0
Meta Ads,,FaceBook_Degreefyd_B,2025-12-12,Amity_UG_PG_Admission_2026_Session,Amity_UG_PG_Admission_2026_Session _UP_NB –V2,384.51,3,0,0,0,128,385,0,-,-,-,100%,0
Meta Ads,,FaceBook_Degreefyd_B,2025-12-12,IU Leads Campaign - 17th June 2025,IGNOU MBA -  18th August,987.64,15,16,0,0,66,62,0,-,-,-,-7%,0
Meta Ads,,FaceBook_Degreefyd_B,2025-12-12,GLA MBA,C04,1327.97,26,24,0,0,51,55,0,-,-,-,8%,0
Meta Ads,,FaceBook_Degreefyd_B,2025-12-12,GLA MBA,C03,0.46,0,0,0,0,0,0,0,-,-,-,0%,0
Meta Ads,,FaceBook_Degreefyd_B,2025-12-12,GLA MBA,C02,3.92,1,1,0,0,4,4,0,-,-,-,0%,0
Meta Ads,,FaceBook_Degreefyd_B,2025-12-12,GLA MBA,C01,1.1,0,0,0,0,1,1,0,-,-,-,0%,0
Meta Ads,,FaceBook_Degreefyd_B,2025-12-12,Manipal University-10Dec2025,Manipal-University-102,167.86,0,0,0,0,168,168,0,-,-,-,0%,0
Meta Ads,,FaceBook_Degreefyd_B,2025-12-12,Master-UG&PG-North-09Dec2025,Amity_UG_PG_Admission_2026-Winning-AI,160.67,2,1,0,0,80,161,0,-,-,-,50%,0
Meta Ads,,FaceBook_Degreefyd_B,2025-12-12,Amity_UG_PG_Admission_2026_Session,Amity_UG_PG_Admission_2026_Session _UP_NB –V2-AI,31.57,0,0,0,0,32,32,0,-,-,-,0%,0
Meta Ads,,FaceBook_Degreefyd_B,2025-12-12,Master-UG&PG-North-09Dec2025,C04-Winning-AI,10.75,0,0,0,0,11,11,0,-,-,-,0%,0
Meta Ads,,FaceBook_Degreefyd_B,2025-12-12,MBA_Admission_2026,MBA_Admission_2026_Static-101,7.74,0,0,0,0,8,8,0,-,-,-,0%,0
Meta Ads,,FaceBook_Degreefyd_B,2025-12-12,Master-Cluster1-UG&PG-10Dec2025,C04-Cluster1-C1-AI,341.44,4,3,0,0,85,114,0,-,-,-,25%,0
Meta Ads,,FaceBook_Degreefyd_B,2025-12-12,North-UG&PG-09Dec2025,101-UGPG-GetDegreeThatStandsOut-Blue-DFYD,40.33,0,0,0,0,40,40,0,-,-,-,0%,0
Meta Ads,,FaceBook_Degreefyd_B,2025-12-12,Master-UG&PG-North-09Dec2025,101-UGPG-GetDegreeThatStandsOut-Blue-DFYD-Winning,2.39,0,0,0,0,2,2,0,-,-,-,0%,0
Meta Ads,,FaceBook_Degreefyd_B,2025-12-12,Master-UG&PG-North-09Dec2025,MBA_Admission_2026_Static-101-Winning,16.14,0,0,0,0,16,16,0,-,-,-,0%,0
Meta Ads,,FaceBook_Degreefyd_B,2025-12-12,Manipal University-10Dec2025,Manipal-University-101,66.29,1,1,0,0,66,66,0,-,-,-,0%,0
Meta Ads,,FaceBook_Degreefyd_B,2025-12-12,North-UG&PG-09Dec2025,102-UGPG-MNC's_Accepted_Degree,145.77,0,0,0,0,146,146,0,-,-,-,0%,0
Meta Ads,,FaceBook_Degreefyd_B,2025-12-12,Master-Cluster1-UG&PG-10Dec2025,101-UGPG-GetDegreeThatStandsOut-Blue-DFYD-Cluster1-C1,2.86,0,0,0,0,3,3,0,-,-,-,0%,0
Meta Ads,,FaceBook_Degreefyd_B,2025-12-12,Master-Cluster1-UG&PG-10Dec2025,C03-Cluster1-C1,44.05,0,0,0,0,44,44,0,-,-,-,0%,0
Meta Ads,,FaceBook_Degreefyd_B,2025-12-12,Master-Cluster1-UG&PG-10Dec2025,C04-Cluster1-C1,229.17,2,1,0,0,115,229,0,-,-,-,50%,0
Meta Ads,,FaceBook_Degreefyd_B,2025-12-12,Master-Cluster1-UG&PG-10Dec2025,Amity_UG_PG_Admission_2026-Cluster1-C1,0.82,0,0,0,0,1,1,0,-,-,-,0%,0
Meta Ads,,FaceBook_Degreefyd_B,2025-12-11,GLA MBA,C02,5.39,0,0,0,0,5,5,0,-,-,-,0%,0
Meta Ads,,FaceBook_Degreefyd_B,2025-12-11,Master-UG&PG-North-09Dec2025,Galgotias_Leads_2026_P_Ad_01_Winning,1709.91,36,35,1,0,47,49,0,1709.91,-,-,3%,0
Meta Ads,,FaceBook_Degreefyd_B,2025-12-11,Master-UG&PG-North-09Dec2025,C04-Winning,178.68,5,0,0,0,36,179,0,-,-,-,100%,0
Meta Ads,,FaceBook_Degreefyd_B,2025-12-11,Master-UG&PG-North-09Dec2025,C03-Winning,4.21,0,0,0,0,4,4,0,-,-,-,0%,0
Meta Ads,,FaceBook_Degreefyd_B,2025-12-11,Master-UG&PG-North-09Dec2025,MBA_Admission_2026_Video-Winning,0.34,0,0,0,0,0,0,0,-,-,-,0%,0
Meta Ads,,FaceBook_Degreefyd_B,2025-12-11,Amity_UG_PG_Admission_2026_Session,Amity_UG_PG_Admission_2026_Session _UP_NB –V2,391.7,1,0,0,0,392,392,0,-,-,-,100%,0
Meta Ads,,FaceBook_Degreefyd_B,2025-12-11,Galgotias_Lead_2026,Galgotias_Leads_2026_P_Ad_01,489.74,9,6,0,0,54,82,0,-,-,-,33%,0
Meta Ads,,FaceBook_Degreefyd_B,2025-12-11,MBA_Admission_2026,MBA_Admission_2026_Video,287.04,1,1,0,0,287,287,0,-,-,-,0%,0
Meta Ads,,FaceBook_Degreefyd_B,2025-12-11,IU Leads Campaign - 17th June 2025,IGNOU MBA -  18th August,1021.67,18,20,1,1,57,51,7437.5,1021.67,1021.67,13.74%,-11%,44625
Meta Ads,,FaceBook_Degreefyd_B,2025-12-11,GLA MBA,C04,1339.09,21,18,0,0,64,74,0,-,-,-,14%,0
Meta Ads,,FaceBook_Degreefyd_B,2025-12-11,Manipal University-10Dec2025,Manipal-University-102,351.76,2,1,0,0,176,352,0,-,-,-,50%,0
Meta Ads,,FaceBook_Degreefyd_B,2025-12-11,Master-UG&PG-North-09Dec2025,Amity_UG_PG_Admission_2026-Winning-AI,2.86,0,0,0,0,3,3,0,-,-,-,0%,0
Meta Ads,,FaceBook_Degreefyd_B,2025-12-11,Master-Cluster1-UG&PG-10Dec2025,Galgotias_Leads_2026_P_Ad_01_Cluster1-C1,70.85,6,5,0,0,12,14,0,-,-,-,17%,0
Meta Ads,,FaceBook_Degreefyd_B,2025-12-11,Master-UG&PG-North-09Dec2025,C04-Winning-AI,23.04,0,0,0,0,23,23,0,-,-,-,0%,0
Meta Ads,,FaceBook_Degreefyd_B,2025-12-11,Master-Cluster1-UG&PG-10Dec2025,Amity_UG_PG_Admission_2026-Cluster1-C1,0.32,0,0,0,0,0,0,0,-,-,-,0%,0
Meta Ads,,FaceBook_Degreefyd_B,2025-12-11,Manipal University-10Dec2025,Manipal-University-101,328.83,0,0,0,0,329,329,0,-,-,-,0%,0
Meta Ads,,FaceBook_Degreefyd_B,2025-12-11,North-UG&PG-09Dec2025,101-UGPG-GetDegreeThatStandsOut-Blue-DFYD,468.68,1,0,0,0,469,469,0,-,-,-,100%,0
Meta Ads,,FaceBook_Degreefyd_B,2025-12-11,Master-UG&PG-North-09Dec2025,101-UGPG-GetDegreeThatStandsOut-Blue-DFYD-Winning,0.44,0,0,0,0,0,0,0,-,-,-,0%,0
Meta Ads,,FaceBook_Degreefyd_B,2025-12-11,Master-Cluster1-UG&PG-10Dec2025,C04-Cluster1-C1-AI,514.09,9,8,0,0,57,64,0,-,-,-,11%,0
Meta Ads,,FaceBook_Degreefyd_B,2025-12-11,Amity_UG_PG_Admission_2026_Session,Amity_UG_PG_Admission_2026_Session _UP_NB –V2-AI,27.45,0,0,0,0,27,27,0,-,-,-,0%,0
Meta Ads,,FaceBook_Degreefyd_B,2025-12-11,North-UG&PG-09Dec2025,102-UGPG-MNC's_Accepted_Degree,380.19,0,0,0,0,380,380,0,-,-,-,0%,0
Meta Ads,,FaceBook_Degreefyd_B,2025-12-11,Master-Cluster1-UG&PG-10Dec2025,101-UGPG-GetDegreeThatStandsOut-Blue-DFYD-Cluster1-C1,4.15,0,0,0,0,4,4,0,-,-,-,0%,0
Meta Ads,,FaceBook_Degreefyd_B,2025-12-11,Master-Cluster1-UG&PG-10Dec2025,MBA_Admission_2026_Video-Cluster1-C1,2.22,0,0,0,0,2,2,0,-,-,-,0%,0
Meta Ads,,FaceBook_Degreefyd_B,2025-12-11,Master-Cluster1-UG&PG-10Dec2025,C03-Cluster1-C1,44.85,1,1,0,0,45,45,0,-,-,-,0%,0
Meta Ads,,FaceBook_Degreefyd_B,2025-12-11,Master-Cluster1-UG&PG-10Dec2025,C04-Cluster1-C1,218.01,8,5,0,0,27,44,0,-,-,-,38%,0
Meta Ads,,FaceBook_Degreefyd_B,2025-12-10,MBA_Admission_2026,MBA_Admission_2026_Video,295.77,3,3,0,0,99,99,0,-,-,-,0%,0
Meta Ads,,FaceBook_Degreefyd_B,2025-12-10,Master-UG&PG-North-09Dec2025,C03-Winning,1.89,0,0,0,0,2,2,0,-,-,-,0%,0
Meta Ads,,FaceBook_Degreefyd_B,2025-12-10,Master-UG&PG-North-09Dec2025,MBA_Admission_2026_Video-Winning,5.13,0,0,0,0,5,5,0,-,-,-,0%,0
Meta Ads,,FaceBook_Degreefyd_B,2025-12-10,Master-UG&PG-North-09Dec2025,Galgotias_Leads_2026_P_Ad_01_Winning,811.9,18,15,0,0,45,54,0,-,-,-,17%,0
Meta Ads,,FaceBook_Degreefyd_B,2025-12-10,Galgotias_Lead_2026,Galgotias_Leads_2026_P_Ad_01,550.31,14,12,0,0,39,46,0,-,-,-,14%,0
Meta Ads,,FaceBook_Degreefyd_B,2025-12-10,Master-UG&PG-North-09Dec2025,Amity_UG_PG_Admission_2026-Winning-AI,2.61,0,0,0,0,3,3,0,-,-,-,0%,0
Meta Ads,,FaceBook_Degreefyd_B,2025-12-10,Amity_UG_PG_Admission_2026_Session,Amity_UG_PG_Admission_2026_Session _UP_NB –V2,483.91,2,0,0,0,242,484,0,-,-,-,100%,0
Meta Ads,,FaceBook_Degreefyd_B,2025-12-10,IU Leads Campaign - 17th June 2025,IGNOU MBA -  18th August,1028.07,17,17,0,0,60,60,0,-,-,-,0%,0
Meta Ads,,FaceBook_Degreefyd_B,2025-12-10,GLA MBA,C04,1405.19,44,43,0,0,32,33,0,-,-,-,2%,0
Meta Ads,,FaceBook_Degreefyd_B,2025-12-10,GLA MBA,C03,8.37,0,0,0,0,8,8,0,-,-,-,0%,0
Meta Ads,,FaceBook_Degreefyd_B,2025-12-10,GLA MBA,C02,4.16,0,0,0,0,4,4,0,-,-,-,0%,0
Meta Ads,,FaceBook_Degreefyd_B,2025-12-10,Master-UG&PG-North-09Dec2025,C04-Winning,242.9,5,0,0,0,49,243,0,-,-,-,100%,0
Meta Ads,,FaceBook_Degreefyd_B,2025-12-10,Master-UG&PG-North-09Dec2025,C04-Winning-AI,19.68,0,0,0,0,20,20,0,-,-,-,0%,0
Meta Ads,,FaceBook_Degreefyd_B,2025-12-10,Manipal University-10Dec2025,Manipal-University-102,263.06,1,1,0,0,263,263,0,-,-,-,0%,0
Meta Ads,,FaceBook_Degreefyd_B,2025-12-10,Manipal University-10Dec2025,Manipal-University-101,228.2,1,1,0,0,228,228,0,-,-,-,0%,0
Meta Ads,,FaceBook_Degreefyd_B,2025-12-10,North-UG&PG-09Dec2025,101-UGPG-GetDegreeThatStandsOut-Blue-DFYD,219.35,0,0,0,0,219,219,0,-,-,-,0%,0
Meta Ads,,FaceBook_Degreefyd_B,2025-12-10,North-UG&PG-09Dec2025,102-UGPG-MNC's_Accepted_Degree,3.95,0,0,0,0,4,4,0,-,-,-,0%,0
Meta Ads,,FaceBook_Degreefyd_B,2025-12-10,Master-UG&PG-North-09Dec2025,101-UGPG-GetDegreeThatStandsOut-Blue-DFYD-Winning,0.55,0,0,0,0,1,1,0,-,-,-,0%,0
Meta Ads,,FaceBook_Degreefyd_B,2025-12-10,Master-Cluster1-UG&PG-10Dec2025,Galgotias_Leads_2026_P_Ad_01_Cluster1-C1,8.55,0,0,0,0,9,9,0,-,-,-,0%,0
Meta Ads,,FaceBook_Degreefyd_B,2025-12-10,Master-Cluster1-UG&PG-10Dec2025,MBA_Admission_2026_Video-Cluster1-C1,0.01,0,0,0,0,0,0,0,-,-,-,0%,0
Meta Ads,,FaceBook_Degreefyd_B,2025-12-10,Master-Cluster1-UG&PG-10Dec2025,C03-Cluster1-C1,0.82,0,0,0,0,1,1,0,-,-,-,0%,0
Meta Ads,,FaceBook_Degreefyd_B,2025-12-10,Master-Cluster1-UG&PG-10Dec2025,C04-Cluster1-C1,0.32,0,0,0,0,0,0,0,-,-,-,0%,0
Meta Ads,,FaceBook_Degreefyd_B,2025-12-10,Master-Cluster1-UG&PG-10Dec2025,C04-Cluster1-C1-AI,13.27,0,0,0,0,13,13,0,-,-,-,0%,0
Meta Ads,,FaceBook_Degreefyd_B,2025-12-09,Manipal University 2026,Manipal AdC1,122.55,0,0,0,0,123,123,0,-,-,-,0%,0
Meta Ads,,FaceBook_Degreefyd_B,2025-12-09,GLA MBA,C01,0.13,0,0,0,0,0,0,0,-,-,-,0%,0
Meta Ads,,FaceBook_Degreefyd_B,2025-12-09,GLA MBA,C02,8.09,0,0,0,0,8,8,0,-,-,-,0%,0
Meta Ads,,FaceBook_Degreefyd_B,2025-12-09,GLA MBA,C03,0.19,0,0,0,0,0,0,0,-,-,-,0%,0
Meta Ads,,FaceBook_Degreefyd_B,2025-12-09,GLA MBA,C04,1461.46,36,34,0,0,41,43,0,-,-,-,6%,0
Meta Ads,,FaceBook_Degreefyd_B,2025-12-09,Amity_UG_PG_Admission_2026_Session,Amity_UG_PG_Admission_2026_Session _UP_NB –V2,485.52,6,0,0,0,81,486,0,-,-,-,100%,0
Meta Ads,,FaceBook_Degreefyd_B,2025-12-09,MBA_Admission_2026,MBA_Admission_2026_Video,320.04,1,1,0,0,320,320,0,-,-,-,0%,0
Meta Ads,,FaceBook_Degreefyd_B,2025-12-09,Galgotias_Lead_2026,Galgotias_Leads_2026_P_Ad_01,646.61,19,21,0,0,34,31,0,-,-,-,-11%,0
Meta Ads,,FaceBook_Degreefyd_B,2025-12-09,IU Leads Campaign - 17th June 2025,IGNOU MBA -  18th August,1090.16,19,17,0,0,57,64,0,-,-,-,11%,0
Meta Ads,,FaceBook_Degreefyd_B,2025-12-09,Master-UG&PG-North-09Dec2025,Galgotias_Leads_2026_P_Ad_01_Winning,290.88,11,5,0,0,26,58,0,-,-,-,55%,0
Meta Ads,,FaceBook_Degreefyd_B,2025-12-09,Master-UG&PG-North-09Dec2025,MBA_Admission_2026_Video-Winning,0.38,0,0,0,0,0,0,0,-,-,-,0%,0
Meta Ads,,FaceBook_Degreefyd_B,2025-12-09,Master-UG&PG-North-09Dec2025,C03-Winning,11.18,0,0,0,0,11,11,0,-,-,-,0%,0
Meta Ads,,FaceBook_Degreefyd_B,2025-12-09,Master-UG&PG-North-09Dec2025,C04-Winning,127.47,4,0,0,0,32,127,0,-,-,-,100%,0
Meta Ads,,FaceBook_Degreefyd_B,2025-12-09,Master-UG&PG-North-09Dec2025,Amity_UG_PG_Admission_2026-Winning-AI,1.09,0,0,0,0,1,1,0,-,-,-,0%,0
Meta Ads,,FaceBook_Degreefyd_B,2025-12-09,Test - North-UG&PG-08Dec2025,101-UGPG-GetDegreeThatStandsOut-Blue-DFYD,168.88,0,0,0,0,169,169,0,-,-,-,0%,0
Meta Ads,,FaceBook_Degreefyd_B,2025-12-09,North-UG&PG-08Dec2025,101-UGPG-GetDegreeThatStandsOut-Blue-DFYD,81.33,1,0,0,0,81,81,0,-,-,-,100%,0
Meta Ads,,FaceBook_Degreefyd_B,2025-12-09,Master-UG&PG-North-09Dec2025,101-UGPG-GetDegreeThatStandsOut-Blue-DFYD-Winning,0.12,0,0,0,0,0,0,0,-,-,-,0%,0
Meta Ads,,FaceBook_Degreefyd_B,2025-12-08,GLA MBA,C02,7.81,0,0,0,0,8,8,0,-,-,-,0%,0
Meta Ads,,FaceBook_Degreefyd_B,2025-12-08,GLA MBA,C03,0.57,0,0,0,0,1,1,0,-,-,-,0%,0
Meta Ads,,FaceBook_Degreefyd_B,2025-12-08,GLA MBA,C04,998.31,17,16,1,0,59,62,0,998.31,-,-,6%,0
Meta Ads,,FaceBook_Degreefyd_B,2025-12-08,IU Leads Campaign - 17th June 2025,IGNOU MBA -  18th August,460.4,19,18,0,0,24,26,0,-,-,-,5%,0
Meta Ads,,FaceBook_Degreefyd_B,2025-12-08,Amity_UG_PG_Admission_2026_Session,Amity_UG_PG_Admission_2026_Session _UP_NB –V2,326.22,4,0,0,0,82,326,0,-,-,-,100%,0
Meta Ads,,FaceBook_Degreefyd_B,2025-12-08,MBA_Admission_2026,MBA_Admission_2026_Video,189.75,3,3,0,0,63,63,0,-,-,-,0%,0
Meta Ads,,FaceBook_Degreefyd_B,2025-12-08,Manipal University 2026,Manipal AdC1,277.34,0,0,0,0,277,277,0,-,-,-,0%,0
Meta Ads,,FaceBook_Degreefyd_B,2025-12-08,Test - North-UG&PG-08Dec2025,101-UGPG-GetDegreeThatStandsOut-Blue-DFYD,7.29,0,0,0,0,7,7,0,-,-,-,0%,0
Meta Ads,,FaceBook_Degreefyd_B,2025-12-08,North-UG&PG-08Dec2025,101-UGPG-GetDegreeThatStandsOut-Blue-DFYD,55.36,0,0,0,0,55,55,0,-,-,-,0%,0
Meta Ads,,FaceBook_Degreefyd_B,2025-12-08,Galgotias_Lead_2026,Galgotias_Leads_2026_P_Ad_01,430.07,7,7,0,0,61,61,0,-,-,-,0%,0
Meta Ads,,FaceBook_Degreefyd_B,2025-12-07,GLA MBA,C04,1280.7,23,23,0,0,56,56,0,-,-,-,0%,0
Meta Ads,,FaceBook_Degreefyd_B,2025-12-07,GLA MBA,C01,0.69,1,0,0,0,1,1,0,-,-,-,100%,0
Meta Ads,,FaceBook_Degreefyd_B,2025-12-07,GLA MBA,C02,7.12,0,0,0,0,7,7,0,-,-,-,0%,0
Meta Ads,,FaceBook_Degreefyd_B,2025-12-07,GLA MBA,C03,1.19,0,0,0,0,1,1,0,-,-,-,0%,0
Meta Ads,,FaceBook_Degreefyd_B,2025-12-07,MBA_Admission_2026,MBA_Admission_2026_Video,285.64,5,5,0,0,57,57,0,-,-,-,0%,0
Meta Ads,,FaceBook_Degreefyd_B,2025-12-07,IU Leads Campaign - 17th June 2025,IGNOU MBA -  18th August,589.76,20,20,5,4,29,29,196500,117.952,147.44,0.30%,0%,207000
Meta Ads,,FaceBook_Degreefyd_B,2025-12-07,Amity_UG_PG_Admission_2026_Session,Amity_UG_PG_Admission_2026_Session _UP_NB –V2,474.35,8,0,0,0,59,474,0,-,-,-,100%,0
Meta Ads,,FaceBook_Degreefyd_B,2025-12-07,Galgotias_Lead_2026,Galgotias_Leads_2026_P_Ad_01,500.28,9,7,0,0,56,71,0,-,-,-,22%,0
Meta Ads,,FaceBook_Degreefyd_B,2025-12-07,Manipal University 2026,Manipal AdC1,414.85,3,3,0,0,138,138,0,-,-,-,0%,0
Meta Ads,,FaceBook_Degreefyd_B,2025-12-06,IU Leads Campaign - 17th June 2025,IGNOU MBA -  18th August,364.49,9,9,0,0,40,40,0,-,-,-,0%,0
Meta Ads,,FaceBook_Degreefyd_B,2025-12-06,GLA MBA,C02,3.74,0,0,0,0,4,4,0,-,-,-,0%,0
Meta Ads,,FaceBook_Degreefyd_B,2025-12-06,GLA MBA,C04,770.9,17,12,0,0,45,64,0,-,-,-,29%,0
Meta Ads,,FaceBook_Degreefyd_B,2025-12-06,Amity_UG_PG_Admission_2026_Session,Amity_UG_PG_Admission_2026_Session _UP_NB –V2,333.96,5,0,0,0,67,334,0,-,-,-,100%,0
Meta Ads,,FaceBook_Degreefyd_B,2025-12-06,MBA_Admission_2026,MBA_Admission_2026_Video,197.55,4,3,0,0,49,66,0,-,-,-,25%,0
Meta Ads,,FaceBook_Degreefyd_B,2025-12-06,Galgotias_Lead_2026,Galgotias_Leads_2026_P_Ad_01,332.45,9,8,0,0,37,42,0,-,-,-,11%,0
Meta Ads,,FaceBook_Degreefyd_B,2025-12-06,Manipal University 2026,Manipal AdC1,304.09,3,3,0,0,101,101,0,-,-,-,0%,0
Meta Ads,,FaceBook_Degreefyd_B,2025-12-05,IU Leads Campaign - 17th June 2025,IGNOU MBA -  18th August,480.66,11,10,0,0,44,48,0,-,-,-,9%,0
Meta Ads,,FaceBook_Degreefyd_B,2025-12-05,GLA MBA,C02,8.85,0,0,0,0,9,9,0,-,-,-,0%,0
Meta Ads,,FaceBook_Degreefyd_B,2025-12-05,GLA MBA,C03,33.8,0,0,0,0,34,34,0,-,-,-,0%,0
Meta Ads,,FaceBook_Degreefyd_B,2025-12-05,GLA MBA,C04,967.71,20,17,0,0,48,57,0,-,-,-,15%,0
Meta Ads,,FaceBook_Degreefyd_B,2025-12-05,Amity_UG_PG_Admission_2026_Session,Amity_UG_PG_Admission_2026_Session _UP_NB,6.06,0,0,0,0,6,6,0,-,-,-,0%,0
Meta Ads,,FaceBook_Degreefyd_B,2025-12-05,Amity_UG_PG_Admission_2026_Session,Amity_UG_PG_Admission_2026_Session _UP_NB –V2,450.51,5,0,0,0,90,451,0,-,-,-,100%,0
Meta Ads,,FaceBook_Degreefyd_B,2025-12-05,MBA_Admission_2026,MBA_Admission_2026_Video,257.61,3,2,0,0,86,129,0,-,-,-,33%,0
Meta Ads,,FaceBook_Degreefyd_B,2025-12-05,Galgotias_Lead_2026,Galgotias_Leads_2026_P_Ad_01,405.46,6,6,0,0,68,68,0,-,-,-,0%,0
Meta Ads,,FaceBook_Degreefyd_B,2025-12-05,Manipal University 2026,Manipal AdC1,365.72,4,3,0,0,91,122,0,-,-,-,25%,0
Meta Ads,,FaceBook_Degreefyd_B,2025-12-04,IU Leads Campaign - 17th June 2025,IGNOU MBA -  18th August,386.97,9,8,0,0,43,48,0,-,-,-,11%,0
Meta Ads,,FaceBook_Degreefyd_B,2025-12-04,GLA MBA,C01,0.06,0,0,0,0,0,0,0,-,-,-,0%,0
Meta Ads,,FaceBook_Degreefyd_B,2025-12-04,GLA MBA,C02,3.27,0,0,0,0,3,3,0,-,-,-,0%,0
Meta Ads,,FaceBook_Degreefyd_B,2025-12-04,GLA MBA,C03,22.23,1,1,0,0,22,22,0,-,-,-,0%,0
Meta Ads,,FaceBook_Degreefyd_B,2025-12-04,GLA MBA,C04,837.03,15,13,0,0,56,64,0,-,-,-,13%,0
Meta Ads,,FaceBook_Degreefyd_B,2025-12-04,Manipal University 2026,Manipal AdC1,309.46,4,4,0,0,77,77,0,-,-,-,0%,0
Meta Ads,,FaceBook_Degreefyd_B,2025-12-04,Amity_UG_PG_Admission_2026_Session,Amity_UG_PG_Admission_2026_Session _UP_NB,98.04,0,0,0,0,98,98,0,-,-,-,0%,0
Meta Ads,,FaceBook_Degreefyd_B,2025-12-04,Amity_UG_PG_Admission_2026_Session,Amity_UG_PG_Admission_2026_Session _UP_NB –V2,253.99,3,0,0,0,85,254,0,-,-,-,100%,0
Meta Ads,,FaceBook_Degreefyd_B,2025-12-04,MBA_Admission_2026,MBA_Admission_2026_Video,224.42,2,2,0,0,112,112,0,-,-,-,0%,0
Meta Ads,,FaceBook_Degreefyd_B,2025-12-04,Galgotias_Lead_2026,Galgotias_Leads_2026_P_Ad_01,357.97,12,11,2,2,30,33,16500,178.985,178.985,2.17%,8%,33000
Meta Ads,,FaceBook_Degreefyd_B,2025-12-03,GLA MBA,C04,774.19,11,10,0,0,70,77,0,-,-,-,9%,0
Meta Ads,,FaceBook_Degreefyd_B,2025-12-03,GLA MBA,C01,0.23,0,0,0,0,0,0,0,-,-,-,0%,0
Meta Ads,,FaceBook_Degreefyd_B,2025-12-03,GLA MBA,C02,2.92,0,0,0,0,3,3,0,-,-,-,0%,0
Meta Ads,,FaceBook_Degreefyd_B,2025-12-03,GLA MBA,C03,60.38,0,0,0,0,60,60,0,-,-,-,0%,0
Meta Ads,,FaceBook_Degreefyd_B,2025-12-03,Amity_UG_PG_Admission_2026_Session,Amity_UG_PG_Admission_2026_Session _UP_NB –V2,219.6,4,0,0,0,55,220,0,-,-,-,100%,0
Meta Ads,,FaceBook_Degreefyd_B,2025-12-03,Manipal University 2026,Manipal AdC1,298.73,3,3,0,0,100,100,0,-,-,-,0%,0
Meta Ads,,FaceBook_Degreefyd_B,2025-12-03,IU Leads Campaign - 17th June 2025,IGNOU MBA -  18th August,406.37,8,8,0,0,51,51,0,-,-,-,0%,0
Meta Ads,,FaceBook_Degreefyd_B,2025-12-03,Amity_UG_PG_Admission_2026_Session,Amity_UG_PG_Admission_2026_Session _UP_NB,142.43,1,1,0,0,142,142,0,-,-,-,0%,0
Meta Ads,,FaceBook_Degreefyd_B,2025-12-03,MBA_Admission_2026,MBA_Admission_2026_Video,208.52,3,3,0,0,70,70,0,-,-,-,0%,0
Meta Ads,,FaceBook_Degreefyd_B,2025-12-03,Galgotias_Lead_2026,Galgotias_Leads_2026_P_Ad_01,365.04,18,17,0,0,20,21,0,-,-,-,6%,0
Meta Ads,,FaceBook_Degreefyd_B,2025-12-02,GLA MBA,C01,12.33,0,0,0,0,12,12,0,-,-,-,0%,0
Meta Ads,,FaceBook_Degreefyd_B,2025-12-02,GLA MBA,C02,0.94,0,0,0,0,1,1,0,-,-,-,0%,0
Meta Ads,,FaceBook_Degreefyd_B,2025-12-02,GLA MBA,C03,97.28,0,0,0,0,97,97,0,-,-,-,0%,0
Meta Ads,,FaceBook_Degreefyd_B,2025-12-02,GLA MBA,C04,648.7,13,13,0,0,50,50,0,-,-,-,0%,0
Meta Ads,,FaceBook_Degreefyd_B,2025-12-02,IU Leads Campaign - 17th June 2025,IGNOU MBA -  18th August,363.99,6,6,1,0,61,61,0,363.99,-,-,0%,0
Meta Ads,,FaceBook_Degreefyd_B,2025-12-02,Amity_UG_PG_Admission_2026_Session,Amity_UG_PG_Admission_2026_Session _UP_NB,142.23,1,1,0,0,142,142,0,-,-,-,0%,0
Meta Ads,,FaceBook_Degreefyd_B,2025-12-02,Amity_UG_PG_Admission_2026_Session,Amity_UG_PG_Admission_2026_Session _UP_NB –V2,180.46,3,0,0,0,60,180,0,-,-,-,100%,0
Meta Ads,,FaceBook_Degreefyd_B,2025-12-02,MBA_Admission_2026,MBA_Admission_2026_Video,220.45,3,3,0,0,73,73,0,-,-,-,0%,0
Meta Ads,,FaceBook_Degreefyd_B,2025-12-02,Galgotias_Lead_2026,Galgotias_Leads_2026_P_Ad_01,335.66,12,11,0,0,28,31,0,-,-,-,8%,0
Meta Ads,,FaceBook_Degreefyd_B,2025-12-02,Manipal University 2026,Manipal AdC1,311.63,3,3,0,0,104,104,0,-,-,-,0%,0
Meta Ads,,FaceBook_Degreefyd_B,2025-12-01,IU Leads Campaign - 17th June 2025,IGNOU MBA -  18th August,425.51,7,6,0,0,61,71,0,-,-,-,14%,0
Meta Ads,,FaceBook_Degreefyd_B,2025-12-01,GLA MBA,C02,0.75,0,0,0,0,1,1,0,-,-,-,0%,0
Meta Ads,,FaceBook_Degreefyd_B,2025-12-01,GLA MBA,C03,103.98,0,0,0,0,104,104,0,-,-,-,0%,0
Meta Ads,,FaceBook_Degreefyd_B,2025-12-01,GLA MBA,C04,714.83,14,16,0,0,51,45,0,-,-,-,-14%,0
Meta Ads,,FaceBook_Degreefyd_B,2025-12-01,GLA MBA,C01,38.3,0,0,0,0,38,38,0,-,-,-,0%,0
Meta Ads,,FaceBook_Degreefyd_B,2025-12-01,Amity_UG_PG_Admission_2026_Session,Amity_UG_PG_Admission_2026_Session _UP_NB,262.58,2,2,0,0,131,131,0,-,-,-,0%,0
Meta Ads,,FaceBook_Degreefyd_B,2025-12-01,Amity_UG_PG_Admission_2026_Session,Amity_UG_PG_Admission_2026_Session _UP_NB –V2,119.92,3,0,0,0,40,120,0,-,-,-,100%,0
Meta Ads,,FaceBook_Degreefyd_B,2025-12-01,MBA_Admission_2026,MBA_Admission_2026_Video,230.04,3,2,0,0,77,115,0,-,-,-,33%,0
Meta Ads,,FaceBook_Degreefyd_B,2025-12-01,Galgotias_Lead_2026,Galgotias_Leads_2026_P_Ad_01,377.6,9,9,0,0,42,42,0,-,-,-,0%,0
Meta Ads,,FaceBook_Degreefyd_B,2025-12-01,Manipal University 2026,Manipal AdC1,411.11,7,6,0,0,59,69,0,-,-,-,14%,0
Meta Ads,,FaceBook_Degreefyd_B,2025-11-30,GLA MBA,C03,38.04,0,0,0,0,38,38,0,-,-,-,0%,0
Meta Ads,,FaceBook_Degreefyd_B,2025-11-30,MBA_Admission_2026,MBA_Admission_2026_Video,274.41,5,5,0,0,55,55,0,-,-,-,0%,0
Meta Ads,,FaceBook_Degreefyd_B,2025-11-30,GLA MBA,C02,2.11,0,0,0,0,2,2,0,-,-,-,0%,0
Meta Ads,,FaceBook_Degreefyd_B,2025-11-30,IU Leads Campaign - 17th June 2025,IGNOU MBA -  18th August,454.2,3,3,0,0,151,151,0,-,-,-,0%,0
Meta Ads,,FaceBook_Degreefyd_B,2025-11-30,GLA MBA,C04,840.44,13,12,0,0,65,70,0,-,-,-,8%,0
Meta Ads,,FaceBook_Degreefyd_B,2025-11-30,Manipal University 2026,Manipal AdC1,378.64,2,2,0,0,189,189,0,-,-,-,0%,0
Meta Ads,,FaceBook_Degreefyd_B,2025-11-30,Amity_UG_PG_Admission_2026_Session,Amity_UG_PG_Admission_2026_Session _UP_NB,265.21,5,4,0,0,53,66,0,-,-,-,20%,0
Meta Ads,,FaceBook_Degreefyd_B,2025-11-30,Amity_UG_PG_Admission_2026_Session,Amity_UG_PG_Admission_2026_Session _UP_NB –V2,167.56,1,0,0,0,168,168,0,-,-,-,100%,0
Meta Ads,,FaceBook_Degreefyd_B,2025-11-30,Galgotias_Lead_2026,Galgotias_Leads_2026_P_Ad_01,362.51,8,8,0,0,45,45,0,-,-,-,0%,0
Meta Ads,,FaceBook_Degreefyd_B,2025-11-29,IU Leads Campaign - 17th June 2025,IGNOU MBA -  18th August,313.84,8,7,0,0,39,45,0,-,-,-,13%,0
Meta Ads,,FaceBook_Degreefyd_B,2025-11-29,GLA MBA,C02,7.37,0,0,0,0,7,7,0,-,-,-,0%,0
Meta Ads,,FaceBook_Degreefyd_B,2025-11-29,GLA MBA,C03,45.31,0,0,0,0,45,45,0,-,-,-,0%,0
Meta Ads,,FaceBook_Degreefyd_B,2025-11-29,GLA MBA,C04,653.92,18,14,0,0,36,47,0,-,-,-,22%,0
Meta Ads,,FaceBook_Degreefyd_B,2025-11-29,GLA MBA,C01,7.13,0,0,0,0,7,7,0,-,-,-,0%,0
Meta Ads,,FaceBook_Degreefyd_B,2025-11-29,Amity_UG_PG_Admission_2026_Session,Amity_UG_PG_Admission_2026_Session _UP_NB,153.5,4,2,0,0,38,77,0,-,-,-,50%,0
Meta Ads,,FaceBook_Degreefyd_B,2025-11-29,MBA_Admission_2026,MBA_Admission_2026_Video,183.34,1,2,0,0,183,92,0,-,-,-,-100%,0
Meta Ads,,FaceBook_Degreefyd_B,2025-11-29,Galgotias_Lead_2026,Galgotias_Leads_2026_P_Ad_01,288.42,14,14,2,1,21,21,16500,144.21,288.42,1.75%,0%,33000
Meta Ads,,FaceBook_Degreefyd_B,2025-11-29,Manipal University 2026,Manipal AdC1,491.68,1,1,1,0,492,492,0,491.68,-,-,0%,0
Meta Ads,,FaceBook_Degreefyd_B,2025-11-29,Amity_UG_PG_Admission_2026_Session,Amity_UG_PG_Admission_2026_Session _UP_NB –V2,168.26,3,0,0,0,56,168,0,-,-,-,100%,0
Meta Ads,,FaceBook_Degreefyd_B,2025-11-28,IU Leads Campaign - 17th June 2025,IGNOU MBA -  18th August,418.8,6,5,0,0,70,84,0,-,-,-,17%,0
Meta Ads,,FaceBook_Degreefyd_B,2025-11-28,GLA MBA,C02,8.13,0,0,0,0,8,8,0,-,-,-,0%,0
Meta Ads,,FaceBook_Degreefyd_B,2025-11-28,GLA MBA,C03,78.12,4,3,0,0,20,26,0,-,-,-,25%,0
Meta Ads,,FaceBook_Degreefyd_B,2025-11-28,GLA MBA,C04,709.44,26,26,2,1,27,27,4908.75,354.72,709.44,14.45%,0%,33870.375
Meta Ads,,FaceBook_Degreefyd_B,2025-11-28,MBA_Admission_2026,MBA_Admission_2026_Video,253.73,3,3,0,0,85,85,0,-,-,-,0%,0
Meta Ads,,FaceBook_Degreefyd_B,2025-11-28,Amity_UG_PG_Admission_2026_Session,Amity_UG_PG_Admission_2026_Session _UP_NB,198.79,0,0,0,0,199,199,0,-,-,-,0%,0
Meta Ads,,FaceBook_Degreefyd_B,2025-11-28,Amity_UG_PG_Admission_2026_Session,Amity_UG_PG_Admission_2026_Session _UP_NB –V2,105.78,2,0,0,0,53,106,0,-,-,-,100%,0
Meta Ads,,FaceBook_Degreefyd_B,2025-11-28,Galgotias_Lead_2026,Galgotias_Leads_2026_P_Ad_01,318.21,16,15,2,1,20,21,16500,159.105,318.21,1.93%,6%,33000
Meta Ads,,FaceBook_Degreefyd_B,2025-11-28,Amity_LAL_2026_Session,Amity_LAL_2026_Session_Amity_LAL_2026_Session_West+Rest_Ad1,0.02,0,0,0,0,0,0,0,-,-,-,0%,0
Meta Ads,,FaceBook_Degreefyd_B,2025-11-27,GLA MBA,C03,77.04,2,2,0,0,39,39,0,-,-,-,0%,0
Meta Ads,,FaceBook_Degreefyd_B,2025-11-27,GLA MBA,C01,5.66,0,0,0,0,6,6,0,-,-,-,0%,0
Meta Ads,,FaceBook_Degreefyd_B,2025-11-27,GLA MBA,C02,3.28,0,0,0,0,3,3,0,-,-,-,0%,0
Meta Ads,,FaceBook_Degreefyd_B,2025-11-27,IU Leads Campaign - 17th June 2025,IGNOU MBA -  18th August,382.75,2,1,0,0,191,383,0,-,-,-,50%,0
Meta Ads,,FaceBook_Degreefyd_B,2025-11-27,GLA MBA,C04,753.73,19,18,0,0,40,42,0,-,-,-,5%,0
Meta Ads,,FaceBook_Degreefyd_B,2025-11-27,Amity_UG_PG_Admission_2026_Session,Amity_UG_PG_Admission_2026_Session _UP_NB,259.19,2,1,0,0,130,259,0,-,-,-,50%,0
Meta Ads,,FaceBook_Degreefyd_B,2025-11-27,Amity_UG_PG_Admission_2026_Session,Amity_UG_PG_Admission_2026_Session _UP_NB –V2,46.59,0,0,0,0,47,47,0,-,-,-,0%,0
Meta Ads,,FaceBook_Degreefyd_B,2025-11-26,IU Leads Campaign - 17th June 2025,IGNOU MBA -  18th August,314.59,11,11,0,0,29,29,0,-,-,-,0%,0
Meta Ads,,FaceBook_Degreefyd_B,2025-11-26,GLA MBA,C01,3.68,0,0,0,0,4,4,0,-,-,-,0%,0
Meta Ads,,FaceBook_Degreefyd_B,2025-11-26,GLA MBA,C03,96.6,1,0,0,0,97,97,0,-,-,-,100%,0
Meta Ads,,FaceBook_Degreefyd_B,2025-11-26,GLA MBA,C04,731.85,21,20,1,0,35,37,0,731.85,-,-,5%,0
Meta Ads,,FaceBook_Degreefyd_B,2025-11-26,GLA MBA,C02,4.62,0,0,0,0,5,5,0,-,-,-,0%,0
Meta Ads,,FaceBook_Degreefyd_B,2025-11-26,Amity_UG_PG_Admission_2026_Session,Amity_UG_PG_Admission_2026_Session _UP_NB,274.5,3,3,0,0,92,92,0,-,-,-,0%,0
Meta Ads,,FaceBook_Degreefyd_B,2025-11-26,Amity_UG_PG_Admission_2026_Session,Amity_UG_PG_Admission_2026_Session _UP_NB –V2,38.14,1,0,0,0,38,38,0,-,-,-,100%,0
Meta Ads,,FaceBook_Degreefyd_B,2025-11-26,Amity_LAL_2026_Session,Amity_LAL_2026_Session_North_Ad1,0.02,0,0,0,0,0,0,0,-,-,-,0%,0
Meta Ads,,FaceBook_Degreefyd_B,2025-11-26,Amity_LAL_2026_Session,Amity_LAL_2026_Session_Amity_LAL_2026_Session_West+Rest_Ad1,0.03,0,0,0,0,0,0,0,-,-,-,0%,0
Meta Ads,,FaceBook_Degreefyd_B,2025-11-25,Amity_LAL_2026_Session,Amity_LAL_2026_Session_Amity_LAL_2026_Session_West+Rest_Ad1,0.26,0,0,0,0,0,0,0,-,-,-,0%,0
Meta Ads,,FaceBook_Degreefyd_B,2025-11-25,Amity_LAL_2026_Session,Amity_LAL_2026_Session_North_Ad1,1.8,0,0,0,0,2,2,0,-,-,-,0%,0
Meta Ads,,FaceBook_Degreefyd_B,2025-11-25,Amity_UG_PG_Admission_2026_Session,Amity_UG_PG_Admission_2026_Session _UP_NB,257.42,2,2,0,0,129,129,0,-,-,-,0%,0
Meta Ads,,FaceBook_Degreefyd_B,2025-11-25,IU Leads Campaign - 17th June 2025,IGNOU MBA -  18th August,299.48,10,10,0,0,30,30,0,-,-,-,0%,0
Meta Ads,,FaceBook_Degreefyd_B,2025-11-25,GLA MBA,C04,649.19,16,16,1,1,41,41,7875,649.19,649.19,8.24%,0%,47250
Meta Ads,,FaceBook_Degreefyd_B,2025-11-25,GLA MBA,C03,95.04,4,3,0,0,24,32,0,-,-,-,25%,0
Meta Ads,,FaceBook_Degreefyd_B,2025-11-25,GLA MBA,C02,5.34,0,0,0,0,5,5,0,-,-,-,0%,0
Meta Ads,,FaceBook_Degreefyd_B,2025-11-24,IU Leads Campaign - 17th June 2025,IGNOU MBA -  18th August,317.42,7,7,0,0,45,45,0,-,-,-,0%,0
Meta Ads,,FaceBook_Degreefyd_B,2025-11-24,GLA MBA,C01,2.31,0,0,0,0,2,2,0,-,-,-,0%,0
Meta Ads,,FaceBook_Degreefyd_B,2025-11-24,GLA MBA,C04,668.28,20,19,1,1,33,35,5000,668.28,668.28,13.37%,5%,30000
Meta Ads,,FaceBook_Degreefyd_B,2025-11-24,GLA MBA,C02,3.06,0,0,0,0,3,3,0,-,-,-,0%,0
Meta Ads,,FaceBook_Degreefyd_B,2025-11-24,Amity_UG_PG_Admission_2026_Session,Amity_UG_PG_Admission_2026_Session _UP_NB,226.41,4,4,0,0,57,57,0,-,-,-,0%,0
Meta Ads,,FaceBook_Degreefyd_B,2025-11-24,Amity_LAL_2026_Session,Amity_LAL_2026_Session_Amity_LAL_2026_Session_West+Rest_Ad1,0.09,0,0,0,0,0,0,0,-,-,-,0%,0
Meta Ads,,FaceBook_Degreefyd_B,2025-11-24,Amity_LAL_2026_Session,Amity_LAL_2026_Session_North_Ad1,0.01,0,0,0,0,0,0,0,-,-,-,0%,0
Meta Ads,,FaceBook_Degreefyd_B,2025-11-24,GLA MBA,C03,57.8,1,1,0,0,58,58,0,-,-,-,0%,0
Meta Ads,,FaceBook_Degreefyd_B,2025-11-23,Amity_UG_PG_Admission_2026_Session,Amity_UG_PG_Admission_2026_Session _UP_NB,298.88,6,6,0,0,50,50,0,-,-,-,0%,0
Meta Ads,,FaceBook_Degreefyd_B,2025-11-23,IU Leads Campaign - 17th June 2025,IGNOU MBA -  18th August,360.35,6,6,0,0,60,60,0,-,-,-,0%,0
Meta Ads,,FaceBook_Degreefyd_B,2025-11-23,GLA MBA,C04,676.46,23,23,0,0,29,29,0,-,-,-,0%,0
Meta Ads,,FaceBook_Degreefyd_B,2025-11-23,GLA MBA,C03,81.13,0,0,0,0,81,81,0,-,-,-,0%,0
Meta Ads,,FaceBook_Degreefyd_B,2025-11-23,GLA MBA,C02,12.78,0,0,0,0,13,13,0,-,-,-,0%,0
Meta Ads,,FaceBook_Degreefyd_B,2025-11-23,GLA MBA,C01,0.1,0,0,0,0,0,0,0,-,-,-,0%,0
Meta Ads,,FaceBook_Degreefyd_B,2025-11-22,GLA MBA,C03,34.5,2,2,0,0,17,17,0,-,-,-,0%,0
Meta Ads,,FaceBook_Degreefyd_B,2025-11-22,GLA MBA,C01,3.88,0,0,0,0,4,4,0,-,-,-,0%,0
Meta Ads,,FaceBook_Degreefyd_B,2025-11-22,GLA MBA,C02,8.17,0,0,0,0,8,8,0,-,-,-,0%,0
Meta Ads,,FaceBook_Degreefyd_B,2025-11-22,IU Leads Campaign - 17th June 2025,IGNOU MBA -  18th August,277.31,7,7,0,0,40,40,0,-,-,-,0%,0
Meta Ads,,FaceBook_Degreefyd_B,2025-11-22,GLA MBA,C04,601.6,16,25,0,0,38,24,0,-,-,-,-56%,0
Meta Ads,,FaceBook_Degreefyd_B,2025-11-22,Amity_UG_PG_Admission_2026_Session,Amity_UG_PG_Admission_2026_Session _UP_NB,161.6,3,3,0,0,54,54,0,-,-,-,0%,0
Meta Ads,,FaceBook_Degreefyd_B,2025-11-22,Amity_LAL_2026_Session,Amity_LAL_2026_Session_Amity_LAL_2026_Session_West+Rest_Ad1,0.91,0,1,0,0,1,1,0,-,-,-,0%,0
Meta Ads,,FaceBook_Degreefyd_B,2025-11-21,GLA MBA,C02,2.87,0,0,0,0,3,3,0,-,-,-,0%,0
Meta Ads,,FaceBook_Degreefyd_B,2025-11-21,Amity_LAL_2026_Session,Amity_LAL_2026_Session_Amity_LAL_2026_Session_West+Rest_Ad1,0.5,0,0,0,0,1,1,0,-,-,-,0%,0
Meta Ads,,FaceBook_Degreefyd_B,2025-11-21,Amity_LAL_2026_Session,Amity_LAL_2026_Session_North_Ad1,0.02,0,0,0,0,0,0,0,-,-,-,0%,0
Meta Ads,,FaceBook_Degreefyd_B,2025-11-21,Amity_UG_PG_Admission_2026_Session,Amity_UG_PG_Admission_2026_Session _UP_NB,175.79,1,1,0,0,176,176,0,-,-,-,0%,0
Meta Ads,,FaceBook_Degreefyd_B,2025-11-21,IU Leads Campaign - 17th June 2025,IGNOU MBA -  18th August,284.37,5,5,0,0,57,57,0,-,-,-,0%,0
Meta Ads,,FaceBook_Degreefyd_B,2025-11-21,GLA MBA,C04,653.91,18,18,2,1,36,36,34000,326.955,653.91,1.92%,0%,42500
Meta Ads,,FaceBook_Degreefyd_B,2025-11-21,GLA MBA,C03,29.56,0,0,0,0,30,30,0,-,-,-,0%,0
Meta Ads,,FaceBook_Degreefyd_B,2025-11-20,GLA MBA,C04,626.3,19,17,0,0,33,37,0,-,-,-,11%,0
Meta Ads,,FaceBook_Degreefyd_B,2025-11-20,GLA MBA,C02,6.71,1,1,0,0,7,7,0,-,-,-,0%,0
Meta Ads,,FaceBook_Degreefyd_B,2025-11-20,GLA MBA,C03,29.52,0,0,0,0,30,30,0,-,-,-,0%,0
Meta Ads,,FaceBook_Degreefyd_B,2025-11-20,Amity_LAL_2026_Session,Amity_LAL_2026_Session_North_Ad1,0.14,0,0,0,0,0,0,0,-,-,-,0%,0
Meta Ads,,FaceBook_Degreefyd_B,2025-11-20,IU Leads Campaign - 17th June 2025,IGNOU MBA -  18th August,275.2,2,2,0,0,138,138,0,-,-,-,0%,0
Meta Ads,,FaceBook_Degreefyd_B,2025-11-20,Amity_LAL_2026_Session,Amity_LAL_2026_Session_Amity_LAL_2026_Session_West+Rest_Ad1,0.57,0,0,0,0,1,1,0,-,-,-,0%,0
Meta Ads,,FaceBook_Degreefyd_B,2025-11-19,Amity_LAL_2026_Session,Amity_LAL_2026_Session_Amity_LAL_2026_Session_West+Rest_Ad1,16.01,1,1,0,0,16,16,0,-,-,-,0%,0
Meta Ads,,FaceBook_Degreefyd_B,2025-11-19,Amity_LAL_2026_Session,Amity_LAL_2026_Session_North_Ad1,5.5,1,1,0,0,6,6,0,-,-,-,0%,0
Meta Ads,,FaceBook_Degreefyd_B,2025-11-19,IU Leads Campaign - 17th June 2025,IGNOU MBA -  18th August,283.21,6,6,0,0,47,47,0,-,-,-,0%,0
Meta Ads,,FaceBook_Degreefyd_B,2025-11-19,GLA MBA,C04,675.23,21,19,0,0,32,36,0,-,-,-,10%,0
Meta Ads,,FaceBook_Degreefyd_B,2025-11-19,GLA MBA,C03,0.03,0,0,0,0,0,0,0,-,-,-,0%,0
Meta Ads,,FaceBook_Degreefyd_B,2025-11-19,GLA MBA,C02,3.72,0,0,0,0,4,4,0,-,-,-,0%,0
Meta Ads,,FaceBook_Degreefyd_B,2025-11-19,GLA MBA,C01,3.37,1,1,0,0,3,3,0,-,-,-,0%,0
Meta Ads,,FaceBook_Degreefyd_B,2025-11-18,GLA MBA,C03,12.13,1,1,0,0,12,12,0,-,-,-,0%,0
Meta Ads,,FaceBook_Degreefyd_B,2025-11-18,GLA MBA,C01,0.08,0,0,0,0,0,0,0,-,-,-,0%,0
Meta Ads,,FaceBook_Degreefyd_B,2025-11-18,GLA MBA,C02,3.02,0,0,0,0,3,3,0,-,-,-,0%,0
Meta Ads,,FaceBook_Degreefyd_B,2025-11-18,IU Leads Campaign - 17th June 2025,IGNOU MBA -  18th August,291.31,7,6,0,0,42,49,0,-,-,-,14%,0
Meta Ads,,FaceBook_Degreefyd_B,2025-11-18,GLA MBA,C04,700.67,29,24,0,0,24,29,0,-,-,-,17%,0
Meta Ads,,FaceBook_Degreefyd_B,2025-11-18,Amity_LAL_2026_Session,Amity_LAL_2026_Session_North_Ad1,6.05,0,0,0,0,6,6,0,-,-,-,0%,0
Meta Ads,,FaceBook_Degreefyd_B,2025-11-18,Amity_LAL_2026_Session,Amity_LAL_2026_Session_Amity_LAL_2026_Session_West+Rest_Ad1,7.33,0,0,0,0,7,7,0,-,-,-,0%,0
Meta Ads,,FaceBook_Degreefyd_B,2025-11-17,Amity_LAL_2026_Session,Amity_LAL_2026_Session_Amity_LAL_2026_Session_West+Rest_Ad1,24.98,0,0,0,0,25,25,0,-,-,-,0%,0
Meta Ads,,FaceBook_Degreefyd_B,2025-11-17,Amity_LAL_2026_Session,Amity_LAL_2026_Session_North_Ad1,11.86,1,1,0,0,12,12,0,-,-,-,0%,0
Meta Ads,,FaceBook_Degreefyd_B,2025-11-17,IU Leads Campaign - 17th June 2025,IGNOU MBA -  18th August,335.42,10,10,0,0,34,34,0,-,-,-,0%,0
Meta Ads,,FaceBook_Degreefyd_B,2025-11-17,GLA MBA,C04,754.33,20,20,1,0,38,38,0,754.33,-,-,0%,0
Meta Ads,,FaceBook_Degreefyd_B,2025-11-17,GLA MBA,C03,3.9,0,0,0,0,4,4,0,-,-,-,0%,0
Meta Ads,,FaceBook_Degreefyd_B,2025-11-17,GLA MBA,C02,1.71,0,0,0,0,2,2,0,-,-,-,0%,0
Meta Ads,,FaceBook_Degreefyd_B,2025-11-17,GLA MBA,C01,2.3,1,1,0,0,2,2,0,-,-,-,0%,0
Meta Ads,,FaceBook_Degreefyd_B,2025-11-16,IU Leads Campaign - 17th June 2025,IGNOU MBA -  18th August,351.97,5,5,0,0,70,70,0,-,-,-,0%,0
Meta Ads,,FaceBook_Degreefyd_B,2025-11-16,GLA MBA,C02,2.76,0,0,0,0,3,3,0,-,-,-,0%,0
Meta Ads,,FaceBook_Degreefyd_B,2025-11-16,GLA MBA,C04,739.09,28,28,2,0,26,26,0,369.545,-,-,0%,0
Meta Ads,,FaceBook_Degreefyd_B,2025-11-16,Amity_LAL_2026_Session,Amity_LAL_2026_Session_North_Ad1,115.21,0,0,0,0,115,115,0,-,-,-,0%,0
Meta Ads,,FaceBook_Degreefyd_B,2025-11-16,Amity_LAL_2026_Session,Amity_LAL_2026_Session_Amity_LAL_2026_Session_West+Rest_Ad1,135.43,1,1,0,0,135,135,0,-,-,-,0%,0
Meta Ads,,FaceBook_Degreefyd_B,2025-11-15,Amity_LAL_2026_Session,Amity_LAL_2026_Session_Amity_LAL_2026_Session_West+Rest_Ad1,44.59,1,1,0,0,45,45,0,-,-,-,0%,0
Meta Ads,,FaceBook_Degreefyd_B,2025-11-15,Amity_LAL_2026_Session,Amity_LAL_2026_Session_North_Ad1,225.88,0,0,0,0,226,226,0,-,-,-,0%,0
Meta Ads,,FaceBook_Degreefyd_B,2025-11-15,IU Leads Campaign - 17th June 2025,IGNOU MBA -  18th August,269.58,2,2,0,0,135,135,0,-,-,-,0%,0
Meta Ads,,FaceBook_Degreefyd_B,2025-11-15,GLA MBA,C04,471.54,24,21,1,1,20,22,8750,471.54,471.54,5.39%,13%,26250
Meta Ads,,FaceBook_Degreefyd_B,2025-11-15,GLA MBA,C03,16.31,0,0,0,0,16,16,0,-,-,-,0%,0
Meta Ads,,FaceBook_Degreefyd_B,2025-11-15,GLA MBA,C02,1.47,0,0,0,0,1,1,0,-,-,-,0%,0
Meta Ads,,FaceBook_Degreefyd_B,2025-11-14,GLA MBA,C01,0.52,0,0,0,0,1,1,0,-,-,-,0%,0
Meta Ads,,FaceBook_Degreefyd_B,2025-11-14,GLA MBA,C02,4.18,0,0,0,0,4,4,0,-,-,-,0%,0
Meta Ads,,FaceBook_Degreefyd_B,2025-11-14,GLA MBA,C03,0.56,0,0,0,0,1,1,0,-,-,-,0%,0
Meta Ads,,FaceBook_Degreefyd_B,2025-11-14,GLA MBA,C04,505.52,15,14,1,1,34,36,32900,505.52,505.52,1.54%,7%,32900
Meta Ads,,FaceBook_Degreefyd_B,2025-11-14,IU Leads Campaign - 17th June 2025,IGNOU MBA -  18th August,305.83,3,3,0,0,102,102,0,-,-,-,0%,0
Meta Ads,,FaceBook_Degreefyd_B,2025-11-14,Amity_LAL_2026_Session,Amity_LAL_2026_Session_North_Ad1,421.31,2,2,1,1,211,211,16500,421.31,421.31,2.55%,0%,33000
Meta Ads,,FaceBook_Degreefyd_B,2025-11-14,Amity_LAL_2026_Session,Amity_LAL_2026_Session_Amity_LAL_2026_Session_West+Rest_Ad1,332.06,2,2,0,0,166,166,0,-,-,-,0%,0
Meta Ads,,FaceBook_Degreefyd_B,2025-11-13,Amity_LAL_2026_Session,Amity_LAL_2026_Session_Amity_LAL_2026_Session_West+Rest_Ad1,309.23,1,1,0,0,309,309,0,-,-,-,0%,0
Meta Ads,,FaceBook_Degreefyd_B,2025-11-13,Amity_LAL_2026_Session,Amity_LAL_2026_Session_North_Ad1,426.67,2,2,0,0,213,213,0,-,-,-,0%,0
Meta Ads,,FaceBook_Degreefyd_B,2025-11-13,IU Leads Campaign - 17th June 2025,IGNOU MBA -  18th August,278.92,5,5,2,2,56,56,38500,139.46,139.46,0.72%,0%,77000
Meta Ads,,FaceBook_Degreefyd_B,2025-11-13,GLA MBA,C04,379.29,15,15,0,0,25,25,0,-,-,-,0%,0
Meta Ads,,FaceBook_Degreefyd_B,2025-11-13,GLA MBA,C03,6.38,1,1,0,0,6,6,0,-,-,-,0%,0
Meta Ads,,FaceBook_Degreefyd_B,2025-11-13,GLA MBA,C02,1.47,0,0,0,0,1,1,0,-,-,-,0%,0
Meta Ads,,FaceBook_Degreefyd_B,2025-11-12,GLA MBA,C02,3.67,0,0,0,0,4,4,0,-,-,-,0%,0
Meta Ads,,FaceBook_Degreefyd_B,2025-11-12,GLA MBA,C03,1.24,0,0,0,0,1,1,0,-,-,-,0%,0
Meta Ads,,FaceBook_Degreefyd_B,2025-11-12,GLA MBA,C04,297.45,6,6,0,0,50,50,0,-,-,-,0%,0
Meta Ads,,FaceBook_Degreefyd_B,2025-11-12,Online_MBA_6_Nov_2026,Online_MBA_6_Nov_2026_Inst_Blue_one,124.35,1,1,0,0,124,124,0,-,-,-,0%,0
Meta Ads,,FaceBook_Degreefyd_B,2025-11-12,Online_MBA_6_Nov_2026,Online_MBA_6_Nov_2026_Inst_video,37.66,0,0,0,0,38,38,0,-,-,-,0%,0
Meta Ads,,FaceBook_Degreefyd_B,2025-11-12,Online_MBA_6_Nov_2026,Online_MBA_6_Nov_2026_WP_Blue_one,80.21,0,0,0,0,80,80,0,-,-,-,0%,0
Meta Ads,,FaceBook_Degreefyd_B,2025-11-12,Amity_LAL_2026_Session,Amity_LAL_2026_Session_North_Ad1,421.53,0,0,0,0,422,422,0,-,-,-,0%,0
Meta Ads,,FaceBook_Degreefyd_B,2025-11-12,Amity_LAL_2026_Session,Amity_LAL_2026_Session_Amity_LAL_2026_Session_West+Rest_Ad1,375.08,0,0,0,0,375,375,0,-,-,-,0%,0
Meta Ads,,FaceBook_Degreefyd_B,2025-11-12,IU Leads Campaign - 17th June 2025,IGNOU MBA -  18th August,123.23,2,2,0,0,62,62,0,-,-,-,0%,0
Meta Ads,,FaceBook_Degreefyd_B,2025-11-11,Online_MBA_6_Nov_2026,Online_MBA_6_Nov_2026_Inst_Blue_one,235.69,1,1,0,0,236,236,0,-,-,-,0%,0
Meta Ads,,FaceBook_Degreefyd_B,2025-11-11,GLA MBA,C02,1.79,0,0,0,0,2,2,0,-,-,-,0%,0
Meta Ads,,FaceBook_Degreefyd_B,2025-11-11,GLA MBA,C04,230.81,17,15,1,0,14,15,0,230.81,-,-,12%,0
Meta Ads,,FaceBook_Degreefyd_B,2025-11-11,DFYD_NMIMS_Online_MBA_2026_Session,NMIMS_Online_MBA_2026_Session_Ad03,0.79,0,0,0,0,1,1,0,-,-,-,0%,0
Meta Ads,,FaceBook_Degreefyd_B,2025-11-11,Online_MBA_6_Nov_2026,Online_MBA_6_Nov_2026_WP_Blue_one,223.23,0,0,0,0,223,223,0,-,-,-,0%,0
Meta Ads,,FaceBook_Degreefyd_B,2025-11-11,DFYD_NMIMS_Online_MBA_2026_Session,DFYD_NMIMS_Online_MBA_2026_Session_Ad1,0.35,0,0,0,0,0,0,0,-,-,-,0%,0
Meta Ads,,FaceBook_Degreefyd_B,2025-11-11,Amity_LAL_2026_Session,Amity_LAL_2026_Session_North_Ad1,34.96,0,0,0,0,35,35,0,-,-,-,0%,0
Meta Ads,,FaceBook_Degreefyd_B,2025-11-11,Amity_LAL_2026_Session,Amity_LAL_2026_Session_Amity_LAL_2026_Session_West+Rest_Ad1,12.72,0,0,0,0,13,13,0,-,-,-,0%,0
Meta Ads,,FaceBook_Degreefyd_B,2025-11-10,Online_MBA_6_Nov_2026,Online_MBA_6_Nov_2026_Inst_Blue_one,189.76,0,0,0,0,190,190,0,-,-,-,0%,0
Meta Ads,,FaceBook_Degreefyd_B,2025-11-10,GLA MBA,C02,2.91,0,0,0,0,3,3,0,-,-,-,0%,0
Meta Ads,,FaceBook_Degreefyd_B,2025-11-10,GLA MBA,C03,8.73,0,0,0,0,9,9,0,-,-,-,0%,0
Meta Ads,,FaceBook_Degreefyd_B,2025-11-10,GLA MBA,C04,283.8,14,14,1,1,20,20,8179.5,283.8,283.8,3.47%,0%,49077
Meta Ads,,FaceBook_Degreefyd_B,2025-11-10,DFYD_NMIMS_Online_MBA_2026_Session,NMIMS_Online_MBA_2026_Session_Ad03,15.72,0,0,0,0,16,16,0,-,-,-,0%,0
Meta Ads,,FaceBook_Degreefyd_B,2025-11-10,Amity_LAL_2026_Session,Amity_LAL_2026_Session_Amity_LAL_2026_Session_West+Rest_Ad1,21.09,2,1,0,0,11,21,0,-,-,-,50%,0
Meta Ads,,FaceBook_Degreefyd_B,2025-11-10,Online_MBA_6_Nov_2026,Online_MBA_6_Nov_2026_Inst_video,27.54,0,0,0,0,28,28,0,-,-,-,0%,0
Meta Ads,,FaceBook_Degreefyd_B,2025-11-10,Online_MBA_6_Nov_2026,Online_MBA_6_Nov_2026_WP_Blue_one,60.63,0,0,0,0,61,61,0,-,-,-,0%,0
Meta Ads,,FaceBook_Degreefyd_B,2025-11-10,DFYD_NMIMS_Online_MBA_2026_Session,DFYD_NMIMS_Online_MBA_2026_Session_Ad1,104.35,1,1,0,0,104,104,0,-,-,-,0%,0
Meta Ads,,FaceBook_Degreefyd_B,2025-11-10,Amity_LAL_2026_Session,Amity_LAL_2026_Session_North_Ad1,33.8,0,0,0,0,34,34,0,-,-,-,0%,0
Meta Ads,,FaceBook_Degreefyd_B,2025-11-09,GLA MBA,C01,0.12,0,0,0,0,0,0,0,-,-,-,0%,0
Meta Ads,,FaceBook_Degreefyd_B,2025-11-09,GLA MBA,C02,3.4,0,0,0,0,3,3,0,-,-,-,0%,0
Meta Ads,,FaceBook_Degreefyd_B,2025-11-09,GLA MBA,C04,255.59,17,17,1,1,15,15,7100,255.59,255.59,3.60%,0%,42600
Meta Ads,,FaceBook_Degreefyd_B,2025-11-09,DFYD_NMIMS_Online_MBA_2026_Session,NMIMS_Online_MBA_2026_Session_Ad03,0.16,0,0,0,0,0,0,0,-,-,-,0%,0
Meta Ads,,FaceBook_Degreefyd_B,2025-11-09,Online_MBA_6_Nov_2026,Online_MBA_6_Nov_2026_Inst_Blue_one,81.24,1,0,0,0,81,81,0,-,-,-,100%,0
Meta Ads,,FaceBook_Degreefyd_B,2025-11-09,Online_MBA_6_Nov_2026,Online_MBA_6_Nov_2026_Inst_video,131.65,0,0,0,0,132,132,0,-,-,-,0%,0
Meta Ads,,FaceBook_Degreefyd_B,2025-11-09,Amity_LAL_2026_Session,Amity_LAL_2026_Session_North_Ad1,214.2,1,1,0,0,214,214,0,-,-,-,0%,0
Meta Ads,,FaceBook_Degreefyd_B,2025-11-09,Amity_LAL_2026_Session,Amity_LAL_2026_Session_Amity_LAL_2026_Session_West+Rest_Ad1,253.78,5,4,0,0,51,63,0,-,-,-,20%,0
Meta Ads,,FaceBook_Degreefyd_B,2025-11-09,DFYD_NMIMS_Online_MBA_2026_Session,DFYD_NMIMS_Online_MBA_2026_Session_Ad1,0.09,0,0,0,0,0,0,0,-,-,-,0%,0
Meta Ads,,FaceBook_Degreefyd_B,2025-11-06,Amity_LAL_2026_Session,Amity_LAL_2026_Session_Amity_LAL_2026_Session_West+Rest_Ad1,3.22,0,0,0,0,3,3,0,-,-,-,0%,0
Meta Ads,,FaceBook_Degreefyd_B,2025-11-06,Amity_LAL_2026_Session,Amity_LAL_2026_Session_North_Ad1,4.72,0,0,0,0,5,5,0,-,-,-,0%,0
Meta Ads,,FaceBook_Degreefyd_B,2025-11-06,DFYD_NMIMS_Online_MBA_2026_Session,DFYD_NMIMS_Online_MBA_2026_Session_Ad1,27.43,0,0,0,0,27,27,0,-,-,-,0%,0
Meta Ads,,FaceBook_Degreefyd_B,2025-11-06,DFYD_NMIMS_Online_MBA_2026_Session,NMIMS_Online_MBA_2026_Session_Ad03,1.85,0,0,0,0,2,2,0,-,-,-,0%,0
Meta Ads,,FaceBook_Degreefyd_B,2025-11-06,GLA MBA,C04,43.02,4,4,0,0,11,11,0,-,-,-,0%,0
Meta Ads,,FaceBook_Degreefyd_B,2025-11-06,GLA MBA,C02,1.06,0,0,0,0,1,1,0,-,-,-,0%,0
Meta Ads,,FaceBook_Degreefyd_B,2025-11-05,DFYD_NMIMS_Online_MBA_2026_Session,NMIMS_Online_MBA_2026_Session_Ad03,63.18,1,0,0,0,63,63,0,-,-,-,100%,0
Meta Ads,,FaceBook_Degreefyd_B,2025-11-05,GLA MBA,C02,2.28,0,0,0,0,2,2,0,-,-,-,0%,0
Meta Ads,,FaceBook_Degreefyd_B,2025-11-05,GLA MBA,C03,6.69,0,0,0,0,7,7,0,-,-,-,0%,0
Meta Ads,,FaceBook_Degreefyd_B,2025-11-05,GLA MBA,C04,238.97,11,1,0,0,22,239,0,-,-,-,91%,0
Meta Ads,,FaceBook_Degreefyd_B,2025-11-05,Amity_LAL_2026_Session,Amity_LAL_2026_Session_North_Ad1,7.08,0,0,0,0,7,7,0,-,-,-,0%,0
Meta Ads,,FaceBook_Degreefyd_B,2025-11-05,DFYD_NMIMS_Online_MBA_2026_Session,DFYD_NMIMS_Online_MBA_2026_Session_Ad1,211.54,2,0,0,0,106,212,0,-,-,-,100%,0
Meta Ads,,FaceBook_Degreefyd_B,2025-11-05,Amity_LAL_2026_Session,Amity_LAL_2026_Session_Amity_LAL_2026_Session_West+Rest_Ad1,5.65,0,0,0,0,6,6,0,-,-,-,0%,0
Meta Ads,,FaceBook_Degreefyd_B,2025-11-04,DFYD_NMIMS_Online_MBA_2026_Session,DFYD_NMIMS_Online_MBA_2026_Session_Ad1,282.5,1,0,0,0,283,283,0,-,-,-,100%,0
Meta Ads,,FaceBook_Degreefyd_B,2025-11-04,DFYD_NMIMS_Online_MBA_2026_Session,NMIMS_Online_MBA_2026_Session_Ad03,38.33,1,0,0,0,38,38,0,-,-,-,100%,0
Meta Ads,,FaceBook_Degreefyd_B,2025-11-04,GLA MBA,C04,249.16,10,3,0,0,25,83,0,-,-,-,70%,0
Meta Ads,,FaceBook_Degreefyd_B,2025-11-04,GLA MBA,C02,4.24,0,0,0,0,4,4,0,-,-,-,0%,0
Meta Ads,,FaceBook_Degreefyd_B,2025-11-04,GLA MBA,C01,0.11,0,0,0,0,0,0,0,-,-,-,0%,0
Meta Ads,,FaceBook_Degreefyd_B,2025-11-03,GLA MBA,C02,6.3,0,0,0,0,6,6,0,-,-,-,0%,0
Meta Ads,,FaceBook_Degreefyd_B,2025-11-03,GLA MBA,C04,199.77,5,2,0,0,40,100,0,-,-,-,60%,0
Meta Ads,,FaceBook_Degreefyd_B,2025-11-03,DFYD_NMIMS_Online_MBA_2026_Session,NMIMS_Online_MBA_2026_Session_Ad03,0.29,0,0,0,0,0,0,0,-,-,-,0%,0
Meta Ads,,FaceBook_Degreefyd_B,2025-11-03,DFYD_NMIMS_Online_MBA_2026_Session,DFYD_NMIMS_Online_MBA_2026_Session_Ad1,187.16,1,1,0,0,187,187,0,-,-,-,0%,0
Meta Ads,,FaceBook_Degreefyd_B,2025-11-03,DFYD_NMIMS_Online_MBA_2026_Session,DFYD_NMIMS_Online_MBA_2026_Session_Ad2,271.05,0,0,0,0,271,271,0,-,-,-,0%,0
Meta Ads,,FaceBook_Degreefyd_B,2025-11-02,DFYD_NMIMS_Online_MBA_2026_Session,DFYD_NMIMS_Online_MBA_2026_Session_Ad2,29.91,0,0,0,0,30,30,0,-,-,-,0%,0
Meta Ads,,FaceBook_Degreefyd_B,2025-11-02,DFYD_NMIMS_Online_MBA_2026_Session,DFYD_NMIMS_Online_MBA_2026_Session_Ad1,252.72,0,0,0,0,253,253,0,-,-,-,0%,0
Meta Ads,,FaceBook_Degreefyd_B,2025-11-02,GLA MBA,C04,211.89,4,1,0,0,53,212,0,-,-,-,75%,0
Meta Ads,,FaceBook_Degreefyd_B,2025-11-02,GLA MBA,C02,4.99,0,0,0,0,5,5,0,-,-,-,0%,0
Meta Ads,,FaceBook_Degreefyd_B,2025-11-02,GLA MBA,C01,0.22,0,0,0,0,0,0,0,-,-,-,0%,0
Meta Ads,,FaceBook_Degreefyd_B,2025-11-01,DFYD_NMIMS_Online_MBA_2026_Session,DFYD_NMIMS_Online_MBA_2026_Session_Ad1,210.3,1,0,0,0,210,210,0,-,-,-,100%,0
Meta Ads,,FaceBook_Degreefyd_B,2025-11-01,GLA MBA,C04,189.51,12,1,0,0,16,190,0,-,-,-,92%,0
Meta Ads,,FaceBook_Degreefyd_B,2025-11-01,GLA MBA,C03,2.49,1,0,0,0,2,2,0,-,-,-,100%,0
Meta Ads,,FaceBook_Degreefyd_B,2025-11-01,GLA MBA,C02,3.62,0,0,0,0,4,4,0,-,-,-,0%,0
Meta Ads,,FaceBook_Degreefyd_B,2025-10-31,GLA MBA,C01,0.87,0,0,0,0,1,1,0,-,-,-,0%,0
Meta Ads,,FaceBook_Degreefyd_B,2025-10-31,GLA MBA,C02,4.52,0,0,0,0,5,5,0,-,-,-,0%,0
Meta Ads,,FaceBook_Degreefyd_B,2025-10-31,GLA MBA,C04,202.71,7,0,0,0,29,203,0,-,-,-,100%,0
Meta Ads,,FaceBook_Degreefyd_B,2025-10-31,GLA MBA,C03,2.28,0,0,0,0,2,2,0,-,-,-,0%,0
Meta Ads,,FaceBook_Degreefyd_B,2025-10-31,DFYD_NMIMS_Online_MBA_2026_Session,DFYD_NMIMS_Online_MBA_2026_Session_Ad1,249.44,4,0,0,0,62,249,0,-,-,-,100%,0
Meta Ads,,FaceBook_Degreefyd_B,2025-10-30,DFYD_NMIMS_Online_MBA_2026_Session,DFYD_NMIMS_Online_MBA_2026_Session_Ad2,0.67,0,0,0,0,1,1,0,-,-,-,0%,0
Meta Ads,,FaceBook_Degreefyd_B,2025-10-30,DFYD_NMIMS_Online_MBA_2026_Session,DFYD_NMIMS_Online_MBA_2026_Session_Ad1,282.75,2,0,0,0,141,283,0,-,-,-,100%,0
Meta Ads,,FaceBook_Degreefyd_B,2025-10-30,GLA MBA,C04,186.82,8,0,0,0,23,187,0,-,-,-,100%,0
Meta Ads,,FaceBook_Degreefyd_B,2025-10-30,GLA MBA,C03,14.33,0,0,0,0,14,14,0,-,-,-,0%,0
Meta Ads,,FaceBook_Degreefyd_B,2025-10-30,GLA MBA,C02,7.82,1,0,0,0,8,8,0,-,-,-,100%,0
Meta Ads,,FaceBook_Degreefyd_B,2025-10-30,GLA MBA,C01,2.67,0,0,0,0,3,3,0,-,-,-,0%,0
Meta Ads,,FaceBook_Degreefyd_B,2025-10-29,DFYD_NMIMS_Online_MBA_2026_Session,DFYD_NMIMS_Online_MBA_2026_Session_Ad2,167.82,1,0,0,0,168,168,0,-,-,-,100%,0
Meta Ads,,FaceBook_Degreefyd_B,2025-10-29,DFYD_NMIMS_Online_MBA_2026_Session,DFYD_NMIMS_Online_MBA_2026_Session_Ad1,145.86,1,0,0,0,146,146,0,-,-,-,100%,0
Meta Ads,,FaceBook_Degreefyd_B,2025-10-29,GLA MBA,C04,192.54,6,0,0,0,32,193,0,-,-,-,100%,0
Meta Ads,,FaceBook_Degreefyd_B,2025-10-29,GLA MBA,C02,10.71,0,0,0,0,11,11,0,-,-,-,0%,0
Meta Ads,,FaceBook_Degreefyd_B,2025-10-28,DFYD_NMIMS_Online_MBA_2026_Session,DFYD_NMIMS_Online_MBA_2026_Session_Ad1,47.7,2,0,0,0,24,48,0,-,-,-,100%,0
Meta Ads,,FaceBook_Degreefyd_B,2025-10-28,DFYD_NMIMS_Online_MBA_2026_Session,DFYD_NMIMS_Online_MBA_2026_Session_Ad2,23.67,0,0,0,0,24,24,0,-,-,-,0%,0
Google Ads,Brand,Amity_Partner_001,2025-11-05,Partner_Amity_Online_2026,23228113322,618.26,1,0,0,0,618,618,0,-,-,-,100%,0
Google Ads,Brand,Amity_Partner_001,2025-11-06,Partner_Amity_Online_2026,23228113322,1147.65,7,7,0,0,164,164,0,-,-,-,0%,0
Google Ads,Brand,Amity_Partner_001,2025-11-07,Partner_Amity_Online_2026,23228113322,1038.61,2,2,0,0,519,519,0,-,-,-,0%,0
Google Ads,Brand,Amity_Partner_001,2025-11-08,Partner_Amity_Online_2026,23228113322,1039.87,3,3,1,1,347,347,48000,1039.87,1039.87,2.17%,0%,48000
Google Ads,Brand,Amity_Partner_001,2025-11-09,Partner_Amity_Online_2026,23228113322,1056.21,5,5,0,0,211,211,0,-,-,-,0%,0
Google Ads,Brand,Amity_Partner_001,2025-11-10,Partner_Amity_Online_2026,23228113322,1091.54,1,1,0,0,1092,1092,0,-,-,-,0%,0
Google Ads,Brand,Amity_Partner_001,2025-11-11,Partner_Amity_Online_2026,23228113322,1106.07,3,3,0,0,369,369,0,-,-,-,0%,0
Google Ads,Brand,Amity_Partner_001,2025-11-12,Partner_Amity_Online_2026,23228113322,807.25,1,1,0,0,807,807,0,-,-,-,0%,0
Google Ads,Brand,Amity_Partner_001,2025-11-13,Partner_Amity_Online_2026,23228113322,827.21,3,3,0,0,276,276,0,-,-,-,0%,0
Google Ads,Brand,Amity_Partner_001,2025-11-14,Partner_Amity_Online_2026,23228113322,876.39,3,3,0,0,292,292,0,-,-,-,0%,0
Google Ads,Brand,Amity_Partner_001,2025-11-15,Partner_Amity_Online_2026,23228113322,988.05,3,2,0,0,329,494,0,-,-,-,33%,0
Google Ads,Brand,Amity_Partner_001,2025-11-16,Partner_Amity_Online_2026,23228113322,1428.29,7,7,1,0,204,204,0,1428.29,-,-,0%,0
Google Ads,Brand,Amity_Partner_001,2025-11-17,Partner_Amity_Online_2026,23228113322,2202.03,10,10,0,0,220,220,0,-,-,-,0%,0
Google Ads,Generic,Degreefyd_Online_Generic,2025-11-17,Online_Degree_Admission,23267374200,1996.59,3,33,0,0,666,61,0,-,-,-,-1000%,0
Google Ads,Brand,Amity_Partner_001,2025-11-18,Partner_Amity_Online_2026,23228113322,1073.76,5,4,0,0,215,268,0,-,-,-,20%,0
Google Ads,Generic,Degreefyd_Online_Generic,2025-11-18,Online_Degree_Admission,23267374200,1027.58,10,9,0,0,103,114,0,-,-,-,10%,0
Google Ads,Brand,Amity_Partner_001,2025-11-19,Partner_Amity_Online_2026,23228113322,1125.71,5,5,1,1,225,225,9625,1125.71,1125.71,11.70%,0%,57750
Google Ads,Generic,Degreefyd_Online_Generic,2025-11-19,Online_Degree_Admission,23267374200,803.08,1,0,0,0,803,803,0,-,-,-,100%,0
Google Ads,Brand,Amity_Partner_001,2025-11-20,Partner_Amity_Online_2026,23228113322,1580.19,4,3,1,1,395,527,13125,1580.19,1580.19,12.04%,25%,78750
Google Ads,Brand,Amity_Partner_001,2025-11-21,Partner_Amity_Online_2026,23228113322,2566.11,9,8,0,0,285,321,0,-,-,-,11%,0
Google Ads,Brand,Amity_Partner_001,2025-11-22,Partner_Amity_Online_2026,23228113322,2583.35,8,8,0,0,323,323,0,-,-,-,0%,0
Google Ads,Brand,Amity_Partner_001,2025-11-23,Partner_Amity_Online_2026,23228113322,1738.7,5,5,0,0,348,348,0,-,-,-,0%,0
Google Ads,Brand,Amity_Partner_001,2025-11-24,Partner_Amity_Online_2026,23228113322,1189.69,3,3,1,0,397,397,0,1189.69,-,-,0%,0
Google Ads,Brand,Amity_Partner_001,2025-11-25,Partner_Amity_Online_2026,23228113322,1523.61,4,4,0,0,381,381,0,-,-,-,0%,0
Google Ads,Brand,Amity_Partner_001,2025-11-26,Partner_Amity_Online_2026,23228113322,1020.16,3,2,0,0,340,510,0,-,-,-,33%,0
Google Ads,Brand,Amity_Partner_001,2025-11-27,Partner_Amity_Online_2026,23228113322,1097.44,2,2,0,0,549,549,0,-,-,-,0%,0
Google Ads,Brand,Amity_Partner_001,2025-11-28,Partner_Amity_Online_2026,23228113322,1930.69,7,7,0,0,276,276,0,-,-,-,0%,0
Google Ads,Brand,Amity_Partner_001,2025-11-29,Partner_Amity_Online_2026,23228113322,2006.37,3,3,1,1,669,669,7437.5,2006.37,2006.37,26.98%,0%,51187.5
Google Ads,Brand,Amity_Partner_001,2025-11-30,Partner_Amity_Online_2026,23228113322,1872.95,5,5,0,0,375,375,0,-,-,-,0%,0
Google Ads,Brand,Amity_Partner_001,2025-12-01,Partner_Amity_Online_2026,23228113322,3015.67,14,12,0,0,215,251,0,-,-,-,14%,0
Google Ads,Brand,Amity_Partner_001,2025-12-02,Partner_Amity_Online_2026,23228113322,3525.1,7,7,1,1,504,504,66167.5,3525.1,3525.1,5.33%,0%,66167.5
Google Ads,DSA,Degreefyd_Generic_Regular,2025-12-02,DSA_Admission_Exp,23311875090,82.79,1,1,0,0,83,83,0,-,-,-,0%,0
Google Ads,Brand,Amity_Partner_001,2025-12-03,Partner_Amity_Online_2026,23228113322,2002.53,11,11,0,0,182,182,0,-,-,-,0%,0
Google Ads,DSA,Degreefyd_Generic_Regular,2025-12-03,DSA_Admission_Exp,23311875090,70.38,1,1,0,0,70,70,0,-,-,-,0%,0
Google Ads,Brand,Amity_Partner_001,2025-12-04,Partner_Amity_Online_2026,23228113322,3709.9,17,14,2,2,218,265,50330,1854.95,1854.95,7.37%,18%,102567.5
Google Ads,DSA,Degreefyd_Generic_Regular,2025-12-04,DSA_Admission_Exp,23311875090,89.24,0,0,0,0,89,89,0,-,-,-,0%,0
Google Ads,Brand,Amity_Partner_001,2025-12-05,Partner_Amity_Online_2026,23228113322,2347.15,15,15,1,1,156,156,56525,2347.15,2347.15,4.15%,0%,56525
Google Ads,DSA,Degreefyd_Generic_Regular,2025-12-05,DSA_Admission_Exp,23311875090,33.45,1,0,0,0,33,33,0,-,-,-,100%,0
Google Ads,Brand,Amity_Partner_001,2025-12-06,Partner_Amity_Online_2026,23228113322,3140.58,12,10,0,0,262,314,0,-,-,-,17%,0
Google Ads,DSA,Degreefyd_Generic_Regular,2025-12-06,DSA_Admission_Exp,23311875090,27.97,2,0,0,0,14,28,0,-,-,-,100%,0
Google Ads,Brand,Amity_Partner_001,2025-12-07,Partner_Amity_Online_2026,23228113322,2134.49,13,13,1,0,164,164,0,2134.49,-,-,0%,0
Google Ads,DSA,Degreefyd_Generic_Regular,2025-12-07,DSA_Admission_Exp,23311875090,23.67,2,0,0,0,12,24,0,-,-,-,100%,0
Google Ads,Brand,Amity_Partner_001,2025-12-08,Partner_Amity_Online_2026,23228113322,3122.18,12,11,0,0,260,284,0,-,-,-,8%,0
Google Ads,DSA,Degreefyd_Generic_Regular,2025-12-08,DSA_Admission_Exp,23311875090,14.35,1,0,0,0,14,14,0,-,-,-,100%,0
Google Ads,Brand,Amity_Partner_001,2025-12-09,Partner_Amity_Online_2026,23228113322,2351.77,9,6,1,1,261,392,15750,2351.77,2351.77,14.93%,33%,47250
Google Ads,DSA,Degreefyd_Generic_Regular,2025-12-09,DSA_Admission_Exp,23311875090,0.51,0,0,0,0,1,1,0,-,-,-,0%,0
Google Ads,Brand,Amity_Partner_001,2025-12-10,Partner_Amity_Online_2026,23228113322,3765.39,14,16,1,1,269,235,66167.5,3765.39,3765.39,5.69%,-14%,66167.5
Google Ads,DSA,Degreefyd_Generic_Regular,2025-12-10,DSA_Admission_Online_Distance,23349276370,752.35,6,3,0,0,125,251,0,-,-,-,50%,0
Google Ads,Brand,Amity_Partner_001,2025-12-11,Partner_Amity_Online_2026,23228113322,5357.44,26,21,3,1,206,255,8750,1785.813333,5357.44,61.23%,19%,52500
Google Ads,DSA,Degreefyd_Generic_Regular,2025-12-11,DSA_Admission_Online_Distance,23349276370,780.33,5,5,0,0,156,156,0,-,-,-,0%,0
Google Ads,Brand,Amity_Partner_001,2025-12-12,Partner_Amity_Online_2026,23228113322,4235.71,10,10,0,0,424,424,0,-,-,-,0%,0
Google Ads,DSA,Degreefyd_Generic_Regular,2025-12-12,DSA_Admission_Online_Distance,23349276370,426.82,6,5,0,0,71,85,0,-,-,-,17%,0
Google Ads,Brand,Amity_Partner_001,2025-12-13,Partner_Amity_Online_2026,23228113322,2910.52,10,6,0,0,291,485,0,-,-,-,40%,0
Google Ads,DSA,Degreefyd_Generic_Regular,2025-12-13,DSA_Admission_Online_Distance,23349276370,605.95,11,9,0,0,55,67,0,-,-,-,18%,0
Google Ads,Brand,Amity_Partner_001,2025-12-14,Partner_Amity_Online_2026,23228113322,3501.87,15,13,0,0,233,269,0,-,-,-,13%,0
Google Ads,DSA,Degreefyd_Generic_Regular,2025-12-14,DSA_Admission_Online_Distance,23349276370,468.08,14,9,0,0,33,52,0,-,-,-,36%,0
Google Ads,Brand,Amity_Partner_001,2025-12-15,Partner_Amity_Online_2026,23228113322,6462.59,28,24,2,1,231,269,9625,3231.295,6462.59,67.14%,14%,57750
Google Ads,DSA,Degreefyd_Generic_Regular,2025-12-15,DSA_Admission_Online_Distance,23349276370,422.87,13,11,0,0,33,38,0,-,-,-,15%,0
Google Ads,Brand,Amity_Partner_001,2025-12-16,Partner_Amity_Online_2026,23228113322,5055.82,13,11,0,0,389,460,0,-,-,-,15%,0
Google Ads,DSA,Degreefyd_Generic_Regular,2025-12-16,DSA_Admission_Online_Distance,23349276370,772.01,15,16,1,0,51,48,0,772.01,-,-,-7%,0
Google Ads,Brand,Degreefyd_Patner_L_Shoolini,2025-12-16,Shoolini_Online_L,23355075573,102.01,0,0,0,0,102,102,0,-,-,-,0%,0
Google Ads,Brand,Amity_Partner_001,2025-12-17,Partner_Amity_Online_2026,23228113322,4605.34,24,21,1,0,192,219,0,4605.34,-,-,13%,0
Google Ads,DSA,Degreefyd_Generic_Regular,2025-12-17,DSA_Admission_Online_Distance,23349276370,243.93,4,1,0,0,61,244,0,-,-,-,75%,0
Google Ads,Brand,Degreefyd_Patner_L_Shoolini,2025-12-17,Shoolini_Online_L,23355075573,211.44,0,0,0,0,211,211,0,-,-,-,0%,0
Google Ads,Brand,Amity_Partner_001,2025-12-18,Partner_Amity_Online_2026,23228113322,4783.9,18,16,2,1,266,299,12642,2391.95,4783.9,37.84%,11%,58800
Google Ads,Brand,Degreefyd_Patner_L_Shoolini,2025-12-18,Shoolini_Online_L,23355075573,271.29,0,0,0,0,271,271,0,-,-,-,0%,0
Google Ads,Brand,Amity_Partner_001,2025-12-19,Partner_Amity_Online_2026,23228113322,4601.49,13,11,0,0,354,418,0,-,-,-,15%,0
Google Ads,Brand,Degreefyd_Patner_L_Shoolini,2025-12-19,Shoolini_Online_L,23355075573,115.35,1,1,0,0,115,115,0,-,-,-,0%,0
Google Ads,Brand,Amity_Partner_001,2025-12-20,Partner_Amity_Online_2026,23228113322,4293.05,16,14,0,0,268,307,0,-,-,-,13%,0
Google Ads,DSA,Degreefyd_Generic_Regular,2025-12-20,DSA_Admission_Online_Distance,23349276370,94.46,0,2,0,0,94,47,0,-,-,-,0%,0
Google Ads,Brand,Amity_Partner_001,2025-12-21,Partner_Amity_Online_2026,23228113322,4723.02,10,9,0,0,472,525,0,-,-,-,10%,0
Google Ads,DSA,Degreefyd_Generic_Regular,2025-12-21,DSA_Admission_Online_Distance,23349276370,191.64,2,5,0,0,96,38,0,-,-,-,-150%,0
Google Ads,Brand,Amity_Partner_001,2025-12-22,Partner_Amity_Online_2026,23228113322,4192.86,7,7,0,0,599,599,0,-,-,-,0%,0
Google Ads,DSA,Degreefyd_Generic_Regular,2025-12-22,DSA_Admission_Online_Distance,23349276370,274.74,5,5,0,0,55,55,0,-,-,-,0%,0
Google Ads,Brand,Amity_Partner_001,2025-12-23,Partner_Amity_Online_2026,23228113322,4525.77,16,14,3,2,283,323,92050,1508.59,2262.885,4.92%,13%,117950
Google Ads,DSA,Degreefyd_Generic_Regular,2025-12-23,DSA_Admission_Online_Distance,23349276370,41.66,0,0,0,0,42,42,0,-,-,-,0%,0
Google Ads,Brand,Amity_Partner_001,2025-12-24,Partner_Amity_Online_2026,23228113322,4248.96,12,10,0,0,354,425,0,-,-,-,17%,0
Google Ads,DSA,Degreefyd_Generic_Regular,2025-12-24,DSA_Admission_Online_Distance,23349276370,112.97,0,0,0,0,113,113,0,-,-,-,0%,0
Google Ads,Brand,Amity_Partner_001,2025-12-25,Partner_Amity_Online_2026,23228113322,3634.73,16,13,0,0,227,280,0,-,-,-,19%,0
Google Ads,DSA,Degreefyd_Generic_Regular,2025-12-25,DSA_Admission_Online_Distance,23349276370,197.65,2,1,0,0,99,198,0,-,-,-,50%,0
Google Ads,Brand,Amity_Partner_001,2025-12-26,Partner_Amity_Online_2026,23228113322,5093.06,18,15,1,1,283,340,58187.5,5093.06,5093.06,8.75%,17%,58187.5
Google Ads,DSA,Degreefyd_Generic_Regular,2025-12-26,DSA_Admission_Online_Distance,23349276370,122.41,3,3,0,0,41,41,0,-,-,-,0%,0
Google Ads,Brand,Amity_Partner_001,2025-12-27,Partner_Amity_Online_2026,23228113322,4476.55,17,15,0,0,263,298,0,-,-,-,12%,0
Google Ads,DSA,Degreefyd_Generic_Regular,2025-12-27,DSA_Admission_Online_Distance,23349276370,103.47,3,3,0,0,34,34,0,-,-,-,0%,0
Google Ads,Brand,Amity_Partner_001,2025-12-28,Partner_Amity_Online_2026,23228113322,4564.51,13,13,0,0,351,351,0,-,-,-,0%,0
Google Ads,DSA,Degreefyd_Generic_Regular,2025-12-28,DSA_Admission_Online_Distance,23349276370,57.37,5,4,0,0,11,14,0,-,-,-,20%,0
Meta Ads,,FaceBook_University_Admit,2025-12-29,All Colleges_MBA_Aryan,All Colleges_MBA_Aryan 01.1,103.01,1,1,0,0,103,103,0,-,-,-,0%,0
Meta Ads,,FaceBook_University_Admit,2025-12-29,All Colleges_MBA_Aryan,All Colleges_MBA_Aryan 05,962.16,10,8,0,0,96,120,0,-,-,-,20%,0
Meta Ads,,FaceBook_University_Admit,2025-12-29,All Colleges_MBA_Aryan,All Colleges_MBA_Aryan 05..2,391.24,5,5,0,0,78,78,0,-,-,-,0%,0
Meta Ads,,FaceBook_University_Admit,2025-12-29,All Colleges_MBA_Aryan,All Colleges_MBA_Aryan 05.1,137.3,6,4,0,0,23,34,0,-,-,-,33%,0
Meta Ads,,FaceBook_University_Admit,2025-12-29,UG_Campaign_aryan,UG Aryan C01,606.21,4,4,0,0,152,152,0,-,-,-,0%,0
Meta Ads,,FaceBook_University_Admit,2025-12-29,Online_UG_PG_Degree_Admission,Online_UG_PG_Online_Admission,947.92,17,16,0,0,56,59,0,-,-,-,6%,0
Meta Ads,,FaceBook_University_Admit,2025-12-29,Online_UG_PG_Degree_Admission_LAL,Online_UG_PG_Online_Admission_LAL,420.72,15,11,0,0,28,38,0,-,-,-,27%,0
Google Ads,Brand,Amity_Partner_001,2025-12-29,Partner_Amity_Online_2026,23228113322,4003.25,11,11,0,0,364,364,0,-,-,-,0%,0
Google Ads,DSA,Degreefyd_Generic_Regular,2025-12-29,DSA_Admission_Online_Distance,23349276370,353.87,7,6,0,0,51,59,0,-,-,-,14%,0
Meta Ads,,FaceBook_Degreefyd_B,2025-12-29,Master-UG&PG-North-09Dec2025,202-UG-Video-16DecDFYD-UGC-Winning,257.21,6,6,0,0,43,43,0,-,-,-,0%,0
Meta Ads,,FaceBook_Degreefyd_B,2025-12-29,Master-India-MBA-Conditional-29Dec,Masters-303-24Dec25,2.93,0,0,0,0,3,3,0,-,-,-,0%,0
Meta Ads,,FaceBook_Degreefyd_B,2025-12-29,Master-India-MBA-Conditional-29Dec,Masters-306,2.68,0,0,0,0,3,3,0,-,-,-,0%,0
Meta Ads,,FaceBook_Degreefyd_B,2025-12-29,Master-North-MBA-Conditional-23Dec2025,GLA_University_G-India_23Dec-Conditional,1.61,0,8,1,0,2,0,0,1.61,-,-,0%,0
Meta Ads,,FaceBook_Degreefyd_B,2025-12-29,Master-India-MBA-Conditional-29Dec,Masters-302.1-24Dec25,12.8,0,0,0,0,13,13,0,-,-,-,0%,0
Meta Ads,,FaceBook_Degreefyd_B,2025-12-29,Master-North-Conditional-26Dec2025,202-UG-Video-16DecDFYD-UGC-India_23Dec-Conditional,0.26,0,0,0,0,0,0,0,-,-,-,0%,0
Meta Ads,,FaceBook_Degreefyd_B,2025-12-29,Master-North-MBA-Conditional-23Dec2025,Online-Degree-India_23Dec-Conditional,104.25,0,0,0,0,104,104,0,-,-,-,0%,0
Meta Ads,,FaceBook_Degreefyd_B,2025-12-29,Master-North-Conditional-26Dec2025,Don'tQuitJob-29Dec,104.19,1,1,0,0,104,104,0,-,-,-,0%,0
Meta Ads,,FaceBook_Degreefyd_B,2025-12-29,Master-North-Conditional-29Dec,Don'tQuitJob-29Dec,129.77,0,1,0,0,130,130,0,-,-,-,0%,0
Meta Ads,,FaceBook_Degreefyd_B,2025-12-29,Master-India-MBA-Conditional-29Dec,Masters-302-24Dec25,40.23,0,0,0,0,40,40,0,-,-,-,0%,0
Meta Ads,,FaceBook_Degreefyd_B,2025-12-29,Master-North-MBA-Conditional-23Dec2025,Masters-JobReady-29Dec,90.65,0,0,0,0,91,91,0,-,-,-,0%,0
Meta Ads,,FaceBook_Degreefyd_B,2025-12-29,Master-India-MBA-Conditional-29Dec,Masters-306.1,7.55,0,0,0,0,8,8,0,-,-,-,0%,0
Meta Ads,,FaceBook_Degreefyd_B,2025-12-29,Master-India-MBA-Conditional-29Dec,Masters-306.2,20.23,0,0,0,0,20,20,0,-,-,-,0%,0
Meta Ads,,FaceBook_Degreefyd_B,2025-12-29,Master-North-MBA-Conditional-29Dec,Masters-JobReady-29Dec,148.97,1,0,0,0,149,149,0,-,-,-,100%,0
Meta Ads,,FaceBook_Degreefyd_B,2025-12-29,Master-India-MBA-Conditional-29Dec,Masters-306.3,36.86,0,0,0,0,37,37,0,-,-,-,0%,0
Meta Ads,,FaceBook_Degreefyd_B,2025-12-29,Master-North-MBA-Conditional-23Dec2025,Masters-305-24Dec25,5.38,0,0,0,0,5,5,0,-,-,-,0%,0
Meta Ads,,FaceBook_Degreefyd_B,2025-12-29,Master-North-MBA-Conditional-23Dec2025,Masters-302-24Dec25,97.19,0,0,0,0,97,97,0,-,-,-,0%,0
Meta Ads,,FaceBook_Degreefyd_B,2025-12-29,Master-North-MBA-Conditional-23Dec2025,Masters-303-24Dec25,4.35,0,0,0,0,4,4,0,-,-,-,0%,0
Meta Ads,,FaceBook_Degreefyd_B,2025-12-29,Master-North-Conditional-26Dec2025,C04-India_23Dec-Conditional-C1-AI,434.79,5,5,0,0,87,87,0,-,-,-,0%,0
Meta Ads,,FaceBook_Degreefyd_B,2025-12-29,Master-India-MBA-Conditional-29Dec,Masters-305-24Dec25,0.36,0,0,0,0,0,0,0,-,-,-,0%,0
Meta Ads,,FaceBook_Degreefyd_B,2025-12-29,Master-India-MBA-Conditional-23Dec2025,Masters-306.3,6.65,0,0,0,0,7,7,0,-,-,-,0%,0
Meta Ads,,FaceBook_Degreefyd_B,2025-12-29,Master-UG&PG-North-09Dec2025,201.1-UG-Video-16Dec-UGC-DFYD-Winning,819.76,9,8,0,0,91,102,0,-,-,-,11%,0
Meta Ads,,FaceBook_Degreefyd_B,2025-12-29,Master-India-Conditional-23Dec2025,202-UG-Video-16DecDFYD-UGC-India_23Dec-Conditional,256.13,0,0,0,0,256,256,0,-,-,-,0%,0
Meta Ads,,FaceBook_Degreefyd_B,2025-12-29,GLA_Online_G_17Dec25,GLA_Online_G_17Dec25_01,153.74,3,3,0,0,51,51,0,-,-,-,0%,0
Meta Ads,,FaceBook_Degreefyd_B,2025-12-29,GLA_Online_G_17Dec25,GLA_Online_G_17Dec25_P_Ad_01,211.16,4,3,1,1,53,70,13125,211.16,211.16,1.61%,25%,26250
Meta Ads,,FaceBook_Degreefyd_B,2025-12-29,UG_C | Co4 | Lookalike,UG_C | Co4 | Lookalike,1015.46,11,10,1,0,92,102,0,1015.46,-,-,9%,0
Meta Ads,,FaceBook_Degreefyd_B,2025-12-29,GLA MBA,GLA Girl Video,46.99,0,0,0,0,47,47,0,-,-,-,0%,0
Meta Ads,,FaceBook_Degreefyd_B,2025-12-29,GLA MBA,GLA Man Video,365.16,9,5,0,0,41,73,0,-,-,-,44%,0
Meta Ads,,FaceBook_Degreefyd_B,2025-12-29,UG_Online_Admission_2026,UG_Online_Admission_Ad_Set01_Ad02,39.7,2,0,0,0,20,40,0,-,-,-,100%,0
Meta Ads,,FaceBook_Degreefyd_B,2025-12-29,UG_Online_Admission_2026,UG_Online_Admission_Ad_Set01_Ad01,686.45,13,10,0,0,53,69,0,-,-,-,23%,0
Meta Ads,,FaceBook_Degreefyd_B,2025-12-29,Master-India-Conditional-23Dec2025,201-UG-Video-16Dec-UGC-DFYD-India_23Dec-Conditional,16.4,0,0,0,0,16,16,0,-,-,-,0%,0
Meta Ads,,FaceBook_Degreefyd_B,2025-12-29,Master-India-MBA-Conditional-23Dec2025,Masters-306.2,24.51,0,0,0,0,25,25,0,-,-,-,0%,0
Meta Ads,,FaceBook_Degreefyd_B,2025-12-29,Master-India-MBA-Conditional-23Dec2025,Online-Degree-India_23Dec-Conditional,10.67,0,0,0,0,11,11,0,-,-,-,0%,0
Meta Ads,,FaceBook_Degreefyd_B,2025-12-29,Master-India-MBA-Conditional-23Dec2025,GLA_University_G-India_23Dec-Conditional,669.53,12,8,1,0,56,84,0,669.53,-,-,33%,0
Meta Ads,,FaceBook_Degreefyd_B,2025-12-29,Master-India-MBA-Conditional-23Dec2025,Masters-303-24Dec25,6.04,0,0,0,0,6,6,0,-,-,-,0%,0
Meta Ads,,FaceBook_Degreefyd_B,2025-12-29,Master-India-MBA-Conditional-23Dec2025,Masters-302-24Dec25,121.26,1,0,0,0,121,121,0,-,-,-,100%,0
Meta Ads,,FaceBook_Degreefyd_B,2025-12-29,Master-India-MBA-Conditional-23Dec2025,Masters-305-24Dec25,7.23,0,0,0,0,7,7,0,-,-,-,0%,0
Meta Ads,,FaceBook_Degreefyd_B,2025-12-29,Master-India-MBA-Conditional-23Dec2025,Masters-302.1-24Dec25,29.61,0,0,0,0,30,30,0,-,-,-,0%,0
Meta Ads,,FaceBook_Degreefyd_B,2025-12-29,Master-India-MBA-Conditional-23Dec2025,Masters-306,11.47,0,0,0,0,11,11,0,-,-,-,0%,0
Meta Ads,,FaceBook_Degreefyd_B,2025-12-29,Master-India-MBA-Conditional-23Dec2025,Masters-306.1,36.6,0,0,0,0,37,37,0,-,-,-,0%,0
Meta Ads,,FaceBook_Degreefyd_B,2025-12-29,GLA MBA,GLA Image,74.77,0,0,0,0,75,75,0,-,-,-,0%,0
Meta Ads,,FaceBook_Degreefyd_B,2025-12-30,IU Leads Campaign - 17th June 2025,IGNOU MBA - 18th August,250.71,8,6,0,0,31,42,0,-,-,-,25%,0
Meta Ads,,FaceBook_Degreefyd_B,2025-12-30,Master-North-MBA-Conditional-23Dec2025,Online-Degree-India_23Dec-Conditional,6.05,1,1,0,0,6,6,0,-,-,-,0%,0
Meta Ads,,FaceBook_Degreefyd_B,2025-12-30,Master-India-MBA-Conditional-29Dec,Masters-306.1,44.79,,0,0,0,45,45,0,-,-,-,0%,0
Meta Ads,,FaceBook_Degreefyd_B,2025-12-30,Master-North-MBA-Conditional-29Dec,Masters-JobReady-29Dec,155.19,1,0,0,0,155,155,0,-,-,-,100%,0
Meta Ads,,FaceBook_Degreefyd_B,2025-12-30,Master-India-MBA-Conditional-29Dec,Masters-306.3,21.82,,0,0,0,22,22,0,-,-,-,0%,0
Meta Ads,,FaceBook_Degreefyd_B,2025-12-30,Master-India-MBA-Conditional-29Dec,Masters-306.2,20.95,,0,0,0,21,21,0,-,-,-,0%,0
Meta Ads,,FaceBook_Degreefyd_B,2025-12-30,Master-India-MBA-Conditional-29Dec,Masters-302-24Dec25,31.48,,0,0,0,31,31,0,-,-,-,0%,0
Meta Ads,,FaceBook_Degreefyd_B,2025-12-30,Master-India-MBA-Conditional-29Dec,Masters-302.1-24Dec25,60.59,,0,0,0,61,61,0,-,-,-,0%,0
Meta Ads,,FaceBook_Degreefyd_B,2025-12-30,Master-North-Conditional-29Dec,Don'tQuitJob-29Dec,239.19,3,1,0,0,80,239,0,-,-,-,67%,0
Meta Ads,,FaceBook_Degreefyd_B,2025-12-30,Master-India-MBA-Conditional-29Dec,Masters-306,6.38,,0,0,0,6,6,0,-,-,-,0%,0
Meta Ads,,FaceBook_Degreefyd_B,2025-12-30,Master-India-MBA-Conditional-29Dec,Masters-303-24Dec25,11.94,,0,0,0,12,12,0,-,-,-,0%,0
Meta Ads,,FaceBook_Degreefyd_B,2025-12-30,Master-India-MBA-Conditional-29Dec,Masters-305-24Dec25,2.47,,0,0,0,2,2,0,-,-,-,0%,0
Meta Ads,,FaceBook_Degreefyd_B,2025-12-30,Master-North-Conditional-26Dec2025,C04-India_23Dec-Conditional-C1-AI,375.25,2,1,0,0,188,375,0,-,-,-,50%,0
Meta Ads,,FaceBook_Degreefyd_B,2025-12-30,Master-North-MBA-Conditional-23Dec2025,GLA_University_G-India_23Dec-Conditional,423.37,9,9,0,0,47,47,0,-,-,-,0%,0
Meta Ads,,FaceBook_Degreefyd_B,2025-12-30,Master-UG&PG-North-09Dec2025,202-UG-Video-16DecDFYD-UGC-Winning,340.84,3,2,0,0,114,170,0,-,-,-,33%,0
Meta Ads,,FaceBook_Degreefyd_B,2025-12-30,Master-India-MBA-Conditional-23Dec2025,GLA_University_G-India_23Dec-Conditional,702.2,21,21,0,0,33,33,0,-,-,-,0%,0
Meta Ads,,FaceBook_Degreefyd_B,2025-12-30,Master-India-MBA-Conditional-23Dec2025,Online-Degree-India_23Dec-Conditional,14.24,,0,0,0,14,14,0,-,-,-,0%,0
Meta Ads,,FaceBook_Degreefyd_B,2025-12-30,Master-India-Conditional-23Dec2025,201-UG-Video-16Dec-UGC-DFYD-India_23Dec-Conditional,1.36,,0,0,0,1,1,0,-,-,-,0%,0
Meta Ads,,FaceBook_Degreefyd_B,2025-12-30,Master-India-Conditional-23Dec2025,202-UG-Video-16DecDFYD-UGC-India_23Dec-Conditional,37.2,,0,0,0,37,37,0,-,-,-,0%,0
Meta Ads,,FaceBook_Degreefyd_B,2025-12-30,UG_Online_Admission_2026,UG_Online_Admission_Ad_Set01_Ad01,722.22,12,10,0,0,60,72,0,-,-,-,17%,0
Meta Ads,,FaceBook_Degreefyd_B,2025-12-30,UG_Online_Admission_2026,UG_Online_Admission_Ad_Set01_Ad02,48.12,3,3,0,0,16,16,0,-,-,-,0%,0
Meta Ads,,FaceBook_Degreefyd_B,2025-12-30,GLA MBA,GLA Man Video,361.61,2,2,0,0,181,181,0,-,-,-,0%,0
Meta Ads,,FaceBook_Degreefyd_B,2025-12-30,GLA MBA,GLA Girl Video,19.77,,0,0,0,20,20,0,-,-,-,0%,0
Meta Ads,,FaceBook_Degreefyd_B,2025-12-30,UG_C | Co4 | Lookalike,UG_C | Co4 | Lookalike,894.66,3,3,0,0,298,298,0,-,-,-,0%,0
Meta Ads,,FaceBook_Degreefyd_B,2025-12-30,GLA_Online_G_17Dec25,GLA_Online_G_17Dec25_P_Ad_01,198.29,6,6,0,0,33,33,0,-,-,-,0%,0
Meta Ads,,FaceBook_Degreefyd_B,2025-12-30,GLA_Online_G_17Dec25,GLA_Online_G_17Dec25_01,136.79,2,2,0,0,68,68,0,-,-,-,0%,0
Meta Ads,,FaceBook_Degreefyd_B,2025-12-30,Master-UG&PG-North-09Dec2025,201.1-UG-Video-16Dec-UGC-DFYD-Winning,889.62,14,13,0,0,64,68,0,-,-,-,7%,0
Meta Ads,,FaceBook_Degreefyd_B,2025-12-30,GLA MBA,GLA Image,5.57,,0,0,0,6,6,0,-,-,-,0%,0
Meta Ads,,FaceBook_University_Admit,2025-12-30,All Colleges_MBA_Aryan,All Colleges_MBA_Aryan 05,939.23,6,6,0,0,157,157,0,-,-,-,0%,0
Meta Ads,,FaceBook_University_Admit,2025-12-30,UG_Campaign_aryan,UG Aryan C03,157.99,,0,0,0,158,158,0,-,-,-,0%,0
Meta Ads,,FaceBook_University_Admit,2025-12-30,UG_Campaign_aryan,UG Aryan C02,135.45,2,2,0,0,68,68,0,-,-,-,0%,0
Meta Ads,,FaceBook_University_Admit,2025-12-30,All Colleges_MBA_Aryan,All Colleges_MBA_Aryan 05.1,798.01,6,5,0,0,133,160,0,-,-,-,17%,0
Meta Ads,,FaceBook_University_Admit,2025-12-30,All Colleges_MBA_Aryan,All Colleges_MBA_Aryan 05..2,968.58,19,19,0,0,51,51,0,-,-,-,0%,0
Meta Ads,,FaceBook_University_Admit,2025-12-30,UG_Campaign_aryan,UG Aryan C01,655.19,4,4,0,0,164,164,0,-,-,-,0%,0
Meta Ads,,FaceBook_University_Admit,2025-12-30,Online_UG_PG_Degree_Admission,Online_UG_PG_Online_Admission,941.02,21,16,0,0,45,59,0,-,-,-,24%,0
Meta Ads,,FaceBook_University_Admit,2025-12-30,Online_UG_PG_Degree_Admission_LAL,Online_UG_PG_Online_Admission_LAL,409.53,4,4,0,0,102,102,0,-,-,-,0%,0
Google Ads,Brand,Amity_Partner_001,2025-12-30,Partner_Amity_Online_2026,23228113322,3998.08,10,9,2,2,400,444,37826.25,1999.04,1999.04,10.57%,10%,67567.5
Google Ads,DSA,Degreefyd_Generic_Regular,2025-12-30,DSA_Admission_Online_Distance,23349276370,501.14,8,8,0,0,63,63,0,-,-,-,0%,0
Google Ads,Brand,All_Universities_Tawab,2025-12-30,All Universities | 29/25,23402405004,1027.78,0,1,0,0,1028,1028,0,-,-,-,0%,0
Meta Ads,,FaceBook_University_Admit,2025-12-31,Online_UG_PG_Degree_Admission,Online_UG_PG_Online_Admission,870.34,20,19,0,0,44,46,0,-,-,-,5%,0
Meta Ads,,FaceBook_University_Admit,2025-12-31,Online_UG_PG_Degree_Admission,Online_UG_PG_Degree_Admission_Punjab_Region,146.62,1,1,0,0,147,147,0,-,-,-,0%,0
Meta Ads,,FaceBook_University_Admit,2025-12-31,IGNOU_Online_Courses_Admission,IGNOU_Online_Courses_Admission_RestNE_Ad02,79.53,1,1,0,0,80,80,0,-,-,-,0%,0
Meta Ads,,FaceBook_University_Admit,2025-12-31,IGNOU_Online_Courses_Admission,IGNOU_Online_Courses_Admission_Punjab_Region_Ad02,22.3,1,1,0,0,22,22,0,-,-,-,0%,0
Meta Ads,,FaceBook_University_Admit,2025-12-31,IGNOU_Online_Courses_Admission,IGNOU_Online_Courses_Admission_Delhi_NCR_Ad02,13.86,,0,0,0,14,14,0,-,-,-,0%,0
Meta Ads,,FaceBook_University_Admit,2025-12-31,Online_UG_PG_Degree_Admission_LAL,Online_UG_PG_Online_Admission_LAL,337.64,2,2,0,0,169,169,0,-,-,-,0%,0
Meta Ads,,FaceBook_University_Admit,2025-12-31,All Colleges_MBA_Aryan,All Colleges_MBA_Aryan 05,810.45,6,6,0,0,135,135,0,-,-,-,0%,0
Meta Ads,,FaceBook_University_Admit,2025-12-31,All Colleges_MBA_Aryan,All Colleges_MBA_Aryan 05.1,699.98,13,13,0,0,54,54,0,-,-,-,0%,0
Meta Ads,,FaceBook_University_Admit,2025-12-31,UG_Campaign_aryan,UG Aryan C02,394.34,5,5,0,0,79,79,0,-,-,-,0%,0
Meta Ads,,FaceBook_University_Admit,2025-12-31,UG_Campaign_aryan,UG Aryan C03,368.79,3,3,0,0,123,123,0,-,-,-,0%,0
Meta Ads,,FaceBook_University_Admit,2025-12-31,IGNOU_Online_Courses_Admission,IGNOU_Online_Courses_Admission_Punjab_Region_Ad01,79.51,,0,0,0,80,80,0,-,-,-,0%,0
Meta Ads,,FaceBook_University_Admit,2025-12-31,IGNOU_Online_Courses_Admission,IGNOU_Online_Courses_Admission_Delhi_NCR_Ad01,135.74,4,4,0,0,34,34,0,-,-,-,0%,0
Meta Ads,,FaceBook_University_Admit,2025-12-31,DUSOL_Online_Courses_Admission,DUSOL_Online_Courses_Admission_Delhi_NCR_Ad_01,103.74,2,2,0,0,52,52,0,-,-,-,0%,0
Meta Ads,,FaceBook_University_Admit,2025-12-31,IGNOU_Online_Courses_Admission,IGNOU_Online_Courses_Admission_RestNE_Ad01,52.85,1,1,0,0,53,53,0,-,-,-,0%,0
Meta Ads,,FaceBook_University_Admit,2025-12-31,UG_Campaign_aryan,UG Aryan C01,542.12,5,4,0,0,108,136,0,-,-,-,20%,0
Meta Ads,,FaceBook_University_Admit,2025-12-31,All Colleges_MBA_Aryan,All Colleges_MBA_Aryan 05..2,811.93,8,8,1,0,101,101,0,811.93,-,-,0%,0
Meta Ads,,FaceBook_University_Admit,2026-01-01,Online_UG_PG_Degree_Admission,Online_UG_PG_Degree_Admission_Punjab_Region,407.17,1,1,0,0,407,407,0,-,-,-,0%,0
Meta Ads,,FaceBook_University_Admit,2026-01-01,Online_UG_PG_Degree_Admission,Online_UG_PG_Online_Admission,834.17,13,11,0,0,64,76,0,-,-,-,15%,0
Meta Ads,,FaceBook_Degreefyd_B,2025-12-31,GLA MBA,GLA Image,5.37,,0,0,0,5,5,0,-,-,-,0%,0
Meta Ads,,FaceBook_Degreefyd_B,2025-12-31,Master-India-MBA-Conditional-29Dec,Masters-302-24Dec25,164.91,2,2,0,0,82,82,0,-,-,-,0%,0
Meta Ads,,FaceBook_Degreefyd_B,2025-12-31,Master-UG&PG-North-09Dec2025,201.1-UG-Video-16Dec-UGC-DFYD-Conditional,29.26,,0,0,0,29,29,0,-,-,-,0%,0
Meta Ads,,FaceBook_Degreefyd_B,2025-12-31,GLA MBA,GLA Girl Video,7.81,,0,0,0,8,8,0,-,-,-,0%,0
Meta Ads,,FaceBook_Degreefyd_B,2025-12-31,Master-UG&PG-North-09Dec2025,201.1-UG-Video-16Dec-UGC-DFYD-Winning,779.23,7,7,0,0,111,111,0,-,-,-,0%,0
Meta Ads,,FaceBook_Degreefyd_B,2025-12-31,Master-North-MBA-Conditional-23Dec2025,Online-Degree-India_23Dec-Conditional,1.49,,0,0,0,1,1,0,-,-,-,0%,0
Meta Ads,,FaceBook_Degreefyd_B,2025-12-31,Master-India-MBA-Conditional-23Dec2025,Online-Degree-India_23Dec-Conditional,10.12,,0,0,0,10,10,0,-,-,-,0%,0
Meta Ads,,FaceBook_Degreefyd_B,2025-12-31,GLA_Online_G_17Dec25,GLA_Online_G_17Dec25_P_Ad_01,168.03,1,1,0,0,168,168,0,-,-,-,0%,0
Meta Ads,,FaceBook_Degreefyd_B,2025-12-31,Master-India-MBA-Conditional-29Dec,Masters-306.2,32.96,,0,0,0,33,33,0,-,-,-,0%,0
Meta Ads,,FaceBook_Degreefyd_B,2025-12-31,IU Leads Campaign - 17th June 2025,IGNOU MBA - 18th August,495.57,10,8,0,0,50,62,0,-,-,-,20%,0
Meta Ads,,FaceBook_Degreefyd_B,2025-12-31,Master-India-MBA-Conditional-23Dec2025,GLA_University_G-India_23Dec-Conditional,687.93,11,7,0,0,63,98,0,-,-,-,36%,0
Meta Ads,,FaceBook_Degreefyd_B,2025-12-31,UG_Online_Admission_2026,UG_Online_Admission_Ad_Set01_Ad01,634.53,8,6,0,0,79,106,0,-,-,-,25%,0
Meta Ads,,FaceBook_Degreefyd_B,2025-12-31,Master-North-Conditional-26Dec2025,C04-India_23Dec-Conditional-C1-AI,275.21,5,4,0,0,55,69,0,-,-,-,20%,0
Meta Ads,,FaceBook_Degreefyd_B,2025-12-31,Master-North-MBA-Conditional-29Dec,Masters-JobReady-29Dec,615.56,3,3,0,0,205,205,0,-,-,-,0%,0
Meta Ads,,FaceBook_Degreefyd_B,2025-12-31,Master-North-Conditional-29Dec,Don'tQuitJob-29Dec,258.4,1,1,0,0,258,258,0,-,-,-,0%,0
Meta Ads,,FaceBook_Degreefyd_B,2025-12-31,Master-North-MBA-Conditional-23Dec2025,GLA_University_G-India_23Dec-Conditional-North,408.95,12,7,0,0,34,58,0,-,-,-,42%,0
Meta Ads,,FaceBook_Degreefyd_B,2025-12-31,Master-India-MBA-Conditional-29Dec,Masters-306.3,10.98,,0,0,0,11,11,0,-,-,-,0%,0
Meta Ads,,FaceBook_Degreefyd_B,2025-12-31,Master-UG&PG-North-09Dec2025,202-UG-Video-16DecDFYD-UGC-Winning,406.99,11,8,0,0,37,51,0,-,-,-,27%,0
Meta Ads,,FaceBook_Degreefyd_B,2025-12-31,Master-India-MBA-Conditional-29Dec,Masters-302.1-24Dec25,28.17,,0,0,0,28,28,0,-,-,-,0%,0
Meta Ads,,FaceBook_Degreefyd_B,2025-12-31,Master-North-Conditional-26Dec2025,201-UG-Video-16Dec-UGC-DFYD-India_23Dec-Conditional,0.17,,0,0,0,0,0,0,-,-,-,0%,0
Meta Ads,,FaceBook_Degreefyd_B,2025-12-31,GLA_Online_G_17Dec25,GLA_Online_G_17Dec25_01,133.38,1,0,0,0,133,133,0,-,-,-,100%,0
Meta Ads,,FaceBook_Degreefyd_B,2025-12-31,UG_Online_Admission_2026,UG_Online_Admission_Ad_Set01_Ad02,37.6,2,1,0,0,19,38,0,-,-,-,50%,0
Meta Ads,,FaceBook_Degreefyd_B,2025-12-31,UG_C | Co4 | Lookalike,UG_C | Co4 | Lookalike,899.5,9,7,0,0,100,129,0,-,-,-,22%,0
Meta Ads,,FaceBook_Degreefyd_B,2025-12-31,Master-India-MBA-Conditional-29Dec,Masters-306.1,4.34,,0,0,0,4,4,0,-,-,-,0%,0
Meta Ads,,FaceBook_Degreefyd_B,2025-12-31,GLA MBA,GLA Man Video,347.81,5,3,0,0,70,116,0,-,-,-,40%,0
Meta Ads,,FaceBook_Degreefyd_B,2026-01-01,Master-UG&PG-North-09Dec2025,201.1-UG-Video-16Dec-UGC-DFYD-Conditional,107.78,3,1,0,0,36,108,0,-,-,-,67%,0
Meta Ads,,FaceBook_Degreefyd_B,2026-01-01,Master-UG&PG-North-09Dec2025,201.1-UG-Video-16Dec-UGC-DFYD-Winning,309.26,1,0,0,0,309,309,0,-,-,-,100%,0
Meta Ads,,FaceBook_Degreefyd_B,2026-01-01,Master-North-MBA-Conditional-23Dec2025,Online-Degree-India_23Dec-Conditional,1,,0,0,0,1,1,0,-,-,-,0%,0
Meta Ads,,FaceBook_Degreefyd_B,2026-01-01,Master-India-MBA-Conditional-23Dec2025,Online-Degree-India_23Dec-Conditional,5.88,,0,0,0,6,6,0,-,-,-,0%,0
Meta Ads,,FaceBook_Degreefyd_B,2026-01-01,Master-India-MBA-Conditional-23Dec2025,GLA_University_G-India_23Dec-Conditional,649.01,15,9,1,1,43,72,26206.25,649.01,649.01,2.48%,40%,52412.5
Meta Ads,,FaceBook_Degreefyd_B,2026-01-01,UG_Online_Admission_2026,UG_Online_Admission_Ad_Set01_Ad01,624.7,23,12,0,0,27,52,0,-,-,-,48%,0
Meta Ads,,FaceBook_Degreefyd_B,2026-01-01,Master-North-MBA-Conditional-23Dec2025,GLA_University_G-India_23Dec-Conditional-North,354.49,4,4,0,0,89,89,0,-,-,-,0%,0
Meta Ads,,FaceBook_Degreefyd_B,2026-01-01,UG_Online_Admission_2026,UG_Online_Admission_Ad_Set01_Ad02,51.75,2,2,0,0,26,26,0,-,-,-,0%,0
Meta Ads,,FaceBook_Degreefyd_B,2026-01-01,Master-UG&PG-North-09Dec2025,202-UG-Video-16DecDFYD-UGC-Winning,770.08,15,4,0,0,51,193,0,-,-,-,73%,0
Meta Ads,,FaceBook_Degreefyd_B,2026-01-01,UG_C | Co4 | Lookalike,UG_C | Co4 | Lookalike,845.17,5,2,0,0,169,423,0,-,-,-,60%,0
Google Ads,Brand,Amity_Partner_001,2025-12-31,Partner_Amity_Online_2026,23228113322,3924.08,10,10,1,0,392,392,0,3924.08,-,-,0%,0
Google Ads,DSA,Degreefyd_Generic_Regular,2025-12-31,DSA_Admission_Online_Distance,23349276370,1002.82,17,11,0,0,59,91,0,-,-,-,35%,0
Google Ads,Brand,All_Universities_Tawab,2025-12-31,All Universities | 29/25,23402405004,118.56,0,0,0,0,119,119,0,-,-,-,0%,0
Google Ads,Brand,Amity_Partner_001,2026-01-01,Partner_Amity_Online_2026,23228113322,4338.03,12,12,0,0,362,362,0,-,-,-,0%,0
Google Ads,DSA,Degreefyd_Generic_Regular,2026-01-01,DSA_Admission_Online_Distance,23349276370,182.6,3,3,0,0,61,61,0,-,-,-,0%,0
Meta Ads,,FaceBook_University_Admit,2026-01-02,UG_Campaign_aryan,UG Aryan C02,602.31,3,3,0,0,201,201,0,-,-,-,0%,0
Meta Ads,,FaceBook_University_Admit,2026-01-02,UG_Campaign_aryan,UG Aryan C03,670.58,8,8,0,0,84,84,0,-,-,-,0%,0
Meta Ads,,FaceBook_University_Admit,2026-01-02,UG_Campaign_aryan,UG Aryan C01,973.31,6,5,0,0,162,195,0,-,-,-,17%,0
Meta Ads,,FaceBook_University_Admit,2026-01-02,Online_UG_PG_Degree_Admission_LAL,Online_UG_PG_Online_Admission_LAL,796.52,11,11,0,0,72,72,0,-,-,-,0%,0
Meta Ads,,FaceBook_University_Admit,2026-01-02,Online_UG_PG_Degree_Admission,Online_UG_PG_Online_Admission,848.75,11,11,0,0,77,77,0,-,-,-,0%,0
Meta Ads,,FaceBook_University_Admit,2026-01-02,Online_UG_PG_Degree_Admission,Online_UG_PG_Degree_Admission_Punjab_Region,381.07,4,4,0,0,95,95,0,-,-,-,0%,0
Meta Ads,,FaceBook_University_Admit,2026-01-02,IGNOU_Online_Courses_Admission,IGNOU_Online_Courses_Admission_RestNE_Ad02,203.4,1,1,0,0,203,203,0,-,-,-,0%,0
Meta Ads,,FaceBook_University_Admit,2026-01-02,IGNOU_Online_Courses_Admission,IGNOU_Online_Courses_Admission_Punjab_Region_Ad02,75.24,,0,0,0,75,75,0,-,-,-,0%,0
Meta Ads,,FaceBook_University_Admit,2026-01-02,IGNOU_Online_Courses_Admission,IGNOU_Online_Courses_Admission_Delhi_NCR_Ad02,114.06,2,2,0,0,57,57,0,-,-,-,0%,0
Meta Ads,,FaceBook_University_Admit,2026-01-02,IGNOU_Online_Courses_Admission,IGNOU_Online_Courses_Admission_RestNE_Ad01,291.64,12,13,0,0,24,22,0,-,-,-,-8%,0
Meta Ads,,FaceBook_University_Admit,2026-01-02,IGNOU_Online_Courses_Admission,IGNOU_Online_Courses_Admission_Delhi_NCR_Ad01,395.05,9,8,0,0,44,49,0,-,-,-,11%,0
Meta Ads,,FaceBook_University_Admit,2026-01-02,IGNOU_Online_Courses_Admission,IGNOU_Online_Courses_Admission_Punjab_Region_Ad01,261.78,7,8,0,0,37,33,0,-,-,-,-14%,0
Meta Ads,,FaceBook_University_Admit,2026-01-02,DUSOL_Online_Courses_Admission,DUSOL_Online_Courses_Admission_Delhi_NCR_Ad_01,510.4,22,21,0,0,23,24,0,-,-,-,5%,0
Meta Ads,,FaceBook_University_Admit,2026-01-02,All Colleges_MBA_Aryan,All Colleges_MBA_Aryan 05.1,1000.93,12,11,1,1,83,91,19250,1000.93,1000.93,5.20%,8%,38500
Meta Ads,,FaceBook_University_Admit,2026-01-02,All Colleges_MBA_Aryan,All Colleges_MBA_Aryan 05.3,170.8,,0,0,0,171,171,0,-,-,-,0%,0
Meta Ads,,FaceBook_University_Admit,2026-01-02,All Colleges_MBA_Aryan,All Colleges_MBA_Aryan 05..2,869.96,25,26,0,0,35,33,0,-,-,-,-4%,0
Meta Ads,,FaceBook_University_Admit,2026-01-02,All Colleges_MBA_Aryan,All Colleges_MBA_Aryan 05,1542.54,19,17,1,1,81,91,26031.25,1542.54,1542.54,5.93%,11%,51975
Meta Ads,,FaceBook_Degreefyd_B,2026-01-02,IU Leads Campaign - 17th June 2025,IGNOU MBA - 18th August,707.19,26,25,0,0,27,28,0,-,-,-,4%,0
Meta Ads,,FaceBook_Degreefyd_B,2026-01-02,UG_C | Co4 | Lookalike,UG_C | CITY | Lookalike,349.36,2,2,0,0,175,175,0,-,-,-,0%,0
Meta Ads,,FaceBook_Degreefyd_B,2026-01-02,LeadZam-India-31Dec2025,Masters-302-24Dec25-LeadZam,167.51,,0,0,0,168,168,0,-,-,-,0%,0
Meta Ads,,FaceBook_Degreefyd_B,2026-01-02,LeadZam-India-31Dec2025,MBA_Admission_2026_Static-102-LeadZam,20.06,,0,0,0,20,20,0,-,-,-,0%,0
Meta Ads,,FaceBook_Degreefyd_B,2026-01-02,LeadZam-India-31Dec2025,Masters-JobReady-29Dec-LeadZam,168.62,,0,0,0,169,169,0,-,-,-,0%,0
Meta Ads,,FaceBook_Degreefyd_B,2026-01-02,LeadZam-India-31Dec2025,202-UG-Video-16DecDFYD-UGC-LeadZam,184.84,,0,0,0,185,185,0,-,-,-,0%,0
Meta Ads,,FaceBook_Degreefyd_B,2026-01-02,LeadZam-India-31Dec2025,201.1-UG-Video-16Dec-UGC-DFYD-LeadZam,253.55,1,1,0,0,254,254,0,-,-,-,0%,0
Meta Ads,,FaceBook_Degreefyd_B,2026-01-02,LeadZam-India-OldCreatives-31Dec2025,GLA_University_G-India_LeadZam,16.62,,0,0,0,17,17,0,-,-,-,0%,0
Meta Ads,,FaceBook_Degreefyd_B,2026-01-02,LeadZam-India-OldCreatives-31Dec2025,UG_Online_Admission_LeadZam,6.94,,0,0,0,7,7,0,-,-,-,0%,0
Meta Ads,,FaceBook_Degreefyd_B,2026-01-02,UG_C | Co4 | Lookalike,UG_C | study night | Lookalike,43.7,,0,0,0,44,44,0,-,-,-,0%,0
Meta Ads,,FaceBook_Degreefyd_B,2026-01-02,Master-North-Conditional-26Dec2025,C04-India_23Dec-Conditional-C1-AI,448.52,6,6,0,0,75,75,0,-,-,-,0%,0
Meta Ads,,FaceBook_Degreefyd_B,2026-01-02,Master-UG&PG-North-09Dec2025,202-UG-Video-16DecDFYD-UGC-Winning,1038.05,18,18,0,0,58,58,0,-,-,-,0%,0
Meta Ads,,FaceBook_Degreefyd_B,2026-01-02,Master-North-MBA-Conditional-23Dec2025,Online-Degree-India_23Dec-Conditional,3.2,,0,0,0,3,3,0,-,-,-,0%,0
Meta Ads,,FaceBook_Degreefyd_B,2026-01-02,Master-North-MBA-Conditional-23Dec2025,GLA_University_G-India_23Dec-Conditional-North,376.38,10,9,0,0,38,42,0,-,-,-,10%,0
Meta Ads,,FaceBook_Degreefyd_B,2026-01-02,Master-India-MBA-Conditional-23Dec2025,GLA_University_G-India_23Dec-Conditional,735.93,7,7,0,0,105,105,0,-,-,-,0%,0
Meta Ads,,FaceBook_Degreefyd_B,2026-01-02,Master-India-MBA-Conditional-23Dec2025,Online-Degree-India_23Dec-Conditional,30.51,1,0,0,0,31,31,0,-,-,-,100%,0
Meta Ads,,FaceBook_Degreefyd_B,2026-01-02,UG_Online_Admission_2026,UG_Online_Admission_Ad_Set01_Ad01,608.73,14,13,0,0,43,47,0,-,-,-,7%,0
Meta Ads,,FaceBook_Degreefyd_B,2026-01-02,UG_Online_Admission_2026,UG_Online_Admission_Ad_Set01_Ad02,60.95,2,2,0,0,30,30,0,-,-,-,0%,0
Meta Ads,,FaceBook_Degreefyd_B,2026-01-02,UG_C | Co4 | Lookalike,UG_C | Co4 | Lookalike,474.5,3,2,0,0,158,237,0,-,-,-,33%,0
Meta Ads,,FaceBook_Degreefyd_B,2026-01-02,Master-UG&PG-North-09Dec2025,201.1-UG-Video-16Dec-UGC-DFYD-Winning,108.25,3,3,0,0,36,36,0,-,-,-,0%,0
Meta Ads,,FaceBook_Degreefyd_B,2026-01-02,Master-UG&PG-North-09Dec2025,201.1-UG-Video-16Dec-UGC-DFYD-Conditional,19.08,,0,0,0,19,19,0,-,-,-,0%,0
Meta Ads,,FaceBook_Degreefyd,2026-01-02,Remarketing_VGU | 30/12,Remarketing_VGU,135.97,,0,0,0,136,136,0,-,-,-,0%,0
Meta Ads,,FaceBook_Degreefyd,2026-01-02,Remarketing_Shoolini | 30/12,Remarketing_Shoolini,154.05,3,2,0,0,51,77,0,-,-,-,33%,0
Meta Ads,,FaceBook_Degreefyd,2026-01-02,Remarketing_Manipal | 30/12 -,Remarketing_Manipal,132.03,,1,0,0,132,132,0,-,-,-,0%,0
Google Ads,Brand,All_Universities_Tawab,2026-01-02,All Universities | 29/25,23402405004,1620.57,1,0,0,0,1621,1621,0,-,-,-,100%,0
Google Ads,Brand,Amity_Partner_001,2026-01-02,Partner_Amity_Online_2026,23228113322,4326.95,13,11,1,0,333,393,0,4326.95,-,-,15%,0
Google Ads,DSA,Degreefyd_Generic_Regular,2026-01-02,DSA_Admission_Online_Distance,23349276370,112.5,3,1,0,0,38,113,0,-,-,-,67%,0
Meta Ads,,FaceBook_Degreefyd,2026-01-01,Remarketing_Manipal | 30/12 -,Remarketing_Manipal,181.89,1,0,0,0,182,182,0,-,-,-,100%,0
Meta Ads,,FaceBook_Degreefyd,2026-01-01,Remarketing_Shoolini | 30/12,Remarketing_Shoolini,159.31,2,2,0,0,80,80,0,-,-,-,0%,0
Meta Ads,,FaceBook_Degreefyd,2026-01-01,Remarketing_VGU | 30/12,Remarketing_VGU,157.05,,0,0,0,157,157,0,-,-,-,0%,0
Meta Ads,,FaceBook_Degreefyd,2025-12-31,Remarketing_Amity | 30/12,Remarketing_Amity,152.45,,0,0,0,152,152,0,-,-,-,0%,0
Meta Ads,,FaceBook_Degreefyd,2025-12-31,Remarketing_CU | 30/12,Remarketing_CU,155.85,,0,0,0,156,156,0,-,-,-,0%,0
Meta Ads,,FaceBook_Degreefyd,2025-12-31,Remarketing_Manipal | 30/12 -,Remarketing_Manipal,142.14,1,0,0,0,142,142,0,-,-,-,100%,0
Meta Ads,,FaceBook_Degreefyd,2025-12-31,Remarketing_Galgotias | 30/12,Remarketing_Galgotias,146.59,,0,0,0,147,147,0,-,-,-,0%,0
Meta Ads,,FaceBook_Degreefyd,2025-12-31,Remarketing_Shoolini | 30/12,Remarketing_Shoolini,165.11,3,0,0,0,55,165,0,-,-,-,100%,0
Meta Ads,,FaceBook_Degreefyd,2025-12-31,Remarketing_VGU | 30/12,Remarketing_VGU,159.06,3,0,0,0,53,159,0,-,-,-,100%,0
Meta Ads,,FaceBook_Degreefyd,2025-12-31,Remarketing_LPU | 30/12,Remarketing_LPU,145.37,,0,0,0,145,145,0,-,-,-,0%,0
Meta Ads,,FaceBook_Degreefyd,2025-12-30,Remarketing_VGU | 30/12,Remarketing_VGU,50.52,,0,0,0,51,51,0,-,-,-,0%,0
Meta Ads,,FaceBook_Degreefyd,2025-12-30,Remarketing_CU | 30/12,Remarketing_CU,29.01,,0,0,0,29,29,0,-,-,-,0%,0
Meta Ads,,FaceBook_Degreefyd,2025-12-30,Remarketing_Manipal | 30/12 -,Remarketing_Manipal,76.11,,0,0,0,76,76,0,-,-,-,0%,0
Meta Ads,,FaceBook_Degreefyd,2025-12-30,Remarketing_Galgotias | 30/12,Remarketing_Galgotias,3.48,,0,0,0,3,3,0,-,-,-,0%,0
Meta Ads,,FaceBook_Degreefyd,2025-12-30,Remarketing_Shoolini | 30/12,Remarketing_Shoolini,41.03,2,0,0,0,21,41,0,-,-,-,100%,0
Meta Ads,,FaceBook_Degreefyd,2025-12-30,Remarketing_Amity | 30/12,Remarketing_Amity,55.23,,0,0,0,55,55,0,-,-,-,0%,0
Meta Ads,,FaceBook_Degreefyd,2025-12-30,Remarketing_LPU | 30/12,Remarketing_LPU,92.37,,0,0,0,92,92,0,-,-,-,0%,0
Meta Ads,,FaceBook_University_Admit,2026-01-03,UG_Campaign_aryan,UG Aryan C01,138.99,,0,0,0,139,139,0,-,-,-,0%,0
Meta Ads,,FaceBook_University_Admit,2026-01-03,UG_Campaign_aryan,UG Aryan C02,84.16,,0,0,0,84,84,0,-,-,-,0%,0
Meta Ads,,FaceBook_University_Admit,2026-01-03,UG_Campaign_aryan,UG Aryan C03,86.7,,0,0,0,87,87,0,-,-,-,0%,0
Meta Ads,,FaceBook_University_Admit,2026-01-03,Online_UG_PG_Degree_Admission_LAL,Online_UG_PG_Online_Admission_LAL_Save6Month,16.63,,0,0,0,17,17,0,-,-,-,0%,0
Meta Ads,,FaceBook_University_Admit,2026-01-03,Online_UG_PG_Degree_Admission_LAL,Online_UG_PG_Online_Admission_LAL,606.82,9,9,0,0,67,67,0,-,-,-,0%,0
Meta Ads,,FaceBook_University_Admit,2026-01-03,Online_UG_PG_Degree_Admission,Online_UG_PG_Degree_Admission_Punjab_Region,336.75,4,4,0,0,84,84,0,-,-,-,0%,0
Meta Ads,,FaceBook_University_Admit,2026-01-03,Online_UG_PG_Degree_Admission,Online_UG_PG_Online_Admission,818.99,11,11,1,0,74,74,0,818.99,-,-,0%,0
Meta Ads,,FaceBook_University_Admit,2026-01-03,Online_UG_PG_Degree_Admission,Online_UG_PG_Degree_Admission_Punjab_Region_Save6Months,10.37,,0,0,0,10,10,0,-,-,-,0%,0
Meta Ads,,FaceBook_University_Admit,2026-01-03,IGNOU_Online_Courses_Admission,IGNOU_Online_Courses_Admission_RestNE_Ad01,158.18,4,4,0,0,40,40,0,-,-,-,0%,0
Meta Ads,,FaceBook_University_Admit,2026-01-03,IGNOU_Online_Courses_Admission,IGNOU_Online_Courses_Admission_Punjab_Region_Ad01,185.06,5,5,0,0,37,37,0,-,-,-,0%,0
Meta Ads,,FaceBook_University_Admit,2026-01-03,IGNOU_Online_Courses_Admission,IGNOU_Online_Courses_Admission_Delhi_NCR_Ad01,229.52,3,2,0,0,77,115,0,-,-,-,33%,0
Meta Ads,,FaceBook_University_Admit,2026-01-03,IGNOU_Online_Courses_Admission,IGNOU_Online_Courses_Admission_Punjab_Region_Ad02,60.94,,0,0,0,61,61,0,-,-,-,0%,0
Meta Ads,,FaceBook_University_Admit,2026-01-03,IGNOU_Online_Courses_Admission,IGNOU_Online_Courses_Admission_Delhi_NCR_Ad02,139.24,6,5,0,0,23,28,0,-,-,-,17%,0
Meta Ads,,FaceBook_University_Admit,2026-01-03,IGNOU_Online_Courses_Admission,IGNOU_Online_Courses_Admission_RestNE_Ad02,239.14,12,12,1,1,20,20,16500,239.14,239.14,1.45%,0%,33000
Meta Ads,,FaceBook_University_Admit,2026-01-03,DUSOL_Online_Courses_Admission,DUSOL_Online_Courses_Admission_Delhi_NCR_Ad_01,406.21,22,23,0,0,18,18,0,-,-,-,-5%,0
Meta Ads,,FaceBook_University_Admit,2026-01-03,All Colleges_MBA_Aryan,All Colleges_MBA_Aryan 05,218.63,5,4,0,0,44,55,0,-,-,-,20%,0
Meta Ads,,FaceBook_University_Admit,2026-01-03,All Colleges_MBA_Aryan,All Colleges_MBA_Aryan 05.1,143.34,1,1,0,0,143,143,0,-,-,-,0%,0
Meta Ads,,FaceBook_University_Admit,2026-01-03,All Colleges_MBA_Aryan,All Colleges_MBA_Aryan 05.3,25.83,,0,0,0,26,26,0,-,-,-,0%,0
Meta Ads,,FaceBook_University_Admit,2026-01-04,Online_UG_PG_Degree_Admission_LAL,Online_UG_PG_Online_Admission_LAL,47,,0,0,0,47,47,0,-,-,-,0%,0
Meta Ads,,FaceBook_University_Admit,2026-01-04,Online_UG_PG_Degree_Admission,Online_UG_PG_Online_Admission,145.45,3,3,0,0,48,48,0,-,-,-,0%,0
Meta Ads,,FaceBook_University_Admit,2026-01-04,Online_UG_PG_Degree_Admission,Online_UG_PG_Degree_Admission_Punjab_Region,42.72,2,2,0,0,21,21,0,-,-,-,0%,0
Meta Ads,,FaceBook_University_Admit,2026-01-04,IGNOU_Online_Courses_Admission,IGNOU_Online_Courses_Admission_Punjab_Region_Ad02,5.94,,0,0,0,6,6,0,-,-,-,0%,0
Meta Ads,,FaceBook_University_Admit,2026-01-04,IGNOU_Online_Courses_Admission,IGNOU_Online_Courses_Admission_Delhi_NCR_Ad02,29.58,1,1,0,0,30,30,0,-,-,-,0%,0
Meta Ads,,FaceBook_University_Admit,2026-01-04,IGNOU_Online_Courses_Admission,IGNOU_Online_Courses_Admission_RestNE_Ad02,20.48,1,1,0,0,20,20,0,-,-,-,0%,0
Meta Ads,,FaceBook_University_Admit,2026-01-04,IGNOU_Online_Courses_Admission,IGNOU_Online_Courses_Admission_RestNE_Ad01,17.77,1,1,0,0,18,18,0,-,-,-,0%,0
Meta Ads,,FaceBook_University_Admit,2026-01-04,IGNOU_Online_Courses_Admission,IGNOU_Online_Courses_Admission_Punjab_Region_Ad01,19.79,1,1,0,0,20,20,0,-,-,-,0%,0
Meta Ads,,FaceBook_University_Admit,2026-01-04,IGNOU_Online_Courses_Admission,IGNOU_Online_Courses_Admission_Delhi_NCR_Ad01,28.52,2,2,0,0,14,14,0,-,-,-,0%,0
Meta Ads,,FaceBook_University_Admit,2026-01-04,DUSOL_Online_Courses_Admission,DUSOL_Online_Courses_Admission_Delhi_NCR_Ad_01,68.14,,0,0,0,68,68,0,-,-,-,0%,0
Meta Ads,,FaceBook_University_Admit,2026-01-04,All Colleges_MBA_Aryan 02,All Colleges_MBA_Aryan 05,6.22,,0,0,0,6,6,0,-,-,-,0%,0
Meta Ads,,FaceBook_University_Admit,2026-01-04,All Colleges_MBA_Aryan 02,All Colleges_MBA_Aryan 02,0.96,,0,0,0,1,1,0,-,-,-,0%,0
Meta Ads,,FaceBook_Degreefyd,2026-01-03,Remarketing_VGU | 30/12,Remarketing_VGU,141.05,1,1,0,0,141,141,0,-,-,-,0%,0
Meta Ads,,FaceBook_Degreefyd,2026-01-03,Remarketing_Shoolini | 30/12,Remarketing_Shoolini,124.77,3,2,0,0,42,62,0,-,-,-,33%,0
Meta Ads,,FaceBook_Degreefyd,2026-01-03,Remarketing_Manipal | 30/12 -,Remarketing_Manipal,110.93,1,1,0,0,111,111,0,-,-,-,0%,0
Meta Ads,,FaceBook_Degreefyd,2026-01-04,Remarketing_VGU | 30/12,Remarketing_VGU,179.19,,0,0,0,179,179,0,-,-,-,0%,0
Meta Ads,,FaceBook_Degreefyd,2026-01-04,Remarketing_Shoolini | 30/12,Remarketing_Shoolini,173.75,,0,0,0,174,174,0,-,-,-,0%,0
Meta Ads,,FaceBook_Degreefyd,2026-01-04,Remarketing_Manipal | 30/12 -,Remarketing_Manipal,182.08,,0,0,0,182,182,0,-,-,-,0%,0
Meta Ads,,FaceBook_Degreefyd_B,2026-01-03,Master-UG&PG-North-09Dec2025,202-UG-Video-16DecDFYD-UGC-Winning,670.02,10,10,0,0,67,67,0,-,-,-,0%,0
Meta Ads,,FaceBook_Degreefyd_B,2026-01-03,Group_Online_Admission_2026,Group_Online_Admission_2026_Carousel_01_Summary,15.97,,0,0,0,16,16,0,-,-,-,0%,0
Meta Ads,,FaceBook_Degreefyd_B,2026-01-03,UG_C | Co4 | Lookalike,UG_C | Co4 | Lookalike,233.28,1,1,0,0,233,233,0,-,-,-,0%,0
Meta Ads,,FaceBook_Degreefyd_B,2026-01-03,UG_Online_Admission_2026,UG_Online_Admission_Ad_Set01_Ad02,89.44,3,3,0,0,30,30,0,-,-,-,0%,0
Meta Ads,,FaceBook_Degreefyd_B,2026-01-03,UG_Online_Admission_2026,UG_Online_Admission_Ad_Set01_Ad01,576.12,16,17,0,0,36,34,0,-,-,-,-6%,0
Meta Ads,,FaceBook_Degreefyd_B,2026-01-03,Master-India-MBA-Conditional-23Dec2025,Online-Degree-India_23Dec-Conditional,18.12,,0,0,0,18,18,0,-,-,-,0%,0
Meta Ads,,FaceBook_Degreefyd_B,2026-01-03,Master-India-MBA-Conditional-23Dec2025,GLA_University_G-India_23Dec-Conditional,692.56,14,14,0,0,49,49,0,-,-,-,0%,0
Meta Ads,,FaceBook_Degreefyd_B,2026-01-03,Master-North-MBA-Conditional-23Dec2025,GLA_University_G-India_23Dec-Conditional-North,361.76,9,9,0,0,40,40,0,-,-,-,0%,0
Meta Ads,,FaceBook_Degreefyd_B,2026-01-03,Master-North-MBA-Conditional-23Dec2025,Online-Degree-India_23Dec-Conditional,1.45,,0,0,0,1,1,0,-,-,-,0%,0
Meta Ads,,FaceBook_Degreefyd_B,2026-01-03,Master-North-Conditional-26Dec2025,C04-India_23Dec-Conditional-C1-AI,423.62,2,1,0,0,212,424,0,-,-,-,50%,0
Meta Ads,,FaceBook_Degreefyd_B,2026-01-03,Master-UG&PG-North-09Dec2025,201.1-UG-Video-16Dec-UGC-DFYD-Conditional,16.55,,0,0,0,17,17,0,-,-,-,0%,0
Meta Ads,,FaceBook_Degreefyd_B,2026-01-03,Group_Online_Admission_2026,Group_Online_Admission_2026_Carousel_01_Fee_Breakup,52.88,,0,0,0,53,53,0,-,-,-,0%,0
Meta Ads,,FaceBook_Degreefyd_B,2026-01-03,Group_Online_Admission_2026,Group_Online_Admission_2026_Dynamic_01_Summary,80.25,,0,0,0,80,80,0,-,-,-,0%,0
Meta Ads,,FaceBook_Degreefyd_B,2026-01-03,UG_C | Co4 | Lookalike,UG_C | FEW SEAT | Lookalike,182.65,2,2,0,0,91,91,0,-,-,-,0%,0
Meta Ads,,FaceBook_Degreefyd_B,2026-01-03,UG_C | Co4 | Lookalike,UG_C | CITY | Lookalike,385.86,2,2,0,0,193,193,0,-,-,-,0%,0
Meta Ads,,FaceBook_Degreefyd_B,2026-01-03,UG_C | Co4 | Lookalike,UG_C | study night | Lookalike,132.09,,0,0,0,132,132,0,-,-,-,0%,0
Meta Ads,,FaceBook_Degreefyd_B,2026-01-03,LeadZam-India-31Dec2025,201.1-UG-Video-16Dec-UGC-DFYD-LeadZam,250.87,1,1,0,0,251,251,0,-,-,-,0%,0
Meta Ads,,FaceBook_Degreefyd_B,2026-01-03,LeadZam-India-31Dec2025,202-UG-Video-16DecDFYD-UGC-LeadZam,144.91,1,1,0,0,145,145,0,-,-,-,0%,0
Meta Ads,,FaceBook_Degreefyd_B,2026-01-03,LeadZam-India-31Dec2025,Masters-JobReady-29Dec-LeadZam,131.1,2,0,0,0,66,131,0,-,-,-,100%,0
Meta Ads,,FaceBook_Degreefyd_B,2026-01-03,LeadZam-India-31Dec2025,Masters-302-24Dec25-LeadZam,264.54,2,0,0,0,132,265,0,-,-,-,100%,0
Meta Ads,,FaceBook_Degreefyd_B,2026-01-03,LeadZam-India-OldCreatives-31Dec2025,UG_Online_Admission_LeadZam,128.79,,2,0,0,129,64,0,-,-,-,0%,0
Meta Ads,,FaceBook_Degreefyd_B,2026-01-03,LeadZam-India-OldCreatives-31Dec2025,GLA_University_G-India_LeadZam,548.61,4,7,0,0,137,78,0,-,-,-,-75%,0
Meta Ads,,FaceBook_Degreefyd_B,2026-01-03,IU Leads Campaign - 17th June 2025,IGNOU MBA - 18th August,718.65,14,14,2,0,51,51,0,359.325,-,-,0%,0
Meta Ads,,FaceBook_Degreefyd_B,2026-01-04,IU Leads Campaign - 17th June 2025,IGNOU MBA - 18th August,550.51,20,20,0,0,28,28,0,-,-,-,0%,0
Meta Ads,,FaceBook_Degreefyd_B,2026-01-04,Group_Online_Admission_2026,Group_Online_Admission_2026_Carousel_01_Summary,167.84,2,2,0,0,84,84,0,-,-,-,0%,0
Meta Ads,,FaceBook_Degreefyd_B,2026-01-04,UG_Online_Admission_2026,UG_Online_Admission_Ad_Set01_Ad02,96.14,1,1,1,0,96,96,0,96.14,-,-,0%,0
Meta Ads,,FaceBook_Degreefyd_B,2026-01-04,UG_Online_Admission_2026,UG_Online_Admission_Ad_Set01_Ad01,653.32,10,9,0,0,65,73,0,-,-,-,10%,0
Meta Ads,,FaceBook_Degreefyd_B,2026-01-04,Master-India-MBA-Conditional-23Dec2025,Online-Degree-India_23Dec-Conditional,16.21,2,2,0,0,8,8,0,-,-,-,0%,0
Meta Ads,,FaceBook_Degreefyd_B,2026-01-04,Master-India-MBA-Conditional-23Dec2025,GLA_University_G-India_23Dec-Conditional,783.48,19,19,1,1,41,41,16500,783.48,783.48,4.75%,0%,33000
Meta Ads,,FaceBook_Degreefyd_B,2026-01-04,Master-North-MBA-Conditional-23Dec2025,GLA_University_G-India_23Dec-Conditional-North,426.03,7,7,0,0,61,61,0,-,-,-,0%,0
Meta Ads,,FaceBook_Degreefyd_B,2026-01-04,Master-North-MBA-Conditional-23Dec2025,Online-Degree-India_23Dec-Conditional,4.35,,2,0,0,4,2,0,-,-,-,0%,0
Meta Ads,,FaceBook_Degreefyd_B,2026-01-04,Master-North-Conditional-26Dec2025,C04-India_23Dec-Conditional-C1-AI,230.07,,0,0,0,230,230,0,-,-,-,0%,0
Meta Ads,,FaceBook_Degreefyd_B,2026-01-04,Master-UG&PG-North-09Dec2025,201.1-UG-Video-16Dec-UGC-DFYD-Conditional,3.38,,0,0,0,3,3,0,-,-,-,0%,0
Meta Ads,,FaceBook_Degreefyd_B,2026-01-04,Group_Online_Admission_2026,Group_Online_Admission_2026_Carousel_01_Fee_Breakup,208.87,2,2,0,0,104,104,0,-,-,-,0%,0
Meta Ads,,FaceBook_Degreefyd_B,2026-01-04,Master-UG&PG-North-09Dec2025,202-UG-Video-16DecDFYD-UGC-Winning,1084.43,10,10,0,0,108,108,0,-,-,-,0%,0
Meta Ads,,FaceBook_Degreefyd_B,2026-01-04,UG_C | Co4 | Lookalike,UG_C | FEW SEAT | Lookalike,70.32,,0,0,0,70,70,0,-,-,-,0%,0
Meta Ads,,FaceBook_Degreefyd_B,2026-01-04,UG_C | Co4 | Lookalike,UG_C | CITY | Lookalike,169.23,,0,0,0,169,169,0,-,-,-,0%,0
Meta Ads,,FaceBook_Degreefyd_B,2026-01-04,UG_C | Co4 | Lookalike,UG_C | study night | Lookalike,41.34,1,1,0,0,41,41,0,-,-,-,0%,0
Meta Ads,,FaceBook_Degreefyd_B,2026-01-04,LeadZam-India-31Dec2025,201.1-UG-Video-16Dec-UGC-DFYD-LeadZam,321.5,1,2,0,0,322,161,0,-,-,-,-100%,0
Meta Ads,,FaceBook_Degreefyd_B,2026-01-04,LeadZam-India-31Dec2025,202-UG-Video-16DecDFYD-UGC-LeadZam,227.51,1,1,0,0,228,228,0,-,-,-,0%,0
Meta Ads,,FaceBook_Degreefyd_B,2026-01-04,LeadZam-India-31Dec2025,Masters-JobReady-29Dec-LeadZam,243.82,1,0,0,0,244,244,0,-,-,-,100%,0
Meta Ads,,FaceBook_Degreefyd_B,2026-01-04,LeadZam-India-31Dec2025,Masters-302-24Dec25-LeadZam,291.49,2,0,0,0,146,291,0,-,-,-,100%,0
Meta Ads,,FaceBook_Degreefyd_B,2026-01-04,LeadZam-India-OldCreatives-31Dec2025,UG_Online_Admission_LeadZam,119.39,,1,0,0,119,119,0,-,-,-,0%,0
Meta Ads,,FaceBook_Degreefyd_B,2026-01-04,LeadZam-India-OldCreatives-31Dec2025,GLA_University_G-India_LeadZam,570.53,10,11,1,0,57,52,0,570.53,-,-,-10%,0
Meta Ads,,FaceBook_Degreefyd_B,2026-01-04,UG_C | Co4 | Lookalike,UG_C | Co4 | Lookalike,662.49,7,6,0,0,95,110,0,-,-,-,14%,0
Meta Ads,,FaceBook_Degreefyd_B,2026-01-04,Group_Online_Admission_2026,Group_Online_Admission_2026_Dynamic_01_Summary,327.59,4,3,0,0,82,109,0,-,-,-,25%,0
Google Ads,Brand,Amity_Partner_001,2026-01-03,Partner_Amity_Online_2026,23228113322,4652.89,16,16,1,0,291,291,0,4652.89,-,-,0%,0
Google Ads,DSA,Degreefyd_Generic_Regular,2026-01-03,DSA_Admission_Online_Distance,23349276370,457.25,14,11,0,0,33,42,0,-,-,-,21%,0
Google Ads,Brand,All_Universities_Tawab,2026-01-03,All Universities | 29/25,23402405004,888.56,3,3,0,0,296,296,0,-,-,-,0%,0
Google Ads,Brand,Amity_Partner_001,2026-01-04,Partner_Amity_Online_2026,23228113322,4750.31,17,15,1,1,279,317,32917.5,4750.31,4750.31,14.43%,12%,32917.5
Google Ads,DSA,Degreefyd_Generic_Regular,2026-01-04,DSA_Admission_Online_Distance,23349276370,467.94,4,3,0,0,117,156,0,-,-,-,25%,0
Google Ads,Brand,All_Universities_Tawab,2026-01-04,All Universities | 29/25,23402405004,1008.33,3,,0,0,336,1008,0,-,-,-,100%,0
Meta Ads,,FaceBook_Degreefyd,2026-01-05,Remarketing_VGU | 30/12,Remarketing_VGU,172.32,1,1,0,0,172,172,0,-,-,-,0%,0
Meta Ads,,FaceBook_Degreefyd,2026-01-05,Remarketing_Shoolini | 30/12,Remarketing_Shoolini,183.95,4,2,0,0,46,92,0,-,-,-,50%,0
Meta Ads,,FaceBook_Degreefyd,2026-01-05,Remarketing_Manipal | 30/12 -,Remarketing_Manipal,165.13,,0,0,0,165,165,0,-,-,-,0%,0
Meta Ads,,FaceBook_Degreefyd_B,2026-01-05,IU Leads Campaign - 17th June 2025,IGNOU MBA -  18th August,529.23,15,12,0,0,35,44,0,-,-,-,20%,0
Meta Ads,,FaceBook_Degreefyd_B,2026-01-05,LeadZam-India-Masters-05Jan2026,Masters-302-24Dec25-LeadZam,659.06,2,0,0,0,330,659,0,-,-,-,100%,0
Meta Ads,,FaceBook_Degreefyd_B,2026-01-05,Group_Online_Admission_2026,Group_Online_Admission_2026_Carousel_01_Fee_Breakup,79.38,2,2,0,0,40,40,0,-,-,-,0%,0
Meta Ads,,FaceBook_Degreefyd_B,2026-01-05,Group_Online_Admission_2026,Group_Online_Admission_2026_Carousel_01_Summary,234.93,3,2,0,0,78,117,0,-,-,-,33%,0
Meta Ads,,FaceBook_Degreefyd_B,2026-01-05,LeadZam-India-OldCreatives-31Dec2025,GLA_University_G-India_LeadZam,689.17,7,0,0,0,98,689,0,-,-,-,100%,0
Meta Ads,,FaceBook_Degreefyd_B,2026-01-05,LeadZam-India-OldCreatives-31Dec2025,UG_Online_Admission_LeadZam,88.49,,0,0,0,88,88,0,-,-,-,0%,0
Meta Ads,,FaceBook_Degreefyd_B,2026-01-05,LeadZam-India-31Dec2025,Masters-302-24Dec25-LeadZam,205.09,,0,0,0,205,205,0,-,-,-,0%,0
Meta Ads,,FaceBook_Degreefyd_B,2026-01-05,LeadZam-India-31Dec2025,Masters-JobReady-29Dec-LeadZam,86.58,,0,0,0,87,87,0,-,-,-,0%,0
Meta Ads,,FaceBook_Degreefyd_B,2026-01-05,LeadZam-India-31Dec2025,202-UG-Video-16DecDFYD-UGC-LeadZam,143.75,1,0,0,0,144,144,0,-,-,-,100%,0
Meta Ads,,FaceBook_Degreefyd_B,2026-01-05,LeadZam-India-31Dec2025,201.1-UG-Video-16Dec-UGC-DFYD-LeadZam,566.48,3,0,0,0,189,566,0,-,-,-,100%,0
Meta Ads,,FaceBook_Degreefyd_B,2026-01-05,UG_C | Co4 | Lookalike,UG_C | study night | Lookalike,43.96,,0,0,0,44,44,0,-,-,-,0%,0
Meta Ads,,FaceBook_Degreefyd_B,2026-01-05,UG_C | Co4 | Lookalike,UG_C | FEW SEAT | Lookalike,75.61,1,1,0,0,76,76,0,-,-,-,0%,0
Meta Ads,,FaceBook_Degreefyd_B,2026-01-05,UG_C | Co4 | Lookalike,UG_C | CITY | Lookalike,131.75,,0,0,0,132,132,0,-,-,-,0%,0
Meta Ads,,FaceBook_Degreefyd_B,2026-01-05,LeadZam-India-Masters-05Jan2026,Salary-MBA-5Jan-LeadZam,78.84,,0,0,0,79,79,0,-,-,-,0%,0
Meta Ads,,FaceBook_Degreefyd_B,2026-01-05,Master-UG&PG-North-09Dec2025,202-UG-Video-16DecDFYD-UGC-Winning,1033.45,8,5,0,0,129,207,0,-,-,-,38%,0
Meta Ads,,FaceBook_Degreefyd_B,2026-01-05,LeadZam-India-Masters-05Jan2026,Resume-MBA-5Jan-LeadZam,101.81,,0,0,0,102,102,0,-,-,-,0%,0
Meta Ads,,FaceBook_Degreefyd_B,2026-01-05,LeadZam-India-Masters-05Jan2026,Leadership-MBA-5Jan-LeadZam,54.15,,0,0,0,54,54,0,-,-,-,0%,0
Meta Ads,,FaceBook_Degreefyd_B,2026-01-05,LeadZam-India-Masters-05Jan2026,Masters-JobReady-29Dec-LeadZam,29.21,,0,0,0,29,29,0,-,-,-,0%,0
Meta Ads,,FaceBook_Degreefyd_B,2026-01-05,Master-UG&PG-North-09Dec2025,201.1-UG-Video-16Dec-UGC-DFYD-Conditional,4.38,,0,0,0,4,4,0,-,-,-,0%,0
Meta Ads,,FaceBook_Degreefyd_B,2026-01-05,Master-North-Conditional-26Dec2025,C04-India_23Dec-Conditional-C1-AI,334.46,2,2,0,0,167,167,0,-,-,-,0%,0
Meta Ads,,FaceBook_Degreefyd_B,2026-01-05,Master-North-MBA-Conditional-23Dec2025,Online-Degree-India_23Dec-Conditional,3.15,,0,0,0,3,3,0,-,-,-,0%,0
Meta Ads,,FaceBook_Degreefyd_B,2026-01-05,Master-North-MBA-Conditional-23Dec2025,GLA_University_G-India_23Dec-Conditional-North,406.52,12,7,0,0,34,58,0,-,-,-,42%,0
Meta Ads,,FaceBook_Degreefyd_B,2026-01-05,Master-India-MBA-Conditional-23Dec2025,GLA_University_G-India_23Dec-Conditional,754.07,10,9,0,0,75,84,0,-,-,-,10%,0
Meta Ads,,FaceBook_Degreefyd_B,2026-01-05,Master-India-MBA-Conditional-23Dec2025,Online-Degree-India_23Dec-Conditional,21.58,,0,0,0,22,22,0,-,-,-,0%,0
Meta Ads,,FaceBook_Degreefyd_B,2026-01-05,UG_Online_Admission_2026,UG_Online_Admission_Ad_Set01_Ad01,682.52,7,7,1,0,98,98,0,682.52,-,-,0%,0
Meta Ads,,FaceBook_Degreefyd_B,2026-01-05,UG_Online_Admission_2026,UG_Online_Admission_Ad_Set01_Ad02,51.14,,0,0,0,51,51,0,-,-,-,0%,0
Meta Ads,,FaceBook_Degreefyd_B,2026-01-05,UG_C | Co4 | Lookalike,UG_C | Co4 | Lookalike,712.94,4,4,0,0,178,178,0,-,-,-,0%,0
Meta Ads,,FaceBook_Degreefyd_B,2026-01-05,Group_Online_Admission_2026,Group_Online_Admission_2026_Dynamic_01_Summary,324.24,5,4,0,0,65,81,0,-,-,-,20%,0
Meta Ads,,FaceBook_University_Admit,2026-01-05,Online_UG_PG_Degree_Admission_LAL,Online_UG_PG_Online_Admission_LAL_Save6Month,11.2,,0,0,0,11,11,0,-,-,-,0%,0
Meta Ads,,FaceBook_University_Admit,2026-01-05,Online_UG_PG_Degree_Admission_LAL,Online_UG_PG_Online_Admission_LAL,582.19,6,3,0,0,97,194,0,-,-,-,50%,0
Meta Ads,,FaceBook_University_Admit,2026-01-05,Online_UG_PG_Degree_Admission,Online_UG_PG_Online_Admission,1060.86,16,7,0,0,66,152,0,-,-,-,56%,0
Meta Ads,,FaceBook_University_Admit,2026-01-05,Online_UG_PG_Degree_Admission,Online_UG_PG_Degree_Admission_Punjab_Region_Save6Months,459.1,3,1,0,0,153,459,0,-,-,-,67%,0
Meta Ads,,FaceBook_University_Admit,2026-01-05,Online_UG_PG_Degree_Admission,Online_UG_PG_Degree_Admission_Punjab_Region,0.01,,0,0,0,0,0,0,-,-,-,0%,0
Meta Ads,,FaceBook_University_Admit,2026-01-05,IGNOU_Online_Courses_Admission,IGNOU_Online_Courses_Admission_RestNE_Ad01,258.33,7,6,0,0,37,43,0,-,-,-,14%,0
Meta Ads,,FaceBook_University_Admit,2026-01-05,IGNOU_Online_Courses_Admission,IGNOU_Online_Courses_Admission_Delhi_NCR_Ad01,278.75,5,4,0,0,56,70,0,-,-,-,20%,0
Meta Ads,,FaceBook_University_Admit,2026-01-05,IGNOU_Online_Courses_Admission,IGNOU_Online_Courses_Admission_RestNE_Ad02,105.97,2,2,0,0,53,53,0,-,-,-,0%,0
Meta Ads,,FaceBook_University_Admit,2026-01-05,IGNOU_Online_Courses_Admission,IGNOU_Online_Courses_Admission_Delhi_NCR_Ad02,70.55,1,0,0,0,71,71,0,-,-,-,100%,0
Meta Ads,,FaceBook_University_Admit,2026-01-05,IGNOU_Online_Courses_Admission,IGNOU_Online_Courses_Admission_Punjab_Region_Ad02,32.91,,0,0,0,33,33,0,-,-,-,0%,0
Meta Ads,,FaceBook_University_Admit,2026-01-05,IGNOU_Online_Courses_Admission,IGNOU_Online_Courses_Admission_Punjab_Region_Ad01,204.73,7,4,0,0,29,51,0,-,-,-,43%,0
Meta Ads,,FaceBook_University_Admit,2026-01-05,DUSOL_Online_Courses_Admission,DUSOL_Online_Courses_Admission_Delhi_NCR_Ad_01,345.13,12,6,0,0,29,58,0,-,-,-,50%,0
Meta Ads,,FaceBook_University_Admit,2026-01-05,All Colleges_MBA_Aryan 02,All Colleges_MBA_Aryan 03,16.78,,0,0,0,17,17,0,-,-,-,0%,0
Meta Ads,,FaceBook_University_Admit,2026-01-05,All Colleges_MBA_Aryan 02,All Colleges_MBA_Aryan 05,1341.53,10,5,0,0,134,268,0,-,-,-,50%,0
Meta Ads,,FaceBook_University_Admit,2026-01-05,All Colleges_MBA_Aryan 02,All Colleges_MBA_Aryan 02,0.29,,0,0,0,0,0,0,-,-,-,0%,0
Google Ads,Brand,Amity_Partner_001,2026-01-05,Partner_Amity_Online_2026,23228113322,4156.71,24,13,1,1,173,320,16625,4156.71,4156.71,25.00%,46%,49875
Google Ads,DSA,Degreefyd_Generic_Regular,2026-01-05,DSA_Admission_Online_Distance,23349276370,425.21,8,6,0,0,53,71,0,-,-,-,25%,0
Google Ads,Brand,All_Universities_Tawab,2026-01-05,All Universities | 29/25,23402405004,416.27,0,0,0,0,416,416,0,-,-,-,0%,0
Google Ads,Brand,All_Universities_Tawab,2026-01-05,Amity & Manipal | 5/1,23425326416,263.55,0,0,0,0,264,264,0,-,-,-,0%,0
Meta Ads,,FaceBook_University_Admit,2026-01-06,Online_UG_PG_Degree_Admission_LAL,Online_UG_PG_Online_Admission_LAL_Save6Month,18.74,1,1,0,0,19,19,0,-,-,-,0%,0
Meta Ads,,FaceBook_University_Admit,2026-01-06,Online_UG_PG_Degree_Admission_LAL,Online_UG_PG_Online_Admission_LAL,690.77,13,11,1,1,53,63,44250,690.77,690.77,1.56%,15%,49750
Meta Ads,,FaceBook_University_Admit,2026-01-06,Online_UG_PG_Degree_Admission,Online_UG_PG_Online_Admission,1142.53,20,18,1,1,57,63,54862.5,1142.53,1142.53,2.08%,10%,54862.5
Meta Ads,,FaceBook_University_Admit,2026-01-06,Online_UG_PG_Degree_Admission,Online_UG_PG_Degree_Admission_Punjab_Region_Save6Months,594.93,2,1,0,0,297,595,0,-,-,-,50%,0
Meta Ads,,FaceBook_University_Admit,2026-01-06,IGNOU_Online_Courses_Admission,IGNOU_Online_Courses_Admission_RestNE_Ad01,316.74,7,7,0,0,45,45,0,-,-,-,0%,0
Meta Ads,,FaceBook_University_Admit,2026-01-06,IGNOU_Online_Courses_Admission,IGNOU_Online_Courses_Admission_Delhi_NCR_Ad01,249.96,5,5,0,0,50,50,0,-,-,-,0%,0
Meta Ads,,FaceBook_University_Admit,2026-01-06,IGNOU_Online_Courses_Admission,IGNOU_Online_Courses_Admission_RestNE_Ad02,47.98,3,1,0,0,16,48,0,-,-,-,67%,0
Meta Ads,,FaceBook_University_Admit,2026-01-06,IGNOU_Online_Courses_Admission,IGNOU_Online_Courses_Admission_Delhi_NCR_Ad02,173.06,1,0,0,0,173,173,0,-,-,-,100%,0
Meta Ads,,FaceBook_University_Admit,2026-01-06,IGNOU_Online_Courses_Admission,IGNOU_Online_Courses_Admission_Punjab_Region_Ad02,12.18,,0,0,0,12,12,0,-,-,-,0%,0
Meta Ads,,FaceBook_University_Admit,2026-01-06,IGNOU_Online_Courses_Admission,IGNOU_Online_Courses_Admission_Punjab_Region_Ad01,239.45,6,6,0,0,40,40,0,-,-,-,0%,0
Meta Ads,,FaceBook_University_Admit,2026-01-06,DUSOL_Online_Courses_Admission,DUSOL_Online_Courses_Admission_Delhi_NCR_Ad_01,463.76,26,21,0,0,18,22,0,-,-,-,19%,0
Meta Ads,,FaceBook_University_Admit,2026-01-06,All Colleges_MBA_Aryan 02,2026_MBA_Aryan 05,165.36,,0,0,0,165,165,0,-,-,-,0%,0
Meta Ads,,FaceBook_University_Admit,2026-01-06,All Colleges_MBA_Aryan 02,2026_MBA_Aryan 05,1246.01,5,0,0,0,249,1246,0,-,-,-,100%,0
Meta Ads,,FaceBook_Degreefyd_B,2026-01-06,IU Leads Campaign - 17th June 2025,IGNOU MBA -  18th August,396.67,6,7,0,0,66,57,0,-,-,-,-17%,0
Meta Ads,,FaceBook_Degreefyd_B,2026-01-06,UG_C | Co4 | Lookalike old,UG_C | study night | Lookalike,6.8,,0,0,0,7,7,0,-,-,-,0%,0
Meta Ads,,FaceBook_Degreefyd_B,2026-01-06,UG_C | Co4 | Lookalike,UG_C | Co4 | Lookalike - Copy 2,24.56,,0,0,0,25,25,0,-,-,-,0%,0
Meta Ads,,FaceBook_Degreefyd_B,2026-01-06,UG_C | Co4 | Lookalike,UG_C | Co4 | Lookalike - Copy,43.02,,0,0,0,43,43,0,-,-,-,0%,0
Meta Ads,,FaceBook_Degreefyd_B,2026-01-06,UG_C | Co4 | Lookalike,UG_C | Co4 | Lookalike,36.48,,4,0,0,36,9,0,-,-,-,0%,0
Meta Ads,,FaceBook_Degreefyd_B,2026-01-06,Group_Online_Admission_2026,Group_Online_Admission_2026_Carousel_01_Fee_Breakup,77.07,3,2,0,0,26,39,0,-,-,-,33%,0
Meta Ads,,FaceBook_Degreefyd_B,2026-01-06,Group_Online_Admission_2026,Group_Online_Admission_2026_Carousel_01_Summary,237.64,1,1,0,0,238,238,0,-,-,-,0%,0
Meta Ads,,FaceBook_Degreefyd_B,2026-01-06,UG_C | Co4 | Lookalike old,UG_C | FEW SEAT | Lookalike,21.17,1,1,0,0,21,21,0,-,-,-,0%,0
Meta Ads,,FaceBook_Degreefyd_B,2026-01-06,LeadZam-India-Masters-05Jan2026,Masters-302-24Dec25-LeadZam,110.24,,0,0,0,110,110,0,-,-,-,0%,0
Meta Ads,,FaceBook_Degreefyd_B,2026-01-06,LeadZam-India-Masters-05Jan2026,Salary-MBA-5Jan-LeadZam,203.5,1,1,0,0,204,204,0,-,-,-,0%,0
Meta Ads,,FaceBook_Degreefyd_B,2026-01-06,LeadZam-India-Masters-05Jan2026,Resume-MBA-5Jan-LeadZam,328.98,,0,0,0,329,329,0,-,-,-,0%,0
Meta Ads,,FaceBook_Degreefyd_B,2026-01-06,LeadZam-India-Masters-05Jan2026,Leadership-MBA-5Jan-LeadZam,2.69,,0,0,0,3,3,0,-,-,-,0%,0
Meta Ads,,FaceBook_Degreefyd_B,2026-01-06,LeadZam-India-Masters-05Jan2026,Masters-JobReady-29Dec-LeadZam,72.97,,0,0,0,73,73,0,-,-,-,0%,0
Meta Ads,,FaceBook_Degreefyd_B,2026-01-06,UG_C | Co4 | Lookalike,UG_C | Co4 | Lookalike old,409.18,5,5,0,0,82,82,0,-,-,-,0%,0
Meta Ads,,FaceBook_Degreefyd_B,2026-01-06,LeadZam-India-Masters-05Jan2026,Masters-302.1-24Dec25-LeadZam,349.89,,0,0,0,350,350,0,-,-,-,0%,0
Meta Ads,,FaceBook_Degreefyd_B,2026-01-06,UG_C | Co4 | Lookalike old,UG_C | CITY | Lookalike,20.69,,0,0,0,21,21,0,-,-,-,0%,0
Meta Ads,,FaceBook_Degreefyd_B,2026-01-06,Master-UG&PG-North-09Dec2025,202-UG-Video-16DecDFYD-UGC-Winning,618.33,5,5,0,0,124,124,0,-,-,-,0%,0
Meta Ads,,FaceBook_Degreefyd_B,2026-01-06,LeadZam-India-OldCreatives-31Dec2025,GLA_University_G-India_LeadZam,557.77,4,6,0,0,139,93,0,-,-,-,-50%,0
Meta Ads,,FaceBook_Degreefyd_B,2026-01-06,LeadZam-India-OldCreatives-31Dec2025,UG_Online_Admission_LeadZam,48.15,,2,0,0,48,24,0,-,-,-,0%,0
Meta Ads,,FaceBook_Degreefyd_B,2026-01-06,LeadZam-India-31Dec2025,202-UG-Video-16DecDFYD-UGC-LeadZam,183.21,2,2,0,0,92,92,0,-,-,-,0%,0
Meta Ads,,FaceBook_Degreefyd_B,2026-01-06,LeadZam-India-31Dec2025,201.1-UG-Video-16Dec-UGC-DFYD-LeadZam,464.48,6,10,0,0,77,46,0,-,-,-,-67%,0
Meta Ads,,FaceBook_Degreefyd_B,2026-01-06,Master-UG&PG-North-09Dec2025,201.1-UG-Video-16Dec-UGC-DFYD-Conditional,36.08,1,1,0,0,36,36,0,-,-,-,0%,0
Meta Ads,,FaceBook_Degreefyd_B,2026-01-06,Master-North-Conditional-26Dec2025,C04-India_23Dec-Conditional-C1-AI,393.08,6,6,0,0,66,66,0,-,-,-,0%,0
Meta Ads,,FaceBook_Degreefyd_B,2026-01-06,Master-North-MBA-Conditional-23Dec2025,Online-Degree-India_23Dec-Conditional,46.26,,0,0,0,46,46,0,-,-,-,0%,0
Meta Ads,,FaceBook_Degreefyd_B,2026-01-06,Master-North-MBA-Conditional-23Dec2025,GLA_University_G-India_23Dec-Conditional-North,366.91,6,6,0,0,61,61,0,-,-,-,0%,0
Meta Ads,,FaceBook_Degreefyd_B,2026-01-06,Master-India-MBA-Conditional-23Dec2025,GLA_University_G-India_23Dec-Conditional,616.47,13,11,0,0,47,56,0,-,-,-,15%,0
Meta Ads,,FaceBook_Degreefyd_B,2026-01-06,Master-India-MBA-Conditional-23Dec2025,Online-Degree-India_23Dec-Conditional,49.08,,0,0,0,49,49,0,-,-,-,0%,0
Meta Ads,,FaceBook_Degreefyd_B,2026-01-06,UG_Online_Admission_2026,UG_Online_Admission_Ad_Set01_Ad01,589.81,10,8,0,0,59,74,0,-,-,-,20%,0
Meta Ads,,FaceBook_Degreefyd_B,2026-01-06,UG_Online_Admission_2026,UG_Online_Admission_Ad_Set01_Ad02,99.98,1,1,0,0,100,100,0,-,-,-,0%,0
Meta Ads,,FaceBook_Degreefyd_B,2026-01-06,UG_C | Co4 | Lookalike old,UG_C | Co4 | Lookalike,268.87,4,4,0,0,67,67,0,-,-,-,0%,0
Meta Ads,,FaceBook_Degreefyd_B,2026-01-06,Group_Online_Admission_2026,Group_Online_Admission_2026_Dynamic_01_Summary,295.5,1,1,0,0,296,296,0,-,-,-,0%,0
Meta Ads,,FaceBook_Degreefyd,2026-01-06,Remarketing_VGU | 30/12,Remarketing_VGU,84.83,2,1,0,0,42,85,0,-,-,-,50%,0
Meta Ads,,FaceBook_Degreefyd,2026-01-06,Remarketing_Shoolini | 30/12,Remarketing_Shoolini,62.01,1,0,0,0,62,62,0,-,-,-,100%,0
Meta Ads,,FaceBook_Degreefyd,2026-01-06,Remarketing_Manipal | 30/12 -,Remarketing_Manipal,116.35,2,2,0,0,58,58,0,-,-,-,0%,0
Google Ads,Brand,Amity_Partner_001,2026-01-06,Partner_Amity_Online_2026,23228113322,5580.76,15,14,0,0,372,399,0,-,-,-,7%,0
Google Ads,DSA,Degreefyd_Generic_Regular,2026-01-06,DSA_Admission_Online_Distance,23349276370,672.52,13,12,0,0,52,56,0,-,-,-,8%,0
Google Ads,Brand,All_Universities_Tawab,2026-01-06,Amity & Manipal | 5/1,23425326416,1535.91,0,0,0,0,1536,1536,0,-,-,-,0%,0
Google Ads,Brand,All_Universities_Tawab,2026-01-06,All Universities | 29/25,23402405004,836.09,0,2,0,0,836,418,0,-,-,-,0%,0
Meta Ads,,FaceBook_University_Admit,2026-01-07,Online_UG_PG_Degree_Admission_LAL,Online_UG_PG_Online_Admission_LAL,528.16,8,6,0,0,66,88,0,-,-,-,25%,0
Meta Ads,,FaceBook_University_Admit,2026-01-07,Online_UG_PG_Degree_Admission,Online_UG_PG_Online_Admission,1045.03,14,13,1,0,75,80,0,1045.03,-,-,7%,0
Meta Ads,,FaceBook_University_Admit,2026-01-07,Online_UG_PG_Degree_Admission,Online_UG_PG_Degree_Admission_Punjab_Region_Save6Months,281.58,1,0,0,0,282,282,0,-,-,-,100%,0
Meta Ads,,FaceBook_University_Admit,2026-01-07,Online_UG_PG_Degree_Admission,Online_UG_PG_Degree_Admission_Punjab_Region,198.79,,2,0,0,199,99,0,-,-,-,0%,0
Meta Ads,,FaceBook_University_Admit,2026-01-07,IGNOU_Online_Courses_Admission,IGNOU_Online_Courses_Admission_Punjab_Region_Ad02,6.9,,0,0,0,7,7,0,-,-,-,0%,0
Meta Ads,,FaceBook_University_Admit,2026-01-07,IGNOU_Online_Courses_Admission,IGNOU_Online_Courses_Admission_Punjab_Region_Ad01,235.1,4,4,0,0,59,59,0,-,-,-,0%,0
Meta Ads,,FaceBook_University_Admit,2026-01-07,IGNOU_Online_Courses_Admission,IGNOU_Online_Courses_Admission_Delhi_NCR_Ad02,83.08,2,2,0,0,42,42,0,-,-,-,0%,0
Meta Ads,,FaceBook_University_Admit,2026-01-07,IGNOU_Online_Courses_Admission,IGNOU_Online_Courses_Admission_RestNE_Ad01,263.06,11,10,0,0,24,26,0,-,-,-,9%,0
Meta Ads,,FaceBook_University_Admit,2026-01-07,IGNOU_Online_Courses_Admission,IGNOU_Online_Courses_Admission_RestNE_Ad02,90.46,2,1,0,0,45,90,0,-,-,-,50%,0
Meta Ads,,FaceBook_University_Admit,2026-01-07,IGNOU_Online_Courses_Admission,IGNOU_Online_Courses_Admission_Delhi_NCR_Ad01,258.92,6,6,0,0,43,43,0,-,-,-,0%,0
Meta Ads,,FaceBook_University_Admit,2026-01-07,DUSOL_Online_Courses_Admission,DUSOL_Online_Courses_Admission_Delhi_NCR_Ad_01,314.78,12,11,0,0,26,29,0,-,-,-,8%,0
Meta Ads,,FaceBook_University_Admit,2026-01-07,All Colleges_MBA_Aryan 02,2026_MBA_Aryan 1.1,106.96,,0,0,0,107,107,0,-,-,-,0%,0
Meta Ads,,FaceBook_University_Admit,2026-01-07,All Colleges_MBA_Aryan 02,2026_MBA_Aryan 02,0.01,,0,0,0,0,0,0,-,-,-,0%,0
Meta Ads,,FaceBook_University_Admit,2026-01-07,All Colleges_MBA_Aryan 02,2026_MBA_Aryan 05,1158.31,8,6,0,0,145,193,0,-,-,-,25%,0
Meta Ads,,FaceBook_University_Admit,2026-01-07,All Colleges_MBA_Aryan 02,2026_MBA_Aryan 05,0.02,,6,0,0,0,0,0,-,-,-,0%,0
Meta Ads,,FaceBook_University_Admit,2026-01-07,All Colleges_MBA_Aryan 02,2026_MBA_Aryan 1.3,0.53,,0,0,0,1,1,0,-,-,-,0%,0
Meta Ads,,FaceBook_University_Admit,2026-01-07,All Colleges_MBA_Aryan 02,2026_MBA_Aryan 1.2,91.41,4,3,0,0,23,30,0,-,-,-,25%,0
Meta Ads,,FaceBook_Degreefyd_B,2026-01-07,IU Leads Campaign - 17th June 2025,IGNOU MBA -  18th August,550.17,10,10,0,0,55,55,0,-,-,-,0%,0
Meta Ads,,FaceBook_Degreefyd_B,2026-01-07,LeadZam-India-OldCreatives-31Dec2025,UG_Online_Admission_DelhiNCR-LeadZam,0.36,,0,0,0,0,0,0,-,-,-,0%,0
Meta Ads,,FaceBook_Degreefyd_B,2026-01-07,UG_C | Co4 | Lookalike,UG_C | Co4 | Lookalike - Copy,17.46,,0,0,0,17,17,0,-,-,-,0%,0
Meta Ads,,FaceBook_Degreefyd_B,2026-01-07,UG_C | Co4 | Lookalike,UG_C | Co4 | Lookalike,11.94,,0,0,0,12,12,0,-,-,-,0%,0
Meta Ads,,FaceBook_Degreefyd_B,2026-01-07,Group_Online_Admission_2026,Group_Online_Admission_2026_Dynamic_01_Summary,330.43,1,2,0,0,330,165,0,-,-,-,-100%,0
Meta Ads,,FaceBook_Degreefyd_B,2026-01-07,LeadZam-India-Masters-05Jan2026,Salary-MBA-5Jan-LeadZam,411.24,1,1,0,0,411,411,0,-,-,-,0%,0
Meta Ads,,FaceBook_Degreefyd_B,2026-01-07,LeadZam-India-Masters-05Jan2026,Resume-MBA-5Jan-LeadZam,133.01,,0,0,0,133,133,0,-,-,-,0%,0
Meta Ads,,FaceBook_Degreefyd_B,2026-01-07,LeadZam-India-Masters-05Jan2026,Masters-JobReady-29Dec-LeadZam,134.39,1,0,0,0,134,134,0,-,-,-,100%,0
Meta Ads,,FaceBook_Degreefyd_B,2026-01-07,LeadZam-India-Masters-05Jan2026,Masters-302-24Dec25-LeadZam,277.53,,0,0,0,278,278,0,-,-,-,0%,0
Meta Ads,,FaceBook_Degreefyd_B,2026-01-07,UG_C | Co4 | Lookalike,UG_C | Co4 | Lookalike old,735.73,5,6,0,0,147,123,0,-,-,-,-20%,0
Meta Ads,,FaceBook_Degreefyd_B,2026-01-07,LeadZam-India-Masters-05Jan2026,Masters-302.1-24Dec25-LeadZam,324.84,2,0,0,0,162,325,0,-,-,-,100%,0
Meta Ads,,FaceBook_Degreefyd_B,2026-01-07,LeadZam-India-OldCreatives-31Dec2025,GLA_University_G-NorthCityOnly-LeadZam,423.71,2,1,0,0,212,424,0,-,-,-,50%,0
Meta Ads,,FaceBook_Degreefyd_B,2026-01-07,LeadZam-India-OldCreatives-31Dec2025,UG_Online_Admission_NorthCityOnly-LeadZam,27.24,1,0,0,0,27,27,0,-,-,-,100%,0
Meta Ads,,FaceBook_Degreefyd_B,2026-01-07,LeadZam-India-31Dec2025,201.1-UG-Video-16Dec-UGC-DFYD-NorthCityOnly-LeadZam,436.25,2,5,0,0,218,87,0,-,-,-,-150%,0
Meta Ads,,FaceBook_Degreefyd_B,2026-01-07,LeadZam-India-31Dec2025,202-UG-Video-16DecDFYD-UGC-NorthCityOnly-LeadZam,31.78,,0,0,0,32,32,0,-,-,-,0%,0
Meta Ads,,FaceBook_Degreefyd_B,2026-01-07,LeadZam-India-OldCreatives-31Dec2025,GLA_University_G-India_DelhiNCR-LeadZam,0.18,,0,0,0,0,0,0,-,-,-,0%,0
Meta Ads,,FaceBook_Degreefyd_B,2026-01-07,Master-UG&PG-North-09Dec2025,202-UG-Video-16DecDFYD-UGC-Winning,494.61,7,7,0,0,71,71,0,-,-,-,0%,0
Meta Ads,,FaceBook_Degreefyd_B,2026-01-07,Group_Online_Admission_2026,Group_Online_Admission_2026_Carousel_01_Fee_Breakup,268.45,1,1,0,0,268,268,0,-,-,-,0%,0
Meta Ads,,FaceBook_Degreefyd_B,2026-01-07,Group_Online_Admission_2026,Group_Online_Admission_2026_Carousel_01_Summary,26.23,1,1,0,0,26,26,0,-,-,-,0%,0
Meta Ads,,FaceBook_Degreefyd_B,2026-01-07,LeadZam-India-OldCreatives-31Dec2025,GLA_University_G-India_LeadZam,727.26,6,6,0,0,121,121,0,-,-,-,0%,0
Meta Ads,,FaceBook_Degreefyd_B,2026-01-07,LeadZam-India-OldCreatives-31Dec2025,UG_Online_Admission_LeadZam,97.08,1,1,0,0,97,97,0,-,-,-,0%,0
Meta Ads,,FaceBook_Degreefyd_B,2026-01-07,LeadZam-India-31Dec2025,202-UG-Video-16DecDFYD-UGC-LeadZam,125.53,,0,0,0,126,126,0,-,-,-,0%,0
Meta Ads,,FaceBook_Degreefyd_B,2026-01-07,LeadZam-India-31Dec2025,201.1-UG-Video-16Dec-UGC-DFYD-LeadZam,549.56,1,1,0,0,550,550,0,-,-,-,0%,0
Meta Ads,,FaceBook_Degreefyd_B,2026-01-07,Master-UG&PG-North-09Dec2025,201.1-UG-Video-16Dec-UGC-DFYD-Conditional,59.78,1,1,0,0,60,60,0,-,-,-,0%,0
Meta Ads,,FaceBook_Degreefyd_B,2026-01-07,Master-North-Conditional-26Dec2025,C04-India_23Dec-Conditional-C1-AI,298.19,,0,0,0,298,298,0,-,-,-,0%,0
Meta Ads,,FaceBook_Degreefyd_B,2026-01-07,Master-North-MBA-Conditional-23Dec2025,Online-Degree-India_23Dec-Conditional,6.79,,1,0,0,7,7,0,-,-,-,0%,0
Meta Ads,,FaceBook_Degreefyd_B,2026-01-07,Master-North-MBA-Conditional-23Dec2025,GLA_University_G-India_23Dec-Conditional-North,532.07,11,11,0,0,48,48,0,-,-,-,0%,0
Meta Ads,,FaceBook_Degreefyd_B,2026-01-07,Master-India-MBA-Conditional-23Dec2025,GLA_University_G-India_23Dec-Conditional,786.22,15,13,0,0,52,60,0,-,-,-,13%,0
Meta Ads,,FaceBook_Degreefyd_B,2026-01-07,Master-India-MBA-Conditional-23Dec2025,Online-Degree-India_23Dec-Conditional,40.78,1,1,0,0,41,41,0,-,-,-,0%,0
Meta Ads,,FaceBook_Degreefyd_B,2026-01-07,UG_Online_Admission_2026,UG_Online_Admission_Ad_Set01_Ad01,487.34,11,9,0,0,44,54,0,-,-,-,18%,0
Meta Ads,,FaceBook_Degreefyd_B,2026-01-07,UG_Online_Admission_2026,UG_Online_Admission_Ad_Set01_Ad02,238.63,10,9,0,0,24,27,0,-,-,-,10%,0
Meta Ads,,FaceBook_Degreefyd_B,2026-01-07,UG_C | Co4 | Lookalike,UG_C | Co4 | Lookalike - Copy 2,11.62,,0,0,0,12,12,0,-,-,-,0%,0
Google Ads,DSA,Degreefyd_Generic_Regular,2026-01-07,DSA_Admission_Online_Distance,23349276370,357.03,14,8,0,0,26,45,0,-,-,-,43%,0
Google Ads,Brand,Amity_Partner_001,2026-01-07,Partner_Amity_Online_2026,23228113322,5025.9,19,16,1,1,265,314,16975,5025.9,5025.9,29.61%,16%,50925
Google Ads,Brand,All_Universities_Tawab,2026-01-07,Amity & Manipal | 5/1,23425326416,1161.47,0,0,0,0,1161,1161,0,-,-,-,0%,0
Google Ads,Brand,All_Universities_Tawab,2026-01-07,All Universities | 29/25,23402405004,770.01,0,1,0,0,770,770,0,-,-,-,0%,0
Meta Ads,,FaceBook_University_Admit,2026-01-08,UG_Campaign_aryan 2026,UG Aryan C02.1,489.5,1,0,0,0,490,490,0,-,-,-,100%,0
Meta Ads,,FaceBook_University_Admit,2026-01-08,UG_Campaign_aryan 2026,UG Aryan C01..1,114.78,,0,0,0,115,115,0,-,-,-,0%,0
Meta Ads,,FaceBook_University_Admit,2026-01-08,UG_Campaign_aryan 2026,UG Aryan C02,179.7,,0,0,0,180,180,0,-,-,-,0%,0
Meta Ads,,FaceBook_University_Admit,2026-01-08,UG_Campaign_aryan 2026,UG Aryan C03,680.12,9,7,0,0,76,97,0,-,-,-,22%,0
Meta Ads,,FaceBook_University_Admit,2026-01-08,UG_Campaign_aryan 2026,UG Aryan C01,901.52,7,7,1,1,129,129,7100,901.52,901.52,12.70%,0%,42600
Meta Ads,,FaceBook_University_Admit,2026-01-08,Online_UG_PG_Degree_Admission_LAL,Online_UG_PG_Online_Admission_LAL_Save6Month,0.14,,0,0,0,0,0,0,-,-,-,0%,0
Meta Ads,,FaceBook_University_Admit,2026-01-08,Online_UG_PG_Degree_Admission_LAL,Online_UG_PG_Online_Admission_LAL,510.24,8,7,0,0,64,73,0,-,-,-,13%,0
Meta Ads,,FaceBook_University_Admit,2026-01-08,Online_UG_PG_Degree_Admission,Online_UG_PG_Online_Admission,1031.46,17,15,0,0,61,69,0,-,-,-,12%,0
Meta Ads,,FaceBook_University_Admit,2026-01-08,Online_UG_PG_Degree_Admission,Online_UG_PG_Degree_Admission_Punjab_Region_Save6Months,90.08,,0,0,0,90,90,0,-,-,-,0%,0
Meta Ads,,FaceBook_University_Admit,2026-01-08,IGNOU_Online_Courses_Admission,IGNOU_Online_Courses_Admission_Delhi_NCR_Ad01,314.49,6,6,0,0,52,52,0,-,-,-,0%,0
Meta Ads,,FaceBook_University_Admit,2026-01-08,IGNOU_Online_Courses_Admission,IGNOU_Online_Courses_Admission_RestNE_Ad02,11.72,,0,0,0,12,12,0,-,-,-,0%,0
Meta Ads,,FaceBook_University_Admit,2026-01-08,IGNOU_Online_Courses_Admission,IGNOU_Online_Courses_Admission_RestNE_Ad01,356.99,9,9,0,0,40,40,0,-,-,-,0%,0
Meta Ads,,FaceBook_University_Admit,2026-01-08,IGNOU_Online_Courses_Admission,IGNOU_Online_Courses_Admission_Delhi_NCR_Ad02,34.35,,0,0,0,34,34,0,-,-,-,0%,0
Meta Ads,,FaceBook_University_Admit,2026-01-08,IGNOU_Online_Courses_Admission,IGNOU_Online_Courses_Admission_Punjab_Region_Ad01,248.17,9,9,0,0,28,28,0,-,-,-,0%,0
Meta Ads,,FaceBook_University_Admit,2026-01-08,DUSOL_Online_Courses_Admission,DUSOL_Online_Courses_Admission_Delhi_NCR_Ad_01,356.07,13,13,1,1,27,27,61250,356.07,356.07,0.58%,0%,61250
Meta Ads,,FaceBook_University_Admit,2026-01-08,All Colleges_MBA_Aryan 02,2026_MBA_Aryan 05,1098.48,7,7,0,0,157,157,0,-,-,-,0%,0
Meta Ads,,FaceBook_University_Admit,2026-01-08,All Colleges_MBA_Aryan 02,2026_MBA_Aryan 1.1,23.32,,0,0,0,23,23,0,-,-,-,0%,0
Meta Ads,,FaceBook_University_Admit,2026-01-08,All Colleges_MBA_Aryan 02,2026_MBA_Aryan 1.2,581.68,6,6,2,1,97,97,19250,290.84,581.68,3.02%,0%,38500
Meta Ads,,FaceBook_Degreefyd_B,2026-01-08,IU Leads Campaign - 17th June 2025,IGNOU MBA -  18th August,539.85,7,7,0,0,77,77,0,-,-,-,0%,0
Meta Ads,,FaceBook_Degreefyd_B,2026-01-08,Group_Online_Admission_2026,Group_Online_Admission_2026_Carousel_01_Fee_Breakup,129.85,,0,0,0,130,130,0,-,-,-,0%,0
Meta Ads,,FaceBook_Degreefyd_B,2026-01-08,UG_C | Co4 | Lookalike,UG_C | Co4 | Lookalike - Copy,1.77,,0,0,0,2,2,0,-,-,-,0%,0
Meta Ads,,FaceBook_Degreefyd_B,2026-01-08,UG_C | Co4 | Lookalike,UG_C | Co4 | Lookalike,1.51,,0,0,0,2,2,0,-,-,-,0%,0
Meta Ads,,FaceBook_Degreefyd_B,2026-01-08,Group_Online_Admission_2026,Group_Online_Admission_2026_Dynamic_01_Summary,135.35,1,1,0,0,135,135,0,-,-,-,0%,0
Meta Ads,,FaceBook_Degreefyd_B,2026-01-08,UG_C | Co4 | Lookalike,UG_C | Co4 | Lookalike old,224.25,1,1,0,0,224,224,0,-,-,-,0%,0
Meta Ads,,FaceBook_Degreefyd_B,2026-01-08,LeadZam-India-Masters-05Jan2026,Salary-MBA-5Jan-LeadZam,615.48,,0,0,0,615,615,0,-,-,-,0%,0
Meta Ads,,FaceBook_Degreefyd_B,2026-01-08,LeadZam-India-Masters-05Jan2026,Masters-302.1-24Dec25-LeadZam,459.21,1,1,0,0,459,459,0,-,-,-,0%,0
Meta Ads,,FaceBook_Degreefyd_B,2026-01-08,LeadZam-India-Masters-05Jan2026,Masters-JobReady-29Dec-LeadZam,40.69,,0,0,0,41,41,0,-,-,-,0%,0
Meta Ads,,FaceBook_Degreefyd_B,2026-01-08,LeadZam-India-Masters-05Jan2026,Masters-302-24Dec25-LeadZam,85.79,,0,0,0,86,86,0,-,-,-,0%,0
Meta Ads,,FaceBook_Degreefyd_B,2026-01-08,LeadZam-India-OldCreatives-31Dec2025,GLA_University_G-NorthCityOnly-LeadZam,536.27,2,4,0,0,268,134,0,-,-,-,-100%,0
Meta Ads,,FaceBook_Degreefyd_B,2026-01-08,LeadZam-India-OldCreatives-31Dec2025,UG_Online_Admission_NorthCityOnly-LeadZam,36.45,,0,0,0,36,36,0,-,-,-,0%,0
Meta Ads,,FaceBook_Degreefyd_B,2026-01-08,LeadZam-India-31Dec2025,201.1-UG-Video-16Dec-UGC-DFYD-NorthCityOnly-LeadZam,567.03,3,5,0,0,189,113,0,-,-,-,-67%,0
Meta Ads,,FaceBook_Degreefyd_B,2026-01-08,LeadZam-India-31Dec2025,202-UG-Video-16DecDFYD-UGC-NorthCityOnly-LeadZam,25.47,,0,0,0,25,25,0,-,-,-,0%,0
Meta Ads,,FaceBook_Degreefyd_B,2026-01-08,Group_Online_Admission_2026,Group_Online_Admission_2026_Carousel_01_Summary,8.43,,0,0,0,8,8,0,-,-,-,0%,0
Meta Ads,,FaceBook_Degreefyd_B,2026-01-08,Master-UG&PG-North-09Dec2025,202-UG-Video-16DecDFYD-UGC-Winning,451.42,5,4,0,0,90,113,0,-,-,-,20%,0
Meta Ads,,FaceBook_Degreefyd_B,2026-01-08,LeadZam-India-OldCreatives-31Dec2025,GLA_University_G-India_LeadZam,674.77,2,9,0,0,337,75,0,-,-,-,-350%,0
Meta Ads,,FaceBook_Degreefyd_B,2026-01-08,LeadZam-India-OldCreatives-31Dec2025,UG_Online_Admission_LeadZam,111.74,1,1,0,0,112,112,0,-,-,-,0%,0
Meta Ads,,FaceBook_Degreefyd_B,2026-01-08,LeadZam-India-31Dec2025,202-UG-Video-16DecDFYD-UGC-LeadZam,73.83,,0,0,0,74,74,0,-,-,-,0%,0
Meta Ads,,FaceBook_Degreefyd_B,2026-01-08,LeadZam-India-31Dec2025,201.1-UG-Video-16Dec-UGC-DFYD-LeadZam,646.72,1,5,0,0,647,129,0,-,-,-,-400%,0
Meta Ads,,FaceBook_Degreefyd_B,2026-01-08,Master-UG&PG-North-09Dec2025,201.1-UG-Video-16Dec-UGC-DFYD-Conditional,64.8,1,1,0,0,65,65,0,-,-,-,0%,0
Meta Ads,,FaceBook_Degreefyd_B,2026-01-08,Master-North-Conditional-26Dec2025,C04-India_23Dec-Conditional-C1-AI,290.79,4,4,0,0,73,73,0,-,-,-,0%,0
Meta Ads,,FaceBook_Degreefyd_B,2026-01-08,Master-North-MBA-Conditional-23Dec2025,Online-Degree-India_23Dec-Conditional,0.47,,1,0,0,0,0,0,-,-,-,0%,0
Meta Ads,,FaceBook_Degreefyd_B,2026-01-08,Master-North-MBA-Conditional-23Dec2025,GLA_University_G-India_23Dec-Conditional-North,509.12,9,7,0,0,57,73,0,-,-,-,22%,0
Meta Ads,,FaceBook_Degreefyd_B,2026-01-08,Master-India-MBA-Conditional-23Dec2025,GLA_University_G-India_23Dec-Conditional,735.64,12,10,0,0,61,74,0,-,-,-,17%,0
Meta Ads,,FaceBook_Degreefyd_B,2026-01-08,Master-India-MBA-Conditional-23Dec2025,Online-Degree-India_23Dec-Conditional,10.02,1,1,0,0,10,10,0,-,-,-,0%,0
Meta Ads,,FaceBook_Degreefyd_B,2026-01-08,UG_Online_Admission_2026,UG_Online_Admission_Ad_Set01_Ad01,407.57,7,7,0,0,58,58,0,-,-,-,0%,0
Meta Ads,,FaceBook_Degreefyd_B,2026-01-08,UG_Online_Admission_2026,UG_Online_Admission_Ad_Set01_Ad02,288.32,7,7,1,1,41,41,19250,288.32,288.32,1.50%,0%,38500
Meta Ads,,FaceBook_Degreefyd_B,2026-01-08,UG_C | Co4 | Lookalike,UG_C | Co4 | Lookalike - Copy 2,2.34,,0,0,0,2,2,0,-,-,-,0%,0
Google Ads,DSA,Degreefyd_Generic_Regular,2026-01-08,DSA_Admission_Online_Distance,23349276370,315.87,11,2,0,0,29,158,0,-,-,-,82%,0
Google Ads,Brand,Amity_Partner_001,2026-01-08,Partner_Amity_Online_2026,23228113322,6964.92,24,23,3,2,290,303,117162.5,2321.64,3482.46,5.94%,4%,169400
Google Ads,Brand,All_Universities_Tawab,2026-01-08,All Universities | 29/25,23402405004,648.2,4,4,0,0,162,162,0,-,-,-,0%,0
Google Ads,Brand,All_Universities_Tawab,2026-01-08,Amity & Manipal | 5/1,23425326416,595.18,2,0,0,0,298,595,0,-,-,-,100%,0
Meta Ads,,FaceBook_University_Admit,2026-01-09,UG_Campaign_aryan 2026,UG Aryan C02.1,498.68,1,0,0,0,499,499,0,-,-,-,100%,0
Meta Ads,,FaceBook_University_Admit,2026-01-09,UG_Campaign_aryan 2026,UG Aryan C01..1,1.86,,0,0,0,2,2,0,-,-,-,0%,0
Meta Ads,,FaceBook_University_Admit,2026-01-09,UG_Campaign_aryan 2026,UG Aryan C02,182.71,,0,0,0,183,183,0,-,-,-,0%,0
Meta Ads,,FaceBook_University_Admit,2026-01-09,UG_Campaign_aryan 2026,UG Aryan C03,682.66,3,2,0,0,228,341,0,-,-,-,33%,0
Meta Ads,,FaceBook_University_Admit,2026-01-09,UG_Campaign_aryan 2026,UG Aryan C01,1019.41,7,7,0,0,146,146,0,-,-,-,0%,0
Meta Ads,,FaceBook_University_Admit,2026-01-09,Online_UG_PG_Degree_Admission_LAL,Online_UG_PG_Online_Admission_LAL_Save6Month,0.06,,0,0,0,0,0,0,-,-,-,0%,0
Meta Ads,,FaceBook_University_Admit,2026-01-09,Online_UG_PG_Degree_Admission_LAL,Online_UG_PG_Online_Admission_LAL,448.97,7,6,0,0,64,75,0,-,-,-,14%,0
Meta Ads,,FaceBook_University_Admit,2026-01-09,Online_UG_PG_Degree_Admission,Online_UG_PG_Online_Admission,990.87,18,16,0,0,55,62,0,-,-,-,11%,0
Meta Ads,,FaceBook_University_Admit,2026-01-09,IGNOU_Online_Courses_Admission,IGNOU_Online_Courses_Admission_Delhi_NCR_Ad01,355.23,2,2,0,0,178,178,0,-,-,-,0%,0
Meta Ads,,FaceBook_University_Admit,2026-01-09,IGNOU_Online_Courses_Admission,IGNOU_Online_Courses_Admission_Punjab_Region_Ad02,2.78,,0,0,0,3,3,0,-,-,-,0%,0
Meta Ads,,FaceBook_University_Admit,2026-01-09,IGNOU_Online_Courses_Admission,IGNOU_Online_Courses_Admission_RestNE_Ad02,13.7,2,1,0,0,7,14,0,-,-,-,50%,0
Meta Ads,,FaceBook_University_Admit,2026-01-09,IGNOU_Online_Courses_Admission,IGNOU_Online_Courses_Admission_RestNE_Ad01,355.69,15,14,0,0,24,25,0,-,-,-,7%,0
Meta Ads,,FaceBook_University_Admit,2026-01-09,IGNOU_Online_Courses_Admission,IGNOU_Online_Courses_Admission_Punjab_Region_Ad01,239.3,6,5,1,0,40,48,0,239.3,-,-,17%,0
Meta Ads,,FaceBook_University_Admit,2026-01-09,DUSOL_Online_Courses_Admission,DUSOL_Online_Courses_Admission_Delhi_NCR_Ad_01,359.98,18,17,0,0,20,21,0,-,-,-,6%,0
Meta Ads,,FaceBook_University_Admit,2026-01-09,All Colleges_MBA_Aryan 02,2026_MBA_Aryan 02,0.08,,0,0,0,0,0,0,-,-,-,0%,0
Meta Ads,,FaceBook_University_Admit,2026-01-09,All Colleges_MBA_Aryan 02,2026_MBA_Aryan 05,979.02,8,8,0,0,122,122,0,-,-,-,0%,0
Meta Ads,,FaceBook_University_Admit,2026-01-09,All Colleges_MBA_Aryan 02,2026_MBA_Aryan 1.3,0.11,,0,0,0,0,0,0,-,-,-,0%,0
Meta Ads,,FaceBook_University_Admit,2026-01-09,All Colleges_MBA_Aryan 02,2026_MBA_Aryan 1.1,0.06,,0,0,0,0,0,0,-,-,-,0%,0
Meta Ads,,FaceBook_University_Admit,2026-01-09,All Colleges_MBA_Aryan 02,2026_MBA_Aryan 1.2,609.76,17,16,0,0,36,38,0,-,-,-,6%,0
Meta Ads,,FaceBook_Degreefyd_B,2026-01-09,IU Leads Campaign - 17th June 2025,IGNOU MBA - 18th August,523.03,10,10,0,0,52,52,0,-,-,-,0%,0
Meta Ads,,FaceBook_Degreefyd_B,2026-01-09,LeadZam-India-OldCreatives-31Dec2025,UG_Online_Admission_LeadZam,173.71,3,2,0,0,58,87,0,-,-,-,33%,0
Meta Ads,,FaceBook_Degreefyd_B,2026-01-09,LeadZam-India-OldCreatives-31Dec2025,GLA_University_G-NorthCityOnly-LeadZam,513.92,2,2,0,0,257,257,0,-,-,-,0%,0
Meta Ads,,FaceBook_Degreefyd_B,2026-01-09,LeadZam-India-OldCreatives-31Dec2025,UG_Online_Admission_NorthCityOnly-LeadZam,62.88,1,1,0,0,63,63,0,-,-,-,0%,0
Meta Ads,,FaceBook_Degreefyd_B,2026-01-09,LeadZam-India-31Dec2025,201.1-UG-Video-16Dec-UGC-DFYD-NorthCityOnly-LeadZam,584.13,4,2,0,0,146,292,0,-,-,-,50%,0
Meta Ads,,FaceBook_Degreefyd_B,2026-01-09,LeadZam-India-31Dec2025,202-UG-Video-16DecDFYD-UGC-NorthCityOnly-LeadZam,36.66,,0,0,0,37,37,0,-,-,-,0%,0
Meta Ads,,FaceBook_Degreefyd_B,2026-01-09,LeadZam-India-Masters-05Jan2026,Salary-MBA-5Jan-LeadZam,530.59,,0,0,0,531,531,0,-,-,-,0%,0
Meta Ads,,FaceBook_Degreefyd_B,2026-01-09,LeadZam-India-Masters-05Jan2026,Masters-JobReady-29Dec-LeadZam,69.76,,0,0,0,70,70,0,-,-,-,0%,0
Meta Ads,,FaceBook_Degreefyd_B,2026-01-09,LeadZam-India-Masters-05Jan2026,Masters-302-24Dec25-LeadZam,230.56,,0,0,0,231,231,0,-,-,-,0%,0
Meta Ads,,FaceBook_Degreefyd_B,2026-01-09,LeadZam-India-OldCreatives-31Dec2025,GLA_University_G-India_LeadZam,489.68,1,4,0,0,490,122,0,-,-,-,-300%,0
Meta Ads,,FaceBook_Degreefyd_B,2026-01-09,LeadZam-India-31Dec2025,202-UG-Video-16DecDFYD-UGC-LeadZam,90.63,,0,0,0,91,91,0,-,-,-,0%,0
Meta Ads,,FaceBook_Degreefyd_B,2026-01-09,Master-UG&PG-North-09Dec2025,202-UG-Video-16DecDFYD-UGC-Winning,418.63,6,6,0,0,70,70,0,-,-,-,0%,0
Meta Ads,,FaceBook_Degreefyd_B,2026-01-09,LeadZam-India-31Dec2025,201.1-UG-Video-16Dec-UGC-DFYD-LeadZam,480.83,3,4,1,0,160,120,0,480.83,-,-,-33%,0
Meta Ads,,FaceBook_Degreefyd_B,2026-01-09,Master-UG&PG-North-09Dec2025,201.1-UG-Video-16Dec-UGC-DFYD-Conditional,101.74,2,2,0,0,51,51,0,-,-,-,0%,0
Meta Ads,,FaceBook_Degreefyd_B,2026-01-09,Master-North-Conditional-26Dec2025,C04-India_23Dec-Conditional-C1-AI,308.49,2,2,0,0,154,154,0,-,-,-,0%,0
Meta Ads,,FaceBook_Degreefyd_B,2026-01-09,Master-North-MBA-Conditional-23Dec2025,Online-Degree-India_23Dec-Conditional,6.96,,0,0,0,7,7,0,-,-,-,0%,0
Meta Ads,,FaceBook_Degreefyd_B,2026-01-09,Master-North-MBA-Conditional-23Dec2025,GLA_University_G-India_23Dec-Conditional-North,499.69,8,7,1,0,62,71,0,499.69,-,-,13%,0
Meta Ads,,FaceBook_Degreefyd_B,2026-01-09,Master-India-MBA-Conditional-23Dec2025,GLA_University_G-India_23Dec-Conditional,784.11,10,8,0,0,78,98,0,-,-,-,20%,0
Meta Ads,,FaceBook_Degreefyd_B,2026-01-09,Master-India-MBA-Conditional-23Dec2025,Online-Degree-India_23Dec-Conditional,28.53,,0,0,0,29,29,0,-,-,-,0%,0
Meta Ads,,FaceBook_Degreefyd_B,2026-01-09,UG_Online_Admission_2026,UG_Online_Admission_Ad_Set01_Ad01,392.6,5,4,0,0,79,98,0,-,-,-,20%,0
Meta Ads,,FaceBook_Degreefyd_B,2026-01-09,UG_Online_Admission_2026,UG_Online_Admission_Ad_Set01_Ad02,339.86,5,5,0,0,68,68,0,-,-,-,0%,0
Meta Ads,,FaceBook_Degreefyd_B,2026-01-09,LeadZam-India-Masters-05Jan2026,Masters-302.1-24Dec25-LeadZam,305.4,,0,0,0,305,305,0,-,-,-,0%,0
Google Ads,Brand,Amity_Partner_001,2026-01-09,Partner_Amity_Online_2026,23228113322,4868.4,15,13,0,0,325,374,0,-,-,-,13%,0
Google Ads,DSA,Degreefyd_Generic_Regular,2026-01-09,DSA_Admission_Online_Distance,23349276370,261.16,6,6,1,1,44,44,49875,261.16,261.16,0.52%,0%,49875
Google Ads,Brand,All_Universities_Tawab,2026-01-09,Amity & Manipal | 5/1,23425326416,3120.32,12,3,0,0,260,1040,0,-,-,-,75%,0
Google Ads,Brand,All_Universities_Tawab,2026-01-09,Shoolini | 14/1/26,23439978437,1566.79,0,0,0,0,1567,1567,0,-,-,-,0%,0
Google Ads,Brand,All_Universities_Tawab,2026-01-09,All Universities | 29/25,23402405004,394.47,0,1,0,0,394,394,0,-,-,-,0%,0
Meta Ads,,FaceBook_Degreefyd_B,2026-01-10,LeadZam-India-Masters-05Jan2026,Masters-JobReady-29Dec-LeadZam,174.05,,0,0,0,174,174,0,-,-,-,0%,0
Meta Ads,,FaceBook_Degreefyd_B,2026-01-10,LeadZam-India-31Dec2025,201.1-UG-Video-16Dec-UGC-DFYD-NorthCityOnly-LeadZam,291.94,,1,0,0,292,292,0,-,-,-,0%,0
Meta Ads,,FaceBook_Degreefyd_B,2026-01-10,LeadZam-India-31Dec2025,202-UG-Video-16DecDFYD-UGC-NorthCityOnly-LeadZam,17.01,,0,0,0,17,17,0,-,-,-,0%,0
Meta Ads,,FaceBook_Degreefyd_B,2026-01-10,LeadZam-India-OldCreatives-31Dec2025,GLA_University_G-NorthCityOnly-LeadZam,273.79,1,1,0,0,274,274,0,-,-,-,0%,0
Meta Ads,,FaceBook_Degreefyd_B,2026-01-10,LeadZam-India-OldCreatives-31Dec2025,UG_Online_Admission_NorthCityOnly-LeadZam,53.02,,0,0,0,53,53,0,-,-,-,0%,0
Meta Ads,,FaceBook_Degreefyd_B,2026-01-10,LeadZam-India-Masters-05Jan2026,Masters-302.1-24Dec25-LeadZam,145.79,,0,0,0,146,146,0,-,-,-,0%,0
Meta Ads,,FaceBook_Degreefyd_B,2026-01-10,LeadZam-India-Masters-05Jan2026,Salary-MBA-5Jan-LeadZam,265.09,,1,0,0,265,265,0,-,-,-,0%,0
Meta Ads,,FaceBook_Degreefyd_B,2026-01-10,IU Leads Campaign - 17th June 2025,IGNOU MBA -  18th August,401.74,4,5,0,0,100,80,0,-,-,-,-25%,0
Meta Ads,,FaceBook_Degreefyd_B,2026-01-10,Master-UG&PG-North-09Dec2025,202-UG-Video-16DecDFYD-UGC-Winning,202.7,1,1,0,0,203,203,0,-,-,-,0%,0
Meta Ads,,FaceBook_Degreefyd_B,2026-01-10,LeadZam-India-OldCreatives-31Dec2025,GLA_University_G-India_LeadZam,214.78,1,0,0,0,215,215,0,-,-,-,100%,0
Meta Ads,,FaceBook_Degreefyd_B,2026-01-10,LeadZam-India-OldCreatives-31Dec2025,UG_Online_Admission_LeadZam,131.63,1,0,0,0,132,132,0,-,-,-,100%,0
Meta Ads,,FaceBook_Degreefyd_B,2026-01-10,LeadZam-India-31Dec2025,202-UG-Video-16DecDFYD-UGC-LeadZam,28.34,,0,0,0,28,28,0,-,-,-,0%,0
Meta Ads,,FaceBook_Degreefyd_B,2026-01-10,LeadZam-India-31Dec2025,201.1-UG-Video-16Dec-UGC-DFYD-LeadZam,278.33,2,1,1,1,139,278,47250,278.33,278.33,0.59%,50%,47250
Meta Ads,,FaceBook_Degreefyd_B,2026-01-10,Master-UG&PG-North-09Dec2025,201.1-UG-Video-16Dec-UGC-DFYD-Conditional,32.12,,0,0,0,32,32,0,-,-,-,0%,0
Meta Ads,,FaceBook_Degreefyd_B,2026-01-10,Master-North-Conditional-26Dec2025,C04-India_23Dec-Conditional-C1-AI,130.84,3,3,0,0,44,44,0,-,-,-,0%,0
Meta Ads,,FaceBook_Degreefyd_B,2026-01-10,Master-North-MBA-Conditional-23Dec2025,Online-Degree-India_23Dec-Conditional,4.85,,0,0,0,5,5,0,-,-,-,0%,0
Meta Ads,,FaceBook_Degreefyd_B,2026-01-10,Master-North-MBA-Conditional-23Dec2025,GLA_University_G-India_23Dec-Conditional-North,382.35,7,6,0,0,55,64,0,-,-,-,14%,0
Meta Ads,,FaceBook_Degreefyd_B,2026-01-10,Master-India-MBA-Conditional-23Dec2025,GLA_University_G-India_23Dec-Conditional,590.96,13,10,0,0,45,59,0,-,-,-,23%,0
Meta Ads,,FaceBook_Degreefyd_B,2026-01-10,Master-India-MBA-Conditional-23Dec2025,Online-Degree-India_23Dec-Conditional,27.66,,0,0,0,28,28,0,-,-,-,0%,0
Meta Ads,,FaceBook_Degreefyd_B,2026-01-10,UG_Online_Admission_2026,UG_Online_Admission_Ad_Set01_Ad01,332.82,5,3,1,0,67,111,0,332.82,-,-,40%,0
Meta Ads,,FaceBook_Degreefyd_B,2026-01-10,UG_Online_Admission_2026,UG_Online_Admission_Ad_Set01_Ad02,237.82,7,6,0,0,34,40,0,-,-,-,14%,0
Meta Ads,,FaceBook_Degreefyd_B,2026-01-10,LeadZam-India-Masters-05Jan2026,Masters-302-24Dec25-LeadZam,58.36,,0,0,0,58,58,0,-,-,-,0%,0
Meta Ads,,FaceBook_Degreefyd_B,2026-01-11,Master-North-MBA-Conditional-23Dec2025,Online-Degree-India_23Dec-Conditional,3.51,,0,0,0,4,4,0,-,-,-,0%,0
Meta Ads,,FaceBook_Degreefyd_B,2026-01-11,Master-North-MBA-Conditional-23Dec2025,GLA_University_G-India_23Dec-Conditional-North,556.38,8,7,0,0,70,79,0,-,-,-,13%,0
Meta Ads,,FaceBook_Degreefyd_B,2026-01-11,Master-India-MBA-Conditional-23Dec2025,GLA_University_G-India_23Dec-Conditional,801.41,17,12,0,0,47,67,0,-,-,-,29%,0
Meta Ads,,FaceBook_Degreefyd_B,2026-01-11,Master-India-MBA-Conditional-23Dec2025,Online-Degree-India_23Dec-Conditional,21.01,2,0,0,0,11,21,0,-,-,-,100%,0
Meta Ads,,FaceBook_Degreefyd_B,2026-01-11,UG_Online_Admission_2026,UG_Online_Admission_Ad_Set01_Ad01,459.18,16,11,0,0,29,42,0,-,-,-,31%,0
Meta Ads,,FaceBook_Degreefyd_B,2026-01-11,UG_Online_Admission_2026,UG_Online_Admission_Ad_Set01_Ad02,323.69,3,3,0,0,108,108,0,-,-,-,0%,0
Meta Ads,,FaceBook_Degreefyd_B,2026-01-11,IU Leads Campaign - 17th June 2025,IGNOU MBA -  18th August,546.02,7,7,0,0,78,78,0,-,-,-,0%,0
Meta Ads,,FaceBook_University_Admit,2026-01-10,UG_Campaign_aryan 2026,UG Aryan C03,688.95,5,4,0,0,138,172,0,-,-,-,20%,0
Meta Ads,,FaceBook_University_Admit,2026-01-10,UG_Campaign_aryan 2026,UG Aryan C01,937.36,3,3,0,0,312,312,0,-,-,-,0%,0
Meta Ads,,FaceBook_University_Admit,2026-01-10,UG_Campaign_aryan 2026,UG Aryan C01..1,0,,0,0,0,0,0,0,-,-,-,0%,0
Meta Ads,,FaceBook_University_Admit,2026-01-10,UG_Campaign_aryan 2026,UG Aryan C02.1,14.04,,0,0,0,14,14,0,-,-,-,0%,0
Meta Ads,,FaceBook_University_Admit,2026-01-10,UG_Campaign_aryan 2026,UG Aryan C02,10.21,,0,0,0,10,10,0,-,-,-,0%,0
Meta Ads,,FaceBook_University_Admit,2026-01-10,Online_UG_PG_Degree_Admission_LAL,Online_UG_PG_Online_Admission_LAL,341.34,4,2,0,0,85,171,0,-,-,-,50%,0
Meta Ads,,FaceBook_University_Admit,2026-01-10,Online_UG_PG_Degree_Admission_LAL,Online_UG_PG_Online_Admission_LAL_Save6Month,0.17,,0,0,0,0,0,0,-,-,-,0%,0
Meta Ads,,FaceBook_University_Admit,2026-01-10,Online_UG_PG_Degree_Admission,Online_UG_PG_Online_Admission,877.66,15,14,1,1,59,63,11500,877.66,877.66,7.63%,7%,34500
Meta Ads,,FaceBook_University_Admit,2026-01-10,IGNOU_Online_Courses_Admission,IGNOU_Online_Courses_Admission_RestNE_Ad02,38.63,2,2,0,0,19,19,0,-,-,-,0%,0
Meta Ads,,FaceBook_University_Admit,2026-01-10,IGNOU_Online_Courses_Admission,IGNOU_Online_Courses_Admission_Delhi_NCR_Ad02,6.7,,0,0,0,7,7,0,-,-,-,0%,0
Meta Ads,,FaceBook_University_Admit,2026-01-10,IGNOU_Online_Courses_Admission,IGNOU_Online_Courses_Admission_Punjab_Region_Ad01,218.45,5,6,0,0,44,36,0,-,-,-,-20%,0
Meta Ads,,FaceBook_University_Admit,2026-01-10,IGNOU_Online_Courses_Admission,IGNOU_Online_Courses_Admission_Delhi_NCR_Ad01,318.33,10,9,0,0,32,35,0,-,-,-,10%,0
Meta Ads,,FaceBook_University_Admit,2026-01-10,IGNOU_Online_Courses_Admission,IGNOU_Online_Courses_Admission_RestNE_Ad01,279.91,9,9,0,0,31,31,0,-,-,-,0%,0
Meta Ads,,FaceBook_University_Admit,2026-01-10,DUSOL_Online_Courses_Admission,DUSOL_Online_Courses_Admission_Delhi_NCR_Ad_01,334.96,19,18,0,0,18,19,0,-,-,-,5%,0
Meta Ads,,FaceBook_University_Admit,2026-01-10,All Colleges_MBA_Aryan 02,2026_MBA_Aryan 1.2,516.43,5,3,0,0,103,172,0,-,-,-,40%,0
Meta Ads,,FaceBook_University_Admit,2026-01-10,All Colleges_MBA_Aryan 02,2026_MBA_Aryan 05,388.06,1,1,0,0,388,388,0,-,-,-,0%,0
Meta Ads,,FaceBook_University_Admit,2026-01-10,All Colleges_MBA_Aryan 02,2026_MBA_Aryan 1.2.2,570,9,8,0,0,63,71,0,-,-,-,11%,0
Meta Ads,,FaceBook_University_Admit,2026-01-11,Online_UG_PG_Degree_Admission,Online_UG_PG_Online_Admission,997.12,18,17,0,0,55,59,0,-,-,-,6%,0
Meta Ads,,FaceBook_University_Admit,2026-01-11,IGNOU_Online_Courses_Admission,IGNOU_Online_Courses_Admission_Delhi_NCR_Ad01,377.51,14,12,0,0,27,31,0,-,-,-,14%,0
Meta Ads,,FaceBook_University_Admit,2026-01-11,IGNOU_Online_Courses_Admission,IGNOU_Online_Courses_Admission_Punjab_Region_Ad01,257.46,5,5,0,0,51,51,0,-,-,-,0%,0
Meta Ads,,FaceBook_University_Admit,2026-01-11,IGNOU_Online_Courses_Admission,IGNOU_Online_Courses_Admission_Delhi_NCR_Ad02,3.03,,0,0,0,3,3,0,-,-,-,0%,0
Meta Ads,,FaceBook_University_Admit,2026-01-11,IGNOU_Online_Courses_Admission,IGNOU_Online_Courses_Admission_RestNE_Ad02,398.54,14,13,0,0,28,31,0,-,-,-,7%,0
Meta Ads,,FaceBook_University_Admit,2026-01-11,IGNOU_Online_Courses_Admission,IGNOU_Online_Courses_Admission_Punjab_Region_Ad02,0.57,,0,0,0,1,1,0,-,-,-,0%,0
Meta Ads,,FaceBook_University_Admit,2026-01-11,F_UA_UG All Colleges_V2,F_UA_UG Program_INT01_V2_C01.1_,214.59,1,1,0,0,215,215,0,-,-,-,0%,0
Meta Ads,,FaceBook_University_Admit,2026-01-11,F_UA_UG All Colleges_V2,F_UA_UG Program_INT01_V2_C01.2,343.69,,0,0,0,344,344,0,-,-,-,0%,0
Meta Ads,,FaceBook_University_Admit,2026-01-11,F_UA_UG All Colleges_V2,F_UA_UG Program_INT01_V2_C01.3,22.86,,0,0,0,23,23,0,-,-,-,0%,0
Meta Ads,,FaceBook_University_Admit,2026-01-11,F_UA_UG All Colleges_V1,F_UA_UG Program_INT01_C01.2,504.43,6,5,0,0,84,101,0,-,-,-,17%,0
Meta Ads,,FaceBook_University_Admit,2026-01-11,F_UA_UG All Colleges_V1,F_UA_UG Program_INT01_C01.1,3.53,,0,0,0,4,4,0,-,-,-,0%,0
Meta Ads,,FaceBook_University_Admit,2026-01-11,F_UA_UG All Colleges_V1,F_UA_UG Program_INT01_C01.3,58.7,,0,0,0,59,59,0,-,-,-,0%,0
Meta Ads,,FaceBook_University_Admit,2026-01-11,DUSOL_Online_Courses_Admission,DUSOL_Online_Courses_Admission_Delhi_NCR_Ad_01,383.31,16,16,0,0,24,24,0,-,-,-,0%,0
Meta Ads,,FaceBook_University_Admit,2026-01-11,All Colleges_MBA_Aryan 02,2026_MBA_Aryan 1.2.2,638.39,11,10,0,0,58,64,0,-,-,-,9%,0
Meta Ads,,FaceBook_University_Admit,2026-01-11,All Colleges_MBA_Aryan 02,2026_MBA_Aryan 1.2,646.62,12,10,0,0,54,65,0,-,-,-,17%,0
Google Ads,DSA,Degreefyd_Generic_Regular,2026-01-10,DSA_Admission_Online_Distance,23349276370,479.08,10,7,0,0,48,68,0,-,-,-,30%,0
Google Ads,Brand,Amity_Partner_001,2026-01-10,Partner_Amity_Online_2026,23228113322,4634.93,21,15,3,3,221,309,36977.5,1544.976667,1544.976667,12.53%,29%,209265
Google Ads,Brand,All_Universities_Tawab,2026-01-10,Amity & Manipal | 5/1,23425326416,453.29,0,0,0,0,453,453,0,-,-,-,0%,0
Google Ads,Brand,All_Universities_Tawab,2026-01-10,Shoolini | 14/1/26,23439978437,270.45,0,0,0,0,270,270,0,-,-,-,0%,0
Google Ads,Brand,All_Universities_Tawab,2026-01-10,All Universities | 29/25,23402405004,127.49,2,1,0,0,64,127,0,-,-,-,50%,0
Google Ads,DSA,Degreefyd_Generic_Regular,2026-01-11,DSA_Admission_Online_Distance,23349276370,361.23,7,6,0,0,52,60,0,-,-,-,14%,0
Google Ads,Brand,Amity_Partner_001,2026-01-11,Partner_Amity_Online_2026,23228113322,4311.69,10,9,0,0,431,479,0,-,-,-,10%,0
Google Ads,Brand,All_Universities_Tawab,2026-01-11,Amity & Manipal | 5/1,23425326416,2403.41,0,0,0,0,2403,2403,0,-,-,-,0%,0
Google Ads,Brand,All_Universities_Tawab,2026-01-11,Shoolini | 14/1/26,23439978437,446.06,0,0,0,0,446,446,0,-,-,-,0%,0
Google Ads,Brand,All_Universities_Tawab,2026-01-11,All Universities | 29/25,23402405004,136.97,0,0,0,0,137,137,0,-,-,-,0%,0
Google Ads,DSA,Degreefyd_Generic_Regular,2026-01-12,DSA_Admission_Online_Distance,23349276370,265.98,7,5,0,0,38,53,0,-,-,-,29%,0
Google Ads,Brand,Amity_Partner_001,2026-01-12,Partner_Amity_Online_2026,23228113322,5349.89,24,20,0,0,223,267,0,-,-,-,17%,0
Google Ads,Brand,All_Universities_Tawab,2026-01-12,Amity & Manipal | 5/1,23425326416,1665.47,0,0,0,0,1665,1665,0,-,-,-,0%,0
Google Ads,Brand,All_Universities_Tawab,2026-01-12,All Universities | 29/25,23402405004,1221.73,4,1,0,0,305,1222,0,-,-,-,75%,0
Google Ads,Brand,All_Universities_Tawab,2026-01-12,Shoolini | 14/1/26,23439978437,692.93,0,0,0,0,693,693,0,-,-,-,0%,0
Meta Ads,,FaceBook_University_Admit,2026-01-12,Online_UG_PG_Degree_Admission,Online_UG_PG_Online_Admission,964.3,13,6,0,0,74,161,0,-,-,-,54%,0
Meta Ads,,FaceBook_University_Admit,2026-01-12,IGNOU_Online_Courses_Admission,IGNOU_Online_Courses_Admission_Delhi_NCR_Ad02,4.11,,,0,0,4,4,0,-,-,-,0%,0
Meta Ads,,FaceBook_University_Admit,2026-01-12,IGNOU_Online_Courses_Admission,IGNOU_Online_Courses_Admission_Delhi_NCR_Ad01,312.26,9,8,0,0,35,39,0,-,-,-,11%,0
Meta Ads,,FaceBook_University_Admit,2026-01-12,IGNOU_Online_Courses_Admission,IGNOU_Online_Courses_Admission_Punjab_Region_Ad02,1.25,,,0,0,1,1,0,-,-,-,0%,0
Meta Ads,,FaceBook_University_Admit,2026-01-12,IGNOU_Online_Courses_Admission,IGNOU_Online_Courses_Admission_RestNE_Ad02,259.05,12,10,0,0,22,26,0,-,-,-,17%,0
Meta Ads,,FaceBook_University_Admit,2026-01-12,IGNOU_Online_Courses_Admission,IGNOU_Online_Courses_Admission_Punjab_Region_Ad01,243.54,2,3,0,0,122,81,0,-,-,-,-50%,0
Meta Ads,,FaceBook_University_Admit,2026-01-12,F_UA_UG All Colleges_V2,F_UA_UG Program_INT01_V2_C01.1_,9.77,,,0,0,10,10,0,-,-,-,0%,0
Meta Ads,,FaceBook_University_Admit,2026-01-12,F_UA_UG All Colleges_V2,F_UA_UG Program_INT01_V2_C01.2,18.52,,,0,0,19,19,0,-,-,-,0%,0
Meta Ads,,FaceBook_University_Admit,2026-01-12,F_UA_UG All Colleges_V2,F_UA_UG Program_INT01_V2_C01.3,0.07,,,0,0,0,0,0,-,-,-,0%,0
Meta Ads,,FaceBook_University_Admit,2026-01-12,F_UA_UG All Colleges_V1,F_UA_UG Program_INT01_C01.2,476.76,3,2,0,0,159,238,0,-,-,-,33%,0
Meta Ads,,FaceBook_University_Admit,2026-01-12,F_UA_UG All Colleges_V1,F_UA_UG Program_INT01_C01.3,3.91,,,0,0,4,4,0,-,-,-,0%,0
Meta Ads,,FaceBook_University_Admit,2026-01-12,F_UA_UG All Colleges_V1,F_UA_UG Program_INT01_C01.1,0.66,,,0,0,1,1,0,-,-,-,0%,0
Meta Ads,,FaceBook_University_Admit,2026-01-12,DUSOL_Online_Courses_Admission,DUSOL_Online_Courses_Admission_Delhi_NCR_Ad_01,275.56,10,7,0,0,28,39,0,-,-,-,30%,0
Meta Ads,,FaceBook_University_Admit,2026-01-12,All Colleges_MBA_Aryan 02,2026_MBA_Aryan 1.2.2,655.69,8,7,0,0,82,94,0,-,-,-,13%,0
Meta Ads,,FaceBook_University_Admit,2026-01-12,All Colleges_MBA_Aryan 02,2026_MBA_Aryan 1.2,653.3,12,9,0,0,54,73,0,-,-,-,25%,0
Meta Ads,,FaceBook_Degreefyd_B,2026-01-12,IU Leads Campaign - 17th June 2025,IGNOU MBA - 18th August,468.46,9,8,0,0,52,59,0,-,-,-,11%,0
Meta Ads,,FaceBook_Degreefyd_B,2026-01-12,UG_Online_Admission_2026,UG_Online_Admission_Ad_Set01_Ad02,199.55,3,2,0,0,67,100,0,-,-,-,33%,0
Meta Ads,,FaceBook_Degreefyd_B,2026-01-12,UG_Online_Admission_2026,UG_Online_Admission_Ad_Set01_Ad01,532.67,11,10,0,0,48,53,0,-,-,-,9%,0
Meta Ads,,FaceBook_Degreefyd_B,2026-01-12,Master-India-MBA-Conditional-23Dec2025,Online-Degree-India_23Dec-Conditional,19.7,,,0,0,20,20,0,-,-,-,0%,0
Meta Ads,,FaceBook_Degreefyd_B,2026-01-12,Master-India-MBA-Conditional-23Dec2025,GLA_University_G-India_23Dec-Conditional,788.76,20,18,0,0,39,44,0,-,-,-,10%,0
Meta Ads,,FaceBook_Degreefyd_B,2026-01-12,Master-North-MBA-Conditional-23Dec2025,GLA_University_G-India_23Dec-Conditional-North,530.35,10,9,0,0,53,59,0,-,-,-,10%,0
Meta Ads,,FaceBook_Degreefyd_B,2026-01-12,Master-North-MBA-Conditional-23Dec2025,Online-Degree-India_23Dec-Conditional,7.84,1,,0,0,8,8,0,-,-,-,100%,0
Google Ads,DSA,Degreefyd_Generic_Regular,2026-01-13,DSA_Admission_Online_Distance,23349276370,286.48,9,7,0,0,32,41,0,-,-,-,22%,0
Google Ads,Brand,Amity_Partner_001,2026-01-13,Partner_Amity_Online_2026,23228113322,5833.84,21,18,1,0,278,324,0,5833.84,-,-,14%,0
Google Ads,Brand,All_Universities_Tawab,2026-01-13,Shoolini | 14/1/26,23439978437,1033.5,1,1,0,0,1034,1034,0,-,-,-,0%,0
Google Ads,Brand,All_Universities_Tawab,2026-01-13,Amity & Manipal | 5/1,23425326416,642.88,0,0,0,0,643,643,0,-,-,-,0%,0
Google Ads,Brand,All_Universities_Tawab,2026-01-13,All Universities | 29/25,23402405004,316.2,1,1,0,0,316,316,0,-,-,-,0%,0
Meta Ads,,FaceBook_University_Admit,2026-01-13,Online_UG_PG_Degree_Admission,Online_UG_PG_Online_Admission,892.9,19,9,0,0,47,99,0,-,-,-,53%,0
Meta Ads,,FaceBook_University_Admit,2026-01-13,IGNOU_Online_Courses_Admission,IGNOU_Online_Courses_Admission_Delhi_NCR_Ad01,362,5,4,0,0,72,91,0,-,-,-,20%,0
Meta Ads,,FaceBook_University_Admit,2026-01-13,IGNOU_Online_Courses_Admission,IGNOU_Online_Courses_Admission_Punjab_Region_Ad01,235.84,6,5,0,0,39,47,0,-,-,-,17%,0
Meta Ads,,FaceBook_University_Admit,2026-01-13,IGNOU_Online_Courses_Admission,IGNOU_Online_Courses_Admission_RestNE_Ad02,361.09,10,8,0,0,36,45,0,-,-,-,20%,0
Meta Ads,,FaceBook_University_Admit,2026-01-13,IGNOU_Online_Courses_Admission,IGNOU_Online_Courses_Admission_Punjab_Region_Ad02,2.89,,,0,0,3,3,0,-,-,-,0%,0
Meta Ads,,FaceBook_University_Admit,2026-01-13,IGNOU_Online_Courses_Admission,IGNOU_Online_Courses_Admission_Delhi_NCR_Ad02,0.33,,,0,0,0,0,0,-,-,-,0%,0
Meta Ads,,FaceBook_University_Admit,2026-01-13,F_UA_{UG_BCA 2026}{Aryan},F_UA_{UG BCA 2026}{INT01}_{C02},77.26,,,0,0,77,77,0,-,-,-,0%,0
Meta Ads,,FaceBook_University_Admit,2026-01-13,F_UA_{UG_BCA 2026}{Aryan},F_UA_{UG BCA 2026}{INT01}_{C01},510.28,3,2,0,0,170,255,0,-,-,-,33%,0
Meta Ads,,FaceBook_University_Admit,2026-01-13,F_UA_{UG_BBA 2026}{Aryan},F_UA_{UG BBA 2026}{INT01}_{C02},139.51,,,0,0,140,140,0,-,-,-,0%,0
Meta Ads,,FaceBook_University_Admit,2026-01-13,F_UA_{UG_BBA 2026}{Aryan},F_UA_{UG BBA 2026}{INT01}_{C01},106.31,,,0,0,106,106,0,-,-,-,0%,0
Meta Ads,,FaceBook_University_Admit,2026-01-13,F_UA_{UG_BBA 2026}{Aryan},F_UA_{UG BBA 2026}{INT01}_{C03},289.85,1,1,0,0,290,290,0,-,-,-,0%,0
Meta Ads,,FaceBook_University_Admit,2026-01-13,F_UA_UG All Colleges_V3,F_UA_{UG All Colleges}{INT01}_{Video 3},87.66,,,0,0,88,88,0,-,-,-,0%,0
Meta Ads,,FaceBook_University_Admit,2026-01-13,F_UA_UG All Colleges_V3,F_UA_{UG All Colleges}{INT01}_{Video 1},177.36,3,2,0,0,59,89,0,-,-,-,33%,0
Meta Ads,,FaceBook_University_Admit,2026-01-13,F_UA_UG All Colleges_V3,F_UA_{UG All Colleges}{INT01}_{Video 2},397.79,5,4,0,0,80,99,0,-,-,-,20%,0
Meta Ads,,FaceBook_University_Admit,2026-01-13,F_UA_UG All Colleges_V1,F_UA_UG Program_INT01_C01.2,508.01,10,7,0,0,51,73,0,-,-,-,30%,0
Meta Ads,,FaceBook_University_Admit,2026-01-13,F_UA_UG All Colleges_V1,F_UA_UG Program_INT01_C01.1,1.54,,,0,0,2,2,0,-,-,-,0%,0
Meta Ads,,FaceBook_University_Admit,2026-01-13,F_UA_UG All Colleges_V1,F_UA_UG Program_INT01_C01.3,1.82,,,0,0,2,2,0,-,-,-,0%,0
Meta Ads,,FaceBook_University_Admit,2026-01-13,DUSOL_Online_Courses_Admission,DUSOL_Online_Courses_Admission_Delhi_NCR_Ad_01,400.48,21,13,1,1,19,31,4900,400.48,400.48,8.17%,38%,33775
Meta Ads,,FaceBook_University_Admit,2026-01-13,All Colleges_MBA_Aryan 02,2026_MBA_Aryan 1.2.2,596.54,8,8,0,0,75,75,0,-,-,-,0%,0
Meta Ads,,FaceBook_University_Admit,2026-01-13,All Colleges_MBA_Aryan 02,2026_MBA_Aryan 1.2,591.86,8,8,0,0,74,74,0,-,-,-,0%,0
Meta Ads,,FaceBook_Degreefyd_B,2026-01-13,IU Leads Campaign - 17th June 2025,IGNOU MBA - 18th August,557.28,10,4,0,0,56,139,0,-,-,-,60%,0
Meta Ads,,FaceBook_Degreefyd_B,2026-01-13,UG_Online_Admission_2026,UG_Online_Admission_Ad_Set01_Ad02,251.52,6,5,0,0,42,50,0,-,-,-,17%,0
Meta Ads,,FaceBook_Degreefyd_B,2026-01-13,UG_Online_Admission_2026,UG_Online_Admission_Ad_Set01_Ad01,456.56,8,6,0,0,57,76,0,-,-,-,25%,0
Meta Ads,,FaceBook_Degreefyd_B,2026-01-13,Master-India-MBA-Conditional-23Dec2025,Online-Degree-India_23Dec-Conditional,23.64,,,0,0,24,24,0,-,-,-,0%,0
Meta Ads,,FaceBook_Degreefyd_B,2026-01-13,Master-India-MBA-Conditional-23Dec2025,MBA_Admission_2026_Video-India_23Dec-Conditional-C1,0.06,,,0,0,0,0,0,-,-,-,0%,0
Meta Ads,,FaceBook_Degreefyd_B,2026-01-13,Master-India-MBA-Conditional-23Dec2025,GLA_University_G-India_23Dec-Conditional,752.99,12,10,0,0,63,75,0,-,-,-,17%,0
Meta Ads,,FaceBook_Degreefyd_B,2026-01-13,Master-North-MBA-Conditional-23Dec2025,GLA_University_G-India_23Dec-Conditional-North,511.06,12,10,0,0,43,51,0,-,-,-,17%,0
Meta Ads,,FaceBook_Degreefyd_B,2026-01-13,Master-North-MBA-Conditional-23Dec2025,Online-Degree-India_23Dec-Conditional,3.23,,,0,0,3,3,0,-,-,-,0%,0
Google Ads,DSA,Degreefyd_Generic_Regular,2026-01-14,DSA_Admission_Online_Distance,23349276370,350.37,7,6,1,1,50,58,16500,350.37,350.37,2.12%,14%,33000
Google Ads,Brand,Amity_Partner_001,2026-01-14,Partner_Amity_Online_2026,23228113322,5071.13,12,12,1,1,423,423,56525,5071.13,5071.13,8.97%,0%,56525
Google Ads,Brand,All_Universities_Tawab,2026-01-14,Shoolini | 14/1/26,23439978437,721.11,0,0,0,0,721,721,0,-,-,-,0%,0
Google Ads,Brand,All_Universities_Tawab,2026-01-14,All Universities | 29/25,23402405004,58.67,0,0,0,0,59,59,0,-,-,-,0%,0
Meta Ads,,FaceBook_University_Admit,2026-01-14,Online_UG_PG_Degree_Admission,Online_UG_PG_Online_Admission,910.65,11,6,0,0,83,152,0,-,-,-,45%,0
Meta Ads,,FaceBook_University_Admit,2026-01-14,IGNOU_Online_Courses_Admission,IGNOU_Online_Courses_Admission_Delhi_NCR_Ad02,2.29,,,0,0,2,2,0,-,-,-,0%,0
Meta Ads,,FaceBook_University_Admit,2026-01-14,IGNOU_Online_Courses_Admission,IGNOU_Online_Courses_Admission_Delhi_NCR_Ad01,351.48,10,8,0,0,35,44,0,-,-,-,20%,0
Meta Ads,,FaceBook_University_Admit,2026-01-14,IGNOU_Online_Courses_Admission,IGNOU_Online_Courses_Admission_Punjab_Region_Ad02,3.52,,,0,0,4,4,0,-,-,-,0%,0
Meta Ads,,FaceBook_University_Admit,2026-01-14,IGNOU_Online_Courses_Admission,IGNOU_Online_Courses_Admission_RestNE_Ad02,429.09,14,14,1,0,31,31,0,429.09,-,-,0%,0
Meta Ads,,FaceBook_University_Admit,2026-01-14,IGNOU_Online_Courses_Admission,IGNOU_Online_Courses_Admission_Punjab_Region_Ad01,236.98,10,9,0,0,24,26,0,-,-,-,10%,0
Meta Ads,,FaceBook_University_Admit,2026-01-14,F_UA_{UG_BCA 2026}{Aryan},F_UA_{UG BCA 2026}{INT01}_{C02},45.91,1,1,0,0,46,46,0,-,-,-,0%,0
Meta Ads,,FaceBook_University_Admit,2026-01-14,F_UA_{UG_BCA 2026}{Aryan},F_UA_{UG BCA 2026}{INT01}_{C01},618.13,4,3,0,0,155,206,0,-,-,-,25%,0
Meta Ads,,FaceBook_University_Admit,2026-01-14,F_UA_UG All Colleges_V3,F_UA_{UG All Colleges}{INT01}_{Video 3},290.66,3,3,0,0,97,97,0,-,-,-,0%,0
Meta Ads,,FaceBook_University_Admit,2026-01-14,F_UA_UG All Colleges_V3,F_UA_{UG All Colleges}{INT01}_{Video 1},130.5,2,2,0,0,65,65,0,-,-,-,0%,0
Meta Ads,,FaceBook_University_Admit,2026-01-14,F_UA_UG All Colleges_V3,F_UA_{UG All Colleges}{INT01}_{Video 2},362.35,1,1,0,0,362,362,0,-,-,-,0%,0
Meta Ads,,FaceBook_University_Admit,2026-01-14,F_UA_UG All Colleges_V1,F_UA_UG Program_INT01_C01.2,491,6,5,0,0,82,98,0,-,-,-,17%,0
Meta Ads,,FaceBook_University_Admit,2026-01-14,F_UA_UG All Colleges_V1,F_UA_UG Program_INT01_C01.3,0.29,,,0,0,0,0,0,-,-,-,0%,0
Meta Ads,,FaceBook_University_Admit,2026-01-14,DUSOL_Online_Courses_Admission,DUSOL_Online_Courses_Admission_Delhi_NCR_Ad_01,378.11,8,6,0,0,47,63,0,-,-,-,25%,0
Meta Ads,,FaceBook_University_Admit,2026-01-14,All Colleges_MBA_Aryan 02,2026_MBA_Aryan 1.2.2,585.57,5,5,0,0,117,117,0,-,-,-,0%,0
Meta Ads,,FaceBook_University_Admit,2026-01-14,All Colleges_MBA_Aryan 02,2026_MBA_Aryan 1.2,588.67,4,4,0,0,147,147,0,-,-,-,0%,0
Meta Ads,,FaceBook_Degreefyd_B,2026-01-14,IU Leads Campaign - 17th June 2025,IGNOU MBA - 18th August,496.91,6,3,0,0,83,166,0,-,-,-,50%,0
Meta Ads,,FaceBook_Degreefyd_B,2026-01-14,UG_Online_Admission_2026,UG_Online_Admission_Ad_Set01_Ad02,271.8,3,3,0,0,91,91,0,-,-,-,0%,0
Meta Ads,,FaceBook_Degreefyd_B,2026-01-14,UG_Online_Admission_2026,UG_Online_Admission_Ad_Set01_Ad01,416.91,13,12,0,0,32,35,0,-,-,-,8%,0
Meta Ads,,FaceBook_Degreefyd_B,2026-01-14,Master-India-MBA-Conditional-23Dec2025,Online-Degree-India_23Dec-Conditional,7.56,,,0,0,8,8,0,-,-,-,0%,0
Meta Ads,,FaceBook_Degreefyd_B,2026-01-14,Master-India-MBA-Conditional-23Dec2025,GLA_University_G-India_23Dec-Conditional,734.23,12,12,0,0,61,61,0,-,-,-,0%,0
Meta Ads,,FaceBook_Degreefyd_B,2026-01-14,Master-North-MBA-Conditional-23Dec2025,GLA_University_G-India_23Dec-Conditional-North,486.45,19,18,1,1,26,27,10500,486.45,486.45,4.63%,5%,31500
Meta Ads,,FaceBook_Degreefyd_B,2026-01-14,Master-North-MBA-Conditional-23Dec2025,Online-Degree-India_23Dec-Conditional,1.36,,,0,0,1,1,0,-,-,-,0%,0
Meta Ads,,FaceBook_Degreefyd_B,2026-01-14,UG_Online_Admission_2026_LAL,UG_Online_Admission_Conv_UG_LAL_Ad01,105.47,1,1,0,0,105,105,0,-,-,-,0%,0
Meta Ads,,FaceBook_Degreefyd_B,2026-01-14,UG_Online_Admission_2026_LAL,UG_Online_Admission_Conv_UG_LAL_Ad02,69.44,1,1,0,0,69,69,0,-,-,-,0%,0
Google Ads,DSA,Degreefyd_Generic_Regular,2026-01-15,DSA_Admission_Online_Distance,23349276370,709.4,24,22,0,0,30,32,0,-,-,-,8%,0
Google Ads,Brand,Amity_Partner_001,2026-01-15,Partner_Amity_Online_2026,23228113322,6216.55,15,14,0,0,414,444,0,-,-,-,7%,0
Google Ads,Brand,All_Universities_Tawab,2026-01-15,Amity | 15/1/26,23457666201,935.25,0,0,0,0,935,935,0,-,-,-,0%,0
Google Ads,Brand,All_Universities_Tawab,2026-01-15,Shoolini | 14/1/26,23439978437,930.94,1,1,0,0,931,931,0,-,-,-,0%,0
Google Ads,Brand,All_Universities_Tawab,2026-01-15,All Universities | 29/25,23402405004,193.31,1,0,0,0,193,193,0,-,-,-,100%,0
Meta Ads,,FaceBook_University_Admit,2026-01-15,Online_UG_PG_Degree_Admission,Online_UG_PG_Online_Admission,858.63,9,3,0,0,95,286,0,-,-,-,67%,0
Meta Ads,,FaceBook_University_Admit,2026-01-15,Online_UG_PG_Degree_Admission,Online_UG_PG_Online_Admission_v2,8.6,1,1,0,0,9,9,0,-,-,-,0%,0
Meta Ads,,FaceBook_University_Admit,2026-01-15,IGNOU_Online_Courses_Admission,IGNOU_Online_Courses_Admission_Punjab_Region_Ad01,224.89,2,2,0,0,112,112,0,-,-,-,0%,0
Meta Ads,,FaceBook_University_Admit,2026-01-15,IGNOU_Online_Courses_Admission,IGNOU_Online_Courses_Admission_Delhi_NCR_Ad01,312.61,6,5,0,0,52,63,0,-,-,-,17%,0
Meta Ads,,FaceBook_University_Admit,2026-01-15,IGNOU_Online_Courses_Admission,IGNOU_Online_Courses_Admission_Delhi_NCR_Ad02,7.04,,,0,0,7,7,0,-,-,-,0%,0
Meta Ads,,FaceBook_University_Admit,2026-01-15,IGNOU_Online_Courses_Admission,IGNOU_Online_Courses_Admission_RestNE_Ad02,335.26,11,11,0,0,30,30,0,-,-,-,0%,0
Meta Ads,,FaceBook_University_Admit,2026-01-15,F_UA_{UG_BCA 2026}{Aryan},F_UA_{UG BCA 2026}{INT01}_{C01},115.72,,,0,0,116,116,0,-,-,-,0%,0
Meta Ads,,FaceBook_University_Admit,2026-01-15,F_UA_{UG_BCA 2026}{Aryan},F_UA_{UG BCA 2026}{INT01}_{C02},19.63,,,0,0,20,20,0,-,-,-,0%,0
Meta Ads,,FaceBook_University_Admit,2026-01-15,F_UA_UG All Colleges_V4,F_UA_{UG All Colleges V4}{INT01}_{C01},50.66,,,0,0,51,51,0,-,-,-,0%,0
Meta Ads,,FaceBook_University_Admit,2026-01-15,F_UA_UG All Colleges_V4,F_UA_{UG All Colleges V4}{INT01}_{C04},96.22,1,1,0,0,96,96,0,-,-,-,0%,0
Meta Ads,,FaceBook_University_Admit,2026-01-15,F_UA_UG All Colleges_V4,F_UA_{UG All Colleges V4}{INT01}_{C02},402.81,4,3,0,0,101,134,0,-,-,-,25%,0
Meta Ads,,FaceBook_University_Admit,2026-01-15,F_UA_UG All Colleges_V4,F_UA_{UG All Colleges V4}{INT01}_{C03},35.04,,,0,0,35,35,0,-,-,-,0%,0
Meta Ads,,FaceBook_University_Admit,2026-01-15,F_UA_UG All Colleges_V4,F_UA_{UG All Colleges V4}{INT01}_{C05},11.96,1,1,0,0,12,12,0,-,-,-,0%,0
Meta Ads,,FaceBook_University_Admit,2026-01-15,F_UA_UG All Colleges_V3,F_UA_{UG All Colleges}{INT01}_{Video 1},363.42,1,1,0,0,363,363,0,-,-,-,0%,0
Meta Ads,,FaceBook_University_Admit,2026-01-15,F_UA_UG All Colleges_V3,F_UA_{UG All Colleges}{INT01}_{Video 2},167.26,1,,0,0,167,167,0,-,-,-,100%,0
Meta Ads,,FaceBook_University_Admit,2026-01-15,F_UA_UG All Colleges_V3,F_UA_{UG All Colleges}{INT01}_{Video 3},159.07,1,1,0,0,159,159,0,-,-,-,0%,0
Meta Ads,,FaceBook_University_Admit,2026-01-15,F_UA_UG All Colleges_V1,F_UA_UG Program_INT01_C01.1,5.56,,,0,0,6,6,0,-,-,-,0%,0
Meta Ads,,FaceBook_University_Admit,2026-01-15,F_UA_UG All Colleges_V1,F_UA_UG Program_INT01_C01.3,7.42,,,0,0,7,7,0,-,-,-,0%,0
Meta Ads,,FaceBook_University_Admit,2026-01-15,F_UA_UG All Colleges_V1,F_UA_UG Program_INT01_C01.2,466.18,9,8,1,1,52,58,8750,466.18,466.18,5.33%,11%,26250
Meta Ads,,FaceBook_University_Admit,2026-01-15,DUSOL_Online_Courses_Admission,DUSOL_Online_Courses_Admission_Delhi_NCR_Ad_01,347.82,18,15,0,0,19,23,0,-,-,-,17%,0
Meta Ads,,FaceBook_University_Admit,2026-01-15,All Colleges_MBA_Aryan 02,2026_MBA_Aryan 1.2.2,783.98,10,10,2,2,78,78,28625,391.99,391.99,2.74%,0%,81500
Meta Ads,,FaceBook_University_Admit,2026-01-15,All Colleges_MBA_Aryan 02,2026_MBA_Aryan 1.2,781.84,6,5,0,0,130,156,0,-,-,-,17%,0
Meta Ads,,FaceBook_Degreefyd_B,2026-01-15,IU Leads Campaign - 17th June 2025,IGNOU MBA - 18th August,278.16,3,2,0,0,93,139,0,-,-,-,33%,0
Meta Ads,,FaceBook_Degreefyd_B,2026-01-15,UG_Online_Admission_2026,UG_Online_Admission_Ad_Set01_Ad02,245.11,6,5,0,0,41,49,0,-,-,-,17%,0
Meta Ads,,FaceBook_Degreefyd_B,2026-01-15,UG_Online_Admission_2026,UG_Online_Admission_Ad_Set01_Ad01,602.28,12,11,0,0,50,55,0,-,-,-,8%,0
Meta Ads,,FaceBook_Degreefyd_B,2026-01-15,Master-India-MBA-Conditional-23Dec2025,Online-Degree-India_23Dec-Conditional,15.66,,,0,0,16,16,0,-,-,-,0%,0
Meta Ads,,FaceBook_Degreefyd_B,2026-01-15,Master-India-MBA-Conditional-23Dec2025,MBA_Admission_2026_Static-102-India_23Dec-Condtional,0,,,0,0,0,0,0,-,-,-,0%,0
Meta Ads,,FaceBook_Degreefyd_B,2026-01-15,Master-India-MBA-Conditional-23Dec2025,GLA_University_G-India_23Dec-Conditional,719.97,13,12,0,0,55,60,0,-,-,-,8%,0
Meta Ads,,FaceBook_Degreefyd_B,2026-01-15,Master-North-MBA-Conditional-23Dec2025,GLA_University_G-India_23Dec-Conditional-North,475.85,8,6,0,0,59,79,0,-,-,-,25%,0
Meta Ads,,FaceBook_Degreefyd_B,2026-01-15,Master-North-MBA-Conditional-23Dec2025,Online-Degree-India_23Dec-Conditional,2.28,,,0,0,2,2,0,-,-,-,0%,0
Meta Ads,,FaceBook_Degreefyd_B,2026-01-15,UG_Online_Admission_2026_LAL,UG_Online_Admission_Conv_UG_LAL_Ad01,329.12,1,1,0,0,329,329,0,-,-,-,0%,0
Meta Ads,,FaceBook_Degreefyd_B,2026-01-15,UG_Online_Admission_2026_LAL,UG_Online_Admission_Conv_UG_LAL_Ad02,69.24,1,1,0,0,69,69,0,-,-,-,0%,0
Meta Ads,,FaceBook_Degreefyd_B,2026-01-15,IGNOU_Leads_2026,IGNOU_MBA_2026_Int_Ad01,268.52,3,1,0,0,90,269,0,-,-,-,67%,0
Google Ads,Brand,Amity_Partner_001,2026-01-16,Partner_Amity_Online_2026,23228113322,5238.37,12,9,0,0,437,582,0,-,-,-,25%,0
Google Ads,DSA,Degreefyd_Generic_Regular,2026-01-16,DSA_Admission_Online_Distance,23349276370,686.24,15,14,0,0,46,49,0,-,-,-,7%,0
Google Ads,Brand,All_Universities_Tawab,2026-01-16,Amity | 15/1/26,23457666201,1058.69,2,2,0,0,529,529,0,-,-,-,0%,0
Google Ads,Brand,All_Universities_Tawab,2026-01-16,Shoolini | 14/1/26,23439978437,1050.89,0,0,0,0,1051,1051,0,-,-,-,0%,0
Google Ads,Brand,All_Universities_Tawab,2026-01-16,All Universities | 29/25,23402405004,763.23,0,0,0,0,763,763,0,-,-,-,0%,0
Meta Ads,,FaceBook_University_Admit,2026-01-16,Online_UG_PG_Degree_Admission,Online_UG_PG_Online_Admission,378.07,5,4,0,0,76,95,0,-,-,-,20%,0
Meta Ads,,FaceBook_University_Admit,2026-01-16,Online_UG_PG_Degree_Admission,Online_UG_PG_Online_Admission_v2,445.44,9,5,0,0,49,89,0,-,-,-,44%,0
Meta Ads,,FaceBook_University_Admit,2026-01-16,IGNOU_Online_Courses_Admission,IGNOU_Online_Courses_Admission_Delhi_NCR_Ad01,319.57,7,7,0,0,46,46,0,-,-,-,0%,0
Meta Ads,,FaceBook_University_Admit,2026-01-16,IGNOU_Online_Courses_Admission,IGNOU_Online_Courses_Admission_Punjab_Region_Ad01,216.68,8,8,0,0,27,27,0,-,-,-,0%,0
Meta Ads,,FaceBook_University_Admit,2026-01-16,IGNOU_Online_Courses_Admission,IGNOU_Online_Courses_Admission_Punjab_Region_Ad02,1.65,,,0,0,2,2,0,-,-,-,0%,0
Meta Ads,,FaceBook_University_Admit,2026-01-16,IGNOU_Online_Courses_Admission,IGNOU_Online_Courses_Admission_RestNE_Ad02,336.83,17,17,0,0,20,20,0,-,-,-,0%,0
Meta Ads,,FaceBook_University_Admit,2026-01-16,F_UA_UG All Colleges_V4,F_UA_{UG All Colleges V4}{INT01}_{C01},37.61,1,1,0,0,38,38,0,-,-,-,0%,0
Meta Ads,,FaceBook_University_Admit,2026-01-16,F_UA_UG All Colleges_V4,F_UA_{UG All Colleges V4}{INT01}_{C03},4.95,,,0,0,5,5,0,-,-,-,0%,0
Meta Ads,,FaceBook_University_Admit,2026-01-16,F_UA_UG All Colleges_V4,F_UA_{UG All Colleges V4}{INT01}_{C04},53.28,1,1,0,0,53,53,0,-,-,-,0%,0
Meta Ads,,FaceBook_University_Admit,2026-01-16,F_UA_UG All Colleges_V4,F_UA_{UG All Colleges V4}{INT01}_{C05},19.58,,,0,0,20,20,0,-,-,-,0%,0
Meta Ads,,FaceBook_University_Admit,2026-01-16,F_UA_UG All Colleges_V4,F_UA_{UG All Colleges V4}{INT01}_{C02},602.53,8,3,0,0,75,201,0,-,-,-,63%,0
Meta Ads,,FaceBook_University_Admit,2026-01-16,F_UA_UG All Colleges_V3,F_UA_{UG All Colleges}{INT01}_{Video 1},0.01,,,0,0,0,0,0,-,-,-,0%,0
Meta Ads,,FaceBook_University_Admit,2026-01-16,F_UA_UG All Colleges_V3,F_UA_{UG All Colleges}{INT01}_{Video 2},3.75,,,0,0,4,4,0,-,-,-,0%,0
Meta Ads,,FaceBook_University_Admit,2026-01-16,F_UA_UG All Colleges_V1,F_UA_UG Program_INT01_C01.1,0,,,0,0,0,0,0,-,-,-,0%,0
Meta Ads,,FaceBook_University_Admit,2026-01-16,F_UA_UG All Colleges_V1,F_UA_UG Program_INT01_C01.3,0.02,,,0,0,0,0,0,-,-,-,0%,0
Meta Ads,,FaceBook_University_Admit,2026-01-16,F_UA_UG All Colleges_V1,F_UA_UG Program_INT01_C01.2,464.36,10,10,0,0,46,46,0,-,-,-,0%,0
Meta Ads,,FaceBook_University_Admit,2026-01-16,F_UA_PG MBA All Colleges_V03,F_UA_{MBA All Colleges V03}{INT01}_{C03},257.81,1,1,0,0,258,258,0,-,-,-,0%,0
Meta Ads,,FaceBook_University_Admit,2026-01-16,F_UA_PG MBA All Colleges_V03,F_UA_{MBA All Colleges V03}{INT01}_{C02},30.43,,,0,0,30,30,0,-,-,-,0%,0
Meta Ads,,FaceBook_University_Admit,2026-01-16,F_UA_PG MBA All Colleges_V03,F_UA_{MBA All Colleges V03}{INT01}_{C01},90.91,,,0,0,91,91,0,-,-,-,0%,0
Meta Ads,,FaceBook_University_Admit,2026-01-16,DUSOL_Online_Courses_Admission,DUSOL_Online_Courses_Admission_Delhi_NCR_Ad_01,345.22,10,7,0,0,35,49,0,-,-,-,30%,0
Meta Ads,,FaceBook_University_Admit,2026-01-16,All Colleges_MBA_Aryan 02,2026_MBA_Aryan 1.2.2,664.3,12,12,0,0,55,55,0,-,-,-,0%,0
Meta Ads,,FaceBook_University_Admit,2026-01-16,All Colleges_MBA_Aryan 02,2026_MBA_Aryan 1.2,361.34,3,3,0,0,120,120,0,-,-,-,0%,0
Meta Ads,,FaceBook_University_Admit,2026-01-16,All Colleges_MBA_Aryan 02,2026_MBA_Aryan 1.2.3,2.48,,,0,0,2,2,0,-,-,-,0%,0
Meta Ads,,FaceBook_Degreefyd_B,2026-01-16,UG_Online_Admission_2026,UG_Online_Admission_Ad_Set01_Ad02,169.58,3,3,0,0,57,57,0,-,-,-,0%,0
Meta Ads,,FaceBook_Degreefyd_B,2026-01-16,UG_Online_Admission_2026,UG_Online_Admission_Ad_Set01_Ad01,574.25,6,6,0,0,96,96,0,-,-,-,0%,0
Meta Ads,,FaceBook_Degreefyd_B,2026-01-16,Master-India-MBA-Conditional-23Dec2025,Online-Degree-India_23Dec-Conditional,21.84,1,1,0,0,22,22,0,-,-,-,0%,0
Meta Ads,,FaceBook_Degreefyd_B,2026-01-16,Master-India-MBA-Conditional-23Dec2025,GLA_University_G-India_23Dec-Conditional,868.26,18,15,0,0,48,58,0,-,-,-,17%,0
Meta Ads,,FaceBook_Degreefyd_B,2026-01-16,Master-North-MBA-Conditional-23Dec2025,GLA_University_G-India_23Dec-Conditional-North,602.5,15,12,1,1,40,50,47250,602.5,602.5,1.28%,20%,47250
Meta Ads,,FaceBook_Degreefyd_B,2026-01-16,UG_Online_Admission_2026_LAL,UG_Online_Admission_Conv_UG_LAL_Ad01,296.69,5,5,0,0,59,59,0,-,-,-,0%,0
Meta Ads,,FaceBook_Degreefyd_B,2026-01-16,UG_Online_Admission_2026_LAL,UG_Online_Admission_Conv_UG_LAL_Ad02,90.81,1,1,0,0,91,91,0,-,-,-,0%,0
Meta Ads,,FaceBook_Degreefyd_B,2026-01-16,IGNOU_Leads_2026,IGNOU_MBA_2026_Int_Ad01,342.85,6,3,0,0,57,114,0,-,-,-,50%,0
Google Ads,Brand,Amity_Partner_001,2026-01-17,Partner_Amity_Online_2026,23228113322,7096.52,17,15,1,1,417,473,4900,7096.52,7096.52,144.83%,12%,33775
Google Ads,DSA,Degreefyd_Generic_Regular,2026-01-17,DSA_Admission_Online_Distance,23349276370,656.93,17,17,0,0,39,39,0,-,-,-,0%,0
Google Ads,Brand,All_Universities_Tawab,2026-01-17,Amity | 15/1/26,23457666201,1039.8,1,1,0,0,1040,1040,0,-,-,-,0%,0
Google Ads,Brand,All_Universities_Tawab,2026-01-17,Shoolini | 14/1/26,23439978437,1030.2,0,0,0,0,1030,1030,0,-,-,-,0%,0
Meta Ads,,FaceBook_University_Admit,2026-01-17,Online_UG_PG_Degree_Admission,Online_UG_PG_Online_Admission,97.69,3,2,0,0,33,49,0,-,-,-,33%,0
Meta Ads,,FaceBook_University_Admit,2026-01-17,Online_UG_PG_Degree_Admission,Online_UG_PG_Online_Admission_v2,703.48,12,11,0,0,59,64,0,-,-,-,8%,0
Meta Ads,,FaceBook_University_Admit,2026-01-17,IGNOU_Online_Courses_Admission,IGNOU_Online_Courses_Admission_RestNE_Ad02,300.93,11,12,0,0,27,25,0,-,-,-,-9%,0
Meta Ads,,FaceBook_University_Admit,2026-01-17,IGNOU_Online_Courses_Admission,IGNOU_Online_Courses_Admission_Delhi_NCR_Ad01,290.54,7,6,1,1,42,48,7437.5,290.54,290.54,3.91%,14%,52500
Meta Ads,,FaceBook_University_Admit,2026-01-17,IGNOU_Online_Courses_Admission,IGNOU_Online_Courses_Admission_Punjab_Region_Ad01,209.01,6,6,0,0,35,35,0,-,-,-,0%,0
Meta Ads,,FaceBook_University_Admit,2026-01-17,IGNOU_Online_Courses_Admission,IGNOU_Online_Courses_Admission_Delhi_NCR_Ad02,14.47,,0,0,0,14,14,0,-,-,-,0%,0
Meta Ads,,FaceBook_University_Admit,2026-01-17,F_UA_UG All Colleges_V4,F_UA_{UG All Colleges V4}{INT01}_{C02},513.06,3,2,0,0,171,257,0,-,-,-,33%,0
Meta Ads,,FaceBook_University_Admit,2026-01-17,F_UA_UG All Colleges_V4,F_UA_{UG All Colleges V4}{INT01}_{C05},7.97,,,0,0,8,8,0,-,-,-,0%,0
Meta Ads,,FaceBook_University_Admit,2026-01-17,F_UA_UG All Colleges_V4,F_UA_{UG All Colleges V4}{INT01}_{C03},5.29,,,0,0,5,5,0,-,-,-,0%,0
Meta Ads,,FaceBook_University_Admit,2026-01-17,F_UA_UG All Colleges_V4,F_UA_{UG All Colleges V4}{INT01}_{C01},125.82,,,0,0,126,126,0,-,-,-,0%,0
Meta Ads,,FaceBook_University_Admit,2026-01-17,F_UA_UG All Colleges_V4,F_UA_{UG All Colleges V4}{INT01}_{C04},30.77,,,0,0,31,31,0,-,-,-,0%,0
Meta Ads,,FaceBook_University_Admit,2026-01-17,F_UA_UG All Colleges_V1,F_UA_UG Program_INT01_C01.2,427.73,6,7,0,0,71,61,0,-,-,-,-17%,0
Meta Ads,,FaceBook_University_Admit,2026-01-17,F_UA_PG MBA All Colleges_V03,F_UA_{MBA All Colleges V03}{INT01}_{C02},6,,,0,0,6,6,0,-,-,-,0%,0
Meta Ads,,FaceBook_University_Admit,2026-01-17,F_UA_PG MBA All Colleges_V03,F_UA_{MBA All Colleges V03}{INT01}_{C01},41.81,,,0,0,42,42,0,-,-,-,0%,0
Meta Ads,,FaceBook_University_Admit,2026-01-17,F_UA_PG MBA All Colleges_V03,F_UA_{MBA All Colleges V03}{INT01}_{C04},285.17,2,1,0,0,143,285,0,-,-,-,50%,0
Meta Ads,,FaceBook_University_Admit,2026-01-17,F_UA_PG MBA All Colleges_V03,F_UA_{MBA All Colleges V03}{INT01}_{C03},134.77,1,1,0,0,135,135,0,-,-,-,0%,0
Meta Ads,,FaceBook_University_Admit,2026-01-17,F_UA_PG MBA All Colleges_V03,F_UA_{MBA All Colleges V03}{INT01}_{C04.1},230.49,2,2,0,0,115,115,0,-,-,-,0%,0
Meta Ads,,FaceBook_University_Admit,2026-01-17,DUSOL_Online_Courses_Admission,DUSOL_Online_Courses_Admission_Delhi_NCR_Ad_01,300.11,13,7,2,0,23,43,0,150.055,-,-,46%,0
Meta Ads,,FaceBook_University_Admit,2026-01-17,All Colleges_MBA_Aryan 02,2026_MBA_Aryan 1.2.3,0.31,,,0,0,0,0,0,-,-,-,0%,0
Meta Ads,,FaceBook_University_Admit,2026-01-17,All Colleges_MBA_Aryan 02,2026_MBA_Aryan 2.3,0.01,,,0,0,0,0,0,-,-,-,0%,0
Meta Ads,,FaceBook_University_Admit,2026-01-17,All Colleges_MBA_Aryan 02,2026_MBA_Aryan 1.2.2,786.55,8,7,0,0,98,112,0,-,-,-,13%,0
Meta Ads,,FaceBook_University_Admit,2026-01-17,All Colleges_MBA_Aryan 02,2026_MBA_Aryan 2.4,5.46,,,0,0,5,5,0,-,-,-,0%,0
Meta Ads,,FaceBook_University_Admit,2026-01-17,All Colleges_MBA_Aryan 02,2026_MBA_Aryan 2.1,249.24,7,4,0,0,36,62,0,-,-,-,43%,0
Meta Ads,,FaceBook_University_Admit,2026-01-17,F_UA01_{UG All Colleges V01},F_UA01_{UG All Colleges} {INT 01} {V01},18.8,,,0,0,19,19,0,-,-,-,0%,0
Meta Ads,,FaceBook_University_Admit,2026-01-17,F_UA01_{UG All Colleges V01},F_UA01_{UG All Colleges} {INT 01} {V03},0.51,,,0,0,1,1,0,-,-,-,0%,0
Meta Ads,,FaceBook_University_Admit,2026-01-17,F_UA01_{UG All Colleges V01},F_UA01_{UG All Colleges} {INT 02} {C03},46.58,,,0,0,47,47,0,-,-,-,0%,0
Meta Ads,,FaceBook_University_Admit,2026-01-17,F_UA01_{UG All Colleges V01},F_UA01_{UG All Colleges} {INT 02} {C02},72.52,1,1,0,0,73,73,0,-,-,-,0%,0
Meta Ads,,FaceBook_University_Admit,2026-01-17,F_UA01_{UG All Colleges V01},F_UA01_{UG All Colleges} {INT 02} {C01},5.71,,,0,0,6,6,0,-,-,-,0%,0
Meta Ads,,FaceBook_University_Admit,2026-01-17,F_UA01_{UG All Colleges V01},F_UA01_{UG All Colleges} {INT 02} {C04},11.52,1,,0,0,12,12,0,-,-,-,100%,0
Meta Ads,,FaceBook_Degreefyd_B,2026-01-17,UG_Online_Admission_2026,UG_Online_Admission_Ad_Set01_Ad02,197.38,6,5,1,0,33,39,0,197.38,-,-,17%,0
Meta Ads,,FaceBook_Degreefyd_B,2026-01-17,UG_Online_Admission_2026,UG_Online_Admission_Ad_Set01_Ad01,457.86,10,5,0,0,46,92,0,-,-,-,50%,0
Meta Ads,,FaceBook_Degreefyd_B,2026-01-17,Master-India-MBA-Conditional-23Dec2025,Online-Degree-India_23Dec-Conditional,47.27,,,0,0,47,47,0,-,-,-,0%,0
Meta Ads,,FaceBook_Degreefyd_B,2026-01-17,Master-India-MBA-Conditional-23Dec2025,GLA_University_G-India_23Dec-Conditional,796.29,7,4,0,0,114,199,0,-,-,-,43%,0
Meta Ads,,FaceBook_Degreefyd_B,2026-01-17,Master-North-MBA-Conditional-23Dec2025,GLA_University_G-India_23Dec-Conditional-North,549.5,6,4,1,0,92,137,0,549.5,-,-,33%,0
Meta Ads,,FaceBook_Degreefyd_B,2026-01-17,UG_Online_Admission_2026_LAL,UG_Online_Admission_Conv_UG_LAL_Ad01,228.55,5,3,0,0,46,76,0,-,-,-,40%,0
Meta Ads,,FaceBook_Degreefyd_B,2026-01-17,UG_Online_Admission_2026_LAL,UG_Online_Admission_Conv_UG_LAL_Ad02,130.86,3,2,0,0,44,65,0,-,-,-,33%,0
Meta Ads,,FaceBook_Degreefyd_B,2026-01-17,IGNOU_Leads_2026,IGNOU_MBA_2026_Int_Ad01,325.58,13,8,0,0,25,41,0,-,-,-,38%,0
Google Ads,Brand,EP_Amity_Online_DFYD,2026-01-18,Amity_Online_AdmissionE,23470231631,36.92,0,0,0,0,37,37,0,-,-,-,0%,0
Google Ads,DSA,Degreefyd_Generic_Regular,2026-01-18,DSA_Admission_Online_Distance,23349276370,595.73,19,17,1,1,31,35,47250,595.73,595.73,1.26%,11%,47250
Google Ads,Brand,Amity_Partner_001,2026-01-18,Partner_Amity_Online_2026,23228113322,6293.15,9,9,0,0,699,699,0,-,-,-,0%,0
Google Ads,Brand,All_Universities_Tawab,2026-01-18,Amity | 15/1/26,23457666201,1516.74,22,1,0,0,69,1517,0,-,-,-,95%,0
Google Ads,Brand,All_Universities_Tawab,2026-01-18,Shoolini | 14/1/26,23439978437,1078.17,0,0,0,0,1078,1078,0,-,-,-,0%,0
Meta Ads,,FaceBook_University_Admit,2026-01-18,Online_UG_PG_Degree_Admission,Online_UG_PG_Online_Admission_v2,778.67,17,13,0,0,46,60,0,-,-,-,24%,0
Meta Ads,,FaceBook_University_Admit,2026-01-18,Online_UG_PG_Degree_Admission,Online_UG_PG_Online_Admission,97.12,1,1,0,0,97,97,0,-,-,-,0%,0
Meta Ads,,FaceBook_University_Admit,2026-01-18,IGNOU_Online_Courses_Admission,IGNOU_Online_Courses_Admission_Delhi_NCR_Ad01,330.2,9,8,0,0,37,41,0,-,-,-,11%,0
Meta Ads,,FaceBook_University_Admit,2026-01-18,IGNOU_Online_Courses_Admission,IGNOU_Online_Courses_Admission_Punjab_Region_Ad01,231.81,5,5,0,0,46,46,0,-,-,-,0%,0
Meta Ads,,FaceBook_University_Admit,2026-01-18,IGNOU_Online_Courses_Admission,IGNOU_Online_Courses_Admission_Punjab_Region_Ad02,0.79,,,0,0,1,1,0,-,-,-,0%,0
Meta Ads,,FaceBook_University_Admit,2026-01-18,IGNOU_Online_Courses_Admission,IGNOU_Online_Courses_Admission_RestNE_Ad02,356.47,8,7,0,0,45,51,0,-,-,-,13%,0
Meta Ads,,FaceBook_University_Admit,2026-01-18,F_UA_UG All Colleges_V4,F_UA_{UG All Colleges V4}{INT01}_{C02},543.35,5,4,0,0,109,136,0,-,-,-,20%,0
Meta Ads,,FaceBook_University_Admit,2026-01-18,F_UA_UG All Colleges_V4,F_UA_{UG All Colleges V4}{INT01}_{C03},18.08,,,0,0,18,18,0,-,-,-,0%,0
Meta Ads,,FaceBook_University_Admit,2026-01-18,F_UA_UG All Colleges_V4,F_UA_{UG All Colleges V4}{INT01}_{C01},321.65,3,1,0,0,107,322,0,-,-,-,67%,0
Meta Ads,,FaceBook_University_Admit,2026-01-18,F_UA_UG All Colleges_V4,F_UA_{UG All Colleges V4}{INT01}_{C04},13.59,,,0,0,14,14,0,-,-,-,0%,0
Meta Ads,,FaceBook_University_Admit,2026-01-18,F_UA_UG All Colleges_V1,F_UA_UG Program_INT01_C01.3,0.05,,,0,0,0,0,0,-,-,-,0%,0
Meta Ads,,FaceBook_University_Admit,2026-01-18,F_UA_UG All Colleges_V1,F_UA_UG Program_INT01_C01.2,466.95,6,5,0,0,78,93,0,-,-,-,17%,0
Meta Ads,,FaceBook_University_Admit,2026-01-18,F_UA_UG All Colleges_V1,F_UA_UG Program_INT01_C01.1,0,,,0,0,0,0,0,-,-,-,0%,0
Meta Ads,,FaceBook_University_Admit,2026-01-18,F_UA_PG MBA All Colleges_V03,F_UA_{MBA All Colleges V03}{INT01}_{C01},3.47,,,0,0,3,3,0,-,-,-,0%,0
Meta Ads,,FaceBook_University_Admit,2026-01-18,F_UA_PG MBA All Colleges_V03,F_UA_{MBA All Colleges V03}{INT01}_{C02},0.11,,,0,0,0,0,0,-,-,-,0%,0
Meta Ads,,FaceBook_University_Admit,2026-01-18,F_UA_PG MBA All Colleges_V03,F_UA_{MBA All Colleges V03}{INT01}_{C04.1},660.98,2,2,0,0,330,330,0,-,-,-,0%,0
Meta Ads,,FaceBook_University_Admit,2026-01-18,F_UA_PG MBA All Colleges_V03,F_UA_{MBA All Colleges V03}{INT01}_{C04},98.62,1,1,0,0,99,99,0,-,-,-,0%,0
Meta Ads,,FaceBook_University_Admit,2026-01-18,F_UA_PG MBA All Colleges_V03,F_UA_{MBA All Colleges V03}{INT01}_{C03},15.35,1,1,0,0,15,15,0,-,-,-,0%,0
Meta Ads,,FaceBook_University_Admit,2026-01-18,DUSOL_Online_Courses_Admission,DUSOL_Online_Courses_Admission_Delhi_NCR_Ad_01,328.7,17,13,0,0,19,25,0,-,-,-,24%,0
Meta Ads,,FaceBook_University_Admit,2026-01-18,All Colleges_MBA_Aryan 02,2026_MBA_Aryan 1.2.4,0.01,,,0,0,0,0,0,-,-,-,0%,0
Meta Ads,,FaceBook_University_Admit,2026-01-18,All Colleges_MBA_Aryan 02,2026_MBA_Aryan 2.3,0,,,0,0,0,0,0,-,-,-,0%,0
Meta Ads,,FaceBook_University_Admit,2026-01-18,All Colleges_MBA_Aryan 02,2026_MBA_Aryan 1.2.2,833.56,4,3,0,0,208,278,0,-,-,-,25%,0
Meta Ads,,FaceBook_University_Admit,2026-01-18,All Colleges_MBA_Aryan 02,2026_MBA_Aryan 2.4,4.02,,,0,0,4,4,0,-,-,-,0%,0
Meta Ads,,FaceBook_University_Admit,2026-01-18,All Colleges_MBA_Aryan 02,2026_MBA_Aryan 2.1,887.29,19,15,0,0,47,59,0,-,-,-,21%,0
Meta Ads,,FaceBook_University_Admit,2026-01-18,All Colleges_MBA_Aryan 02,2026_MBA_Aryan 1.2.3,0.14,,,0,0,0,0,0,-,-,-,0%,0
Meta Ads,,FaceBook_Degreefyd_B,2026-01-18,UG_Online_Admission_2026,UG_Online_Admission_Ad_Set01_Ad02,62.13,1,1,0,0,62,62,0,-,-,-,0%,0
Meta Ads,,FaceBook_Degreefyd_B,2026-01-18,UG_Online_Admission_2026,UG_Online_Admission_Ad_Set01_Ad01,169.47,2,1,0,0,85,169,0,-,-,-,50%,0
Meta Ads,,FaceBook_Degreefyd_B,2026-01-18,Master-India-MBA-Conditional-23Dec2025,Online-Degree-India_23Dec-Conditional,12.82,1,1,0,0,13,13,0,-,-,-,0%,0
Meta Ads,,FaceBook_Degreefyd_B,2026-01-18,Master-India-MBA-Conditional-23Dec2025,GLA_University_G-India_23Dec-Conditional,418.87,4,3,0,0,105,140,0,-,-,-,25%,0
Meta Ads,,FaceBook_Degreefyd_B,2026-01-18,Master-North-MBA-Conditional-23Dec2025,GLA_University_G-India_23Dec-Conditional-North,234.54,1,1,0,0,235,235,0,-,-,-,0%,0
Meta Ads,,FaceBook_Degreefyd_B,2026-01-18,UG_Online_Admission_2026_LAL,UG_Online_Admission_Conv_UG_LAL_Ad01,112.64,1,1,0,0,113,113,0,-,-,-,0%,0
Meta Ads,,FaceBook_Degreefyd_B,2026-01-18,UG_Online_Admission_2026_LAL,UG_Online_Admission_Conv_UG_LAL_Ad02,52.49,2,2,0,0,26,26,0,-,-,-,0%,0
Meta Ads,,FaceBook_Degreefyd_B,2026-01-18,IGNOU_Leads_2026,IGNOU_MBA_2026_Int_Ad01,220.84,4,2,0,0,55,110,0,-,-,-,50%,0
Google Ads,Brand,EP_Amity_Online_DFYD,2026-01-19,Amity_Online_AdmissionE,23470231631,144.35,1,1,0,0,144,144,0,-,-,-,0%,0
Google Ads,DSA,Degreefyd_Generic_Regular,2026-01-19,DSA_Admission_Online_Distance,23349276370,578.52,12,12,0,0,48,48,0,-,-,-,0%,0
Google Ads,Brand,Amity_Partner_001,2026-01-19,Partner_Amity_Online_2026,23228113322,9315.6,20,19,2,1,466,490,66150,4657.8,9315.6,14.08%,5%,66150
Google Ads,Brand,All_Universities_Tawab,2026-01-19,Amity | 15/1/26,23457666201,1783.89,0,1,0,0,1784,1784,0,-,-,-,0%,0
Google Ads,Brand,All_Universities_Tawab,2026-01-19,Shoolini | 14/1/26,23439978437,548.13,0,0,0,0,548,548,0,-,-,-,0%,0
Meta Ads,,FaceBook_University_Admit,2026-01-19,Online_UG_PG_Degree_Admission,Online_UG_PG_Online_Admission,120.91,1,,0,0,121,121,0,-,-,-,100%,0
Meta Ads,,FaceBook_University_Admit,2026-01-19,Online_UG_PG_Degree_Admission,Online_UG_PG_Online_Admission_v2,186.35,1,1,0,0,186,186,0,-,-,-,0%,0
Meta Ads,,FaceBook_University_Admit,2026-01-19,IGNOU_Online_Courses_Admission,IGNOU_Online_Courses_Admission_Delhi_NCR_Ad02,7.35,,,0,0,7,7,0,-,-,-,0%,0
Meta Ads,,FaceBook_University_Admit,2026-01-19,IGNOU_Online_Courses_Admission,IGNOU_Online_Courses_Admission_Delhi_NCR_Ad01,69.84,4,3,0,0,17,23,0,-,-,-,25%,0
Meta Ads,,FaceBook_University_Admit,2026-01-19,IGNOU_Online_Courses_Admission,IGNOU_Online_Courses_Admission_Punjab_Region_Ad01,49.21,2,2,0,0,25,25,0,-,-,-,0%,0
Meta Ads,,FaceBook_University_Admit,2026-01-19,IGNOU_Online_Courses_Admission,IGNOU_Online_Courses_Admission_RestNE_Ad02,107.9,2,2,0,0,54,54,0,-,-,-,0%,0
Meta Ads,,FaceBook_University_Admit,2026-01-19,F_UA_UG All Colleges_V4,F_UA_{UG All Colleges V4}{INT01}_{C05},0.07,,,0,0,0,0,0,-,-,-,0%,0
Meta Ads,,FaceBook_University_Admit,2026-01-19,F_UA_UG All Colleges_V4,F_UA_{UG All Colleges V4}{INT01}_{C03},4.17,,,0,0,4,4,0,-,-,-,0%,0
Meta Ads,,FaceBook_University_Admit,2026-01-19,F_UA_UG All Colleges_V4,F_UA_{UG All Colleges V4}{INT01}_{C01},51.52,,,0,0,52,52,0,-,-,-,0%,0
Meta Ads,,FaceBook_University_Admit,2026-01-19,F_UA_UG All Colleges_V4,F_UA_{UG All Colleges V4}{INT01}_{C02},264.63,6,3,0,0,44,88,0,-,-,-,50%,0
Meta Ads,,FaceBook_University_Admit,2026-01-19,F_UA_UG All Colleges_V1,F_UA_UG Program_INT01_C01.2,165.18,1,1,0,0,165,165,0,-,-,-,0%,0
Meta Ads,,FaceBook_University_Admit,2026-01-19,F_UA_PG MBA All Colleges_V03,F_UA_{MBA All Colleges V03}{INT01}_{C01},2.68,,,0,0,3,3,0,-,-,-,0%,0
Meta Ads,,FaceBook_University_Admit,2026-01-19,F_UA_PG MBA All Colleges_V03,F_UA_{MBA All Colleges V03}{INT01}_{C04},5.07,,,0,0,5,5,0,-,-,-,0%,0
Meta Ads,,FaceBook_University_Admit,2026-01-19,F_UA_PG MBA All Colleges_V03,F_UA_{MBA All Colleges V03}{INT01}_{C03},0.01,,,0,0,0,0,0,-,-,-,0%,0
Meta Ads,,FaceBook_University_Admit,2026-01-19,F_UA_PG MBA All Colleges_V03,F_UA_{MBA All Colleges V03}{INT01}_{C04.1},337.62,1,1,0,0,338,338,0,-,-,-,0%,0
Meta Ads,,FaceBook_University_Admit,2026-01-19,DUSOL_Online_Courses_Admission,DUSOL_Online_Courses_Admission_Delhi_NCR_Ad_01,126.98,4,4,0,0,32,32,0,-,-,-,0%,0
Meta Ads,,FaceBook_University_Admit,2026-01-19,All Colleges_MBA_Aryan 02,2026_MBA_Aryan 1.2.2,182.3,3,2,0,0,61,91,0,-,-,-,33%,0
Meta Ads,,FaceBook_University_Admit,2026-01-19,All Colleges_MBA_Aryan 02,2026_MBA_Aryan 2.1,197.85,8,5,1,1,25,40,21000,197.85,197.85,0.94%,38%,42000
Meta Ads,,FaceBook_Degreefyd_B,2026-01-19,UG_Online_Admission_2026,UG_Online_Admission_Ad_Set01_Ad02,290.76,8,7,0,0,36,42,0,-,-,-,13%,0
Meta Ads,,FaceBook_Degreefyd_B,2026-01-19,UG_Online_Admission_2026,UG_Online_Admission_Ad_Set01_Ad01,837.86,19,18,0,0,44,47,0,-,-,-,5%,0
Meta Ads,,FaceBook_Degreefyd_B,2026-01-19,Master-India-MBA-Conditional-23Dec2025,Online-Degree-India_23Dec-Conditional,33.27,1,,0,0,33,33,0,-,-,-,100%,0
Meta Ads,,FaceBook_Degreefyd_B,2026-01-19,Master-India-MBA-Conditional-23Dec2025,GLA_University_G-India_23Dec-Conditional,1130.31,16,14,0,0,71,81,0,-,-,-,13%,0
Meta Ads,,FaceBook_Degreefyd_B,2026-01-19,Master-North-MBA-Conditional-23Dec2025,GLA_University_G-India_23Dec-Conditional-North,790.67,13,11,0,0,61,72,0,-,-,-,15%,0
Meta Ads,,FaceBook_Degreefyd_B,2026-01-19,UG_Online_Admission_2026_LAL,UG_Online_Admission_Conv_UG_LAL_Ad01,380.09,9,5,0,0,42,76,0,-,-,-,44%,0
Meta Ads,,FaceBook_Degreefyd_B,2026-01-19,UG_Online_Admission_2026_LAL,UG_Online_Admission_Conv_UG_LAL_Ad02,174.87,2,2,0,0,87,87,0,-,-,-,0%,0
Meta Ads,,FaceBook_Degreefyd_B,2026-01-19,IGNOU_Leads_2026,IGNOU_MBA_2026_Int_Ad01,602.03,12,11,0,0,50,55,0,-,-,-,8%,0
Google Ads,Brand,EP_Amity_Online_DFYD,2026-01-20,Amity_Online_AdmissionE,23470231631,94.26,0,0,0,0,94,94,0,-,-,-,0%,0
Google Ads,DSA,Degreefyd_Generic_Regular,2026-01-20,DSA_Admission_Online_Distance,23349276370,609.13,19.5,17,0,0,31,36,0,-,-,-,13%,0
Google Ads,Brand,Amity_Partner_001,2026-01-20,Partner_Amity_Online_2026,23228113322,2119.12,7,6,1,1,303,353,4900,2119.12,2119.12,43.25%,14%,33775
Google Ads,Brand,All_Universities_Tawab,2026-01-20,Amity | 15/1/26,23457666201,2095.74,5,5,0,0,419,419,0,-,-,-,0%,0
Google Ads,Brand,All_Universities_Tawab,2026-01-20,Shoolini | 14/1/26,23439978437,1368.52,0,0,0,0,1369,1369,0,-,-,-,0%,0
Meta Ads,,FaceBook_University_Admit,2026-01-20,Online_UG_PG_Degree_Admission,Online_UG_PG_Online_Admission_v2,48.62,,,0,0,49,49,0,-,-,-,0%,0
Meta Ads,,FaceBook_University_Admit,2026-01-20,Online_UG_PG_Degree_Admission,Online_UG_PG_Online_Admission,0.86,,,0,0,1,1,0,-,-,-,0%,0
Meta Ads,,FaceBook_University_Admit,2026-01-20,IGNOU_Online_Courses_Admission,IGNOU_Online_Courses_Admission_Delhi_NCR_Ad01,417.86,,,0,0,418,418,0,-,-,-,0%,0
Meta Ads,,FaceBook_University_Admit,2026-01-20,IGNOU_Online_Courses_Admission,IGNOU_Online_Courses_Admission_RestNE_Ad02,56.9,,,0,0,57,57,0,-,-,-,0%,0
Meta Ads,,FaceBook_University_Admit,2026-01-20,IGNOU_Online_Courses_Admission,IGNOU_Online_Courses_Admission_Punjab_Region_Ad01,88.33,,,0,0,88,88,0,-,-,-,0%,0
Meta Ads,,FaceBook_University_Admit,2026-01-20,F_UA_UG All Colleges_V4,F_UA_{UG All Colleges V4}{INT01}_{C02},0,,,0,0,0,0,0,-,-,-,0%,0
Meta Ads,,FaceBook_University_Admit,2026-01-20,F_UA_UG All Colleges_V1,F_UA_UG Program_INT01_C01.2,7.71,,,0,0,8,8,0,-,-,-,0%,0
Meta Ads,,FaceBook_University_Admit,2026-01-20,DUSOL_Online_Courses_Admission,DUSOL_Online_Courses_Admission_Delhi_NCR_Ad_01,1.69,,,0,0,2,2,0,-,-,-,0%,0
Meta Ads,,FaceBook_University_Admit,2026-01-20,All Colleges_MBA_Aryan 02,2026_MBA_Aryan 1.2.2,2.5,,,0,0,3,3,0,-,-,-,0%,0
Meta Ads,,FaceBook_University_Admit,2026-01-20,All Colleges_MBA_Aryan 02,2026_MBA_Aryan 2.3,0,,,0,0,0,0,0,-,-,-,0%,0
Meta Ads,,FaceBook_University_Admit,2026-01-20,All Colleges_MBA_Aryan 02,2026_MBA_Aryan 2.4,0.1,,,0,0,0,0,0,-,-,-,0%,0
Meta Ads,,FaceBook_University_Admit,2026-01-20,All Colleges_MBA_Aryan 02,2026_MBA_Aryan 2.1,65.71,,,0,0,66,66,0,-,-,-,0%,0
Meta Ads,,FaceBook_Degreefyd_B,2026-01-20,UG_Online_Admission_2026,UG_Online_Admission_Ad_Set01_Ad02,260.02,7,7,0,0,37,37,0,-,-,-,0%,0
Meta Ads,,FaceBook_Degreefyd_B,2026-01-20,UG_Online_Admission_2026,UG_Online_Admission_Ad_Set01_Ad01,670.14,17,14,1,1,39,48,8750,670.14,670.14,7.66%,18%,26250
Meta Ads,,FaceBook_Degreefyd_B,2026-01-20,Master-India-MBA-Conditional-23Dec2025,Online-Degree-India_23Dec-Conditional,58.84,2,1,0,0,29,59,0,-,-,-,50%,0
Meta Ads,,FaceBook_Degreefyd_B,2026-01-20,Master-India-MBA-Conditional-23Dec2025,GLA_University_G-India_23Dec-Conditional,882.62,14,13,0,0,63,68,0,-,-,-,7%,0
Meta Ads,,FaceBook_Degreefyd_B,2026-01-20,Master-North-MBA-Conditional-23Dec2025,GLA_University_G-India_23Dec-Conditional-North,633.31,12,11,0,0,53,58,0,-,-,-,8%,0
Meta Ads,,FaceBook_Degreefyd_B,2026-01-20,UG_Online_Admission_2026_LAL,UG_Online_Admission_Conv_UG_LAL_Ad01,253.85,4,4,0,0,63,63,0,-,-,-,0%,0
Meta Ads,,FaceBook_Degreefyd_B,2026-01-20,UG_Online_Admission_2026_LAL,UG_Online_Admission_Conv_UG_LAL_Ad02,185.69,1,1,0,0,186,186,0,-,-,-,0%,0
Meta Ads,,FaceBook_Degreefyd_B,2026-01-20,IGNOU_Leads_2026,IGNOU_MBA_2026_Int_Ad01,411.46,6,5,0,0,69,82,0,-,-,-,17%,0
Google Ads,DSA,Degreefyd_Generic_Regular,2026-01-21,DSA_Admission_Online_Distance,23349276370,665.01,21,19,1,1,32,35,8312.5,665.01,665.01,8.00%,10%,25812.5
Google Ads,Brand,EP_Amity_Online_DFYD,2026-01-21,Amity_Online_AdmissionE,23470231631,704.29,0,0,0,0,704,704,0,-,-,-,0%,0
Google Ads,Brand,Amity_Partner_001,2026-01-21,Partner_Amity_Online_2026,23228113322,885.39,4,4,0,0,221,221,0,-,-,-,0%,0
Google Ads,Brand,All_Universities_Tawab,2026-01-21,Amity | 15/1/26,23457666201,2037.17,4,4,0,0,509,509,0,-,-,-,0%,0
Google Ads,Brand,All_Universities_Tawab,2026-01-21,Shoolini | 14/1/26,23439978437,1084.03,3,3,0,0,361,361,0,-,-,-,0%,0
Meta Ads,,FaceBook_University_Admit,2026-01-21,Online_UG_PG_Degree_Admission,Online_UG_PG_Online_Admission_v2,397.31,4,3,0,0,99,132,0,-,-,-,25%,0
Meta Ads,,FaceBook_University_Admit,2026-01-21,Online_UG_PG_Degree_Admission,Online_UG_PG_Online_Admission,0.1,,,0,0,0,0,0,-,-,-,0%,0
Meta Ads,,FaceBook_University_Admit,2026-01-21,IGNOU_Online_Courses_Admission,IGNOU_Online_Courses_Admission_RestNE_Ad02,156.82,1,1,0,0,157,157,0,-,-,-,0%,0
Meta Ads,,FaceBook_University_Admit,2026-01-21,IGNOU_Online_Courses_Admission,IGNOU_Online_Courses_Admission_Delhi_NCR_Ad01,113.32,1,1,0,0,113,113,0,-,-,-,0%,0
Meta Ads,,FaceBook_University_Admit,2026-01-21,IGNOU_Online_Courses_Admission,IGNOU_Online_Courses_Admission_Punjab_Region_Ad01,122.94,4,4,0,0,31,31,0,-,-,-,0%,0
Meta Ads,,FaceBook_University_Admit,2026-01-21,F_UA_UG All Colleges_V4,F_UA_{UG All Colleges V4}{INT01}_{C05},22.16,2,1,0,0,11,22,0,-,-,-,50%,0
Meta Ads,,FaceBook_University_Admit,2026-01-21,F_UA_UG All Colleges_V4,F_UA_{UG All Colleges V4}{INT01}_{C03},1.9,,,0,0,2,2,0,-,-,-,0%,0
Meta Ads,,FaceBook_University_Admit,2026-01-21,F_UA_UG All Colleges_V4,F_UA_{UG All Colleges V4}{INT01}_{C02},146.25,,,0,0,146,146,0,-,-,-,0%,0
Meta Ads,,FaceBook_University_Admit,2026-01-21,F_UA_UG All Colleges_V1,F_UA_UG Program_INT01_C01.2,190.57,6,6,0,0,32,32,0,-,-,-,0%,0
Meta Ads,,FaceBook_University_Admit,2026-01-21,F_UA_UG All Colleges_V1,F_UA_UG Program_INT01_C01.1,0,,,0,0,0,0,0,-,-,-,0%,0
Meta Ads,,FaceBook_University_Admit,2026-01-21,F_UA_PG MBA All Colleges_V03,F_UA_{MBA All Colleges V03}{INT01}_{C02},0.77,,,0,0,1,1,0,-,-,-,0%,0
Meta Ads,,FaceBook_University_Admit,2026-01-21,F_UA_PG MBA All Colleges_V03,F_UA_{MBA All Colleges V03}{INT01}_{C01},11.9,,,0,0,12,12,0,-,-,-,0%,0
Meta Ads,,FaceBook_University_Admit,2026-01-21,F_UA_PG MBA All Colleges_V03,F_UA_{MBA All Colleges V03}{INT01}_{C04.1},107.1,1,1,0,0,107,107,0,-,-,-,0%,0
Meta Ads,,FaceBook_University_Admit,2026-01-21,DUSOL_Online_Courses_Admission,DUSOL_Online_Courses_Admission_Delhi_NCR_Ad_01,112.46,4,1,0,0,28,112,0,-,-,-,75%,0
Meta Ads,,FaceBook_University_Admit,2026-01-21,All Colleges_MBA_Aryan 02,2026_MBA_Aryan 1.2.3,0,,,0,0,0,0,0,-,-,-,0%,0
Meta Ads,,FaceBook_University_Admit,2026-01-21,All Colleges_MBA_Aryan 02,2026_MBA_Aryan 2.3,0.06,,,0,0,0,0,0,-,-,-,0%,0
Meta Ads,,FaceBook_University_Admit,2026-01-21,All Colleges_MBA_Aryan 02,2026_MBA_Aryan 1.2.2,193.76,3,2,0,0,65,97,0,-,-,-,33%,0
Meta Ads,,FaceBook_University_Admit,2026-01-21,All Colleges_MBA_Aryan 02,2026_MBA_Aryan 2.4,0.02,,,0,0,0,0,0,-,-,-,0%,0
Meta Ads,,FaceBook_University_Admit,2026-01-21,All Colleges_MBA_Aryan 02,2026_MBA_Aryan 2.1,319.43,1,1,0,0,319,319,0,-,-,-,0%,0
Meta Ads,,FaceBook_University_Admit,2026-01-21,F_UA01_{UG All Colleges V01},F_UA01_{UG All Colleges} {INT 01} {V01},3.24,,,0,0,3,3,0,-,-,-,0%,0
Meta Ads,,FaceBook_University_Admit,2026-01-21,F_UA01_{UG All Colleges V01},F_UA01_{UG All Colleges} {INT 01} {V02},75.62,1,1,0,0,76,76,0,-,-,-,0%,0
Meta Ads,,FaceBook_University_Admit,2026-01-21,F_UA01_{UG All Colleges V01},F_UA01_{UG All Colleges} {INT 01} {V03},83.8,1,1,0,0,84,84,0,-,-,-,0%,0
Meta Ads,,FaceBook_University_Admit,2026-01-21,F_UA01_{UG All Colleges V01},F_UA01_{UG All Colleges} {INT 02} {C02},248.49,1,1,1,1,248,248,27540,248.49,248.49,0.90%,0%,27540
Meta Ads,,FaceBook_University_Admit,2026-01-21,F_UA01_{UG All Colleges V01},F_UA01_{UG All Colleges} {INT 02} {C04},953.39,9,8,0,0,106,119,0,-,-,-,11%,0
Meta Ads,,FaceBook_Degreefyd_B,2026-01-21,UG_Online_Admission_2026,UG_Online_Admission_Ad_Set01_Ad02,226.37,2,1,0,0,113,226,0,-,-,-,50%,0
Meta Ads,,FaceBook_Degreefyd_B,2026-01-21,UG_Online_Admission_2026,UG_Online_Admission_Ad_Set01_Ad01,727.49,20,14,1,1,36,52,8181.25,727.49,727.49,8.89%,30%,56306.25
Meta Ads,,FaceBook_Degreefyd_B,2026-01-21,Master-India-MBA-Conditional-23Dec2025,Online-Degree-India_23Dec-Conditional,76.72,4,2,0,0,19,38,0,-,-,-,50%,0
Meta Ads,,FaceBook_Degreefyd_B,2026-01-21,Master-India-MBA-Conditional-23Dec2025,GLA_University_G-India_23Dec-Conditional,919.24,13,11,0,0,71,84,0,-,-,-,15%,0
Meta Ads,,FaceBook_Degreefyd_B,2026-01-21,Master-North-MBA-Conditional-23Dec2025,GLA_University_G-India_23Dec-Conditional-North,659.58,11,8,0,0,60,82,0,-,-,-,27%,0
Meta Ads,,FaceBook_Degreefyd_B,2026-01-21,UG_Online_Admission_2026_LAL,UG_Online_Admission_Conv_UG_LAL_Ad01,224.68,2,1,0,0,112,225,0,-,-,-,50%,0
Meta Ads,,FaceBook_Degreefyd_B,2026-01-21,UG_Online_Admission_2026_LAL,UG_Online_Admission_Conv_UG_LAL_Ad02,220.74,3,3,0,0,74,74,0,-,-,-,0%,0
Meta Ads,,FaceBook_Degreefyd_B,2026-01-21,IGNOU_Leads_2026,IGNOU_MBA_2026_Int_Ad01,419.49,4,3,0,0,105,140,0,-,-,-,25%,0
Google Ads,DSA,Degreefyd_Generic_Regular,2026-01-22,DSA_Admission_Online_Distance,23349276370,799.38,24,21,1,1,33,38,44250,799.38,799.38,1.81%,13%,49750
Google Ads,Brand,Amity_Partner_001,2026-01-22,Partner_Amity_Online_2026,23228113322,2718.44,11,11,0,0,247,247,0,-,-,-,0%,0
Google Ads,Brand,EP_Amity_Online_DFYD,2026-01-22,Amity_Online_AdmissionE,23470231631,625.58,1,1,0,0,626,626,0,-,-,-,0%,0
Google Ads,Brand,All_Universities_Tawab,2026-01-22,Amity | 15/1/26,23457666201,2028.56,5,5,0,0,406,406,0,-,-,-,0%,0
Google Ads,Brand,All_Universities_Tawab,2026-01-22,Shoolini | 14/1/26,23439978437,148.84,0,0,0,0,149,149,0,-,-,-,0%,0
Meta Ads,,FaceBook_University_Admit,2026-01-22,Online_UG_PG_Degree_Admission,Online_UG_PG_Online_Admission_v2,281.96,4,3,0,0,70,94,0,-,-,-,25%,0
Meta Ads,,FaceBook_University_Admit,2026-01-22,IGNOU_Online_Courses_Admission,IGNOU_Online_Courses_Admission_Delhi_NCR_Ad01,67.74,1,1,0,0,68,68,0,-,-,-,0%,0
Meta Ads,,FaceBook_University_Admit,2026-01-22,IGNOU_Online_Courses_Admission,IGNOU_Online_Courses_Admission_RestNE_Ad02,145.05,3,2,0,0,48,73,0,-,-,-,33%,0
Meta Ads,,FaceBook_University_Admit,2026-01-22,IGNOU_Online_Courses_Admission,IGNOU_Online_Courses_Admission_Punjab_Region_Ad01,71.42,1,1,0,0,71,71,0,-,-,-,0%,0
Meta Ads,,FaceBook_University_Admit,2026-01-22,F_UA_UG All Colleges_V4,F_UA_{UG All Colleges V4}{INT01}_{C02},258.65,1,,0,0,259,259,0,-,-,-,100%,0
Meta Ads,,FaceBook_University_Admit,2026-01-22,F_UA_UG All Colleges_V4,F_UA_{UG All Colleges V4}{INT01}_{C03},2.94,,,0,0,3,3,0,-,-,-,0%,0
Meta Ads,,FaceBook_University_Admit,2026-01-22,F_UA_UG All Colleges_V1,F_UA_UG Program_INT01_C01.3,0.01,,,0,0,0,0,0,-,-,-,0%,0
Meta Ads,,FaceBook_University_Admit,2026-01-22,F_UA_UG All Colleges_V1,F_UA_UG Program_INT01_C01.2,157.33,1,2,1,1,157,79,36636,157.33,157.33,0.43%,-100%,42600
Meta Ads,,FaceBook_University_Admit,2026-01-22,F_UA_PG MBA All Colleges_V03,F_UA_{MBA All Colleges V03}{INT01}_{C01},2.58,,,0,0,3,3,0,-,-,-,0%,0
Meta Ads,,FaceBook_University_Admit,2026-01-22,F_UA_PG MBA All Colleges_V03,F_UA_{MBA All Colleges V03}{INT01}_{C04.1},203.62,,,0,0,204,204,0,-,-,-,0%,0
Meta Ads,,FaceBook_University_Admit,2026-01-22,DUSOL_Online_Courses_Admission,DUSOL_Online_Courses_Admission_Delhi_NCR_Ad_01,101.44,5,5,0,0,20,20,0,-,-,-,0%,0
Meta Ads,,FaceBook_University_Admit,2026-01-22,All Colleges_MBA_Aryan 02,2026_MBA_Aryan 1.2.2,251.02,1,1,0,0,251,251,0,-,-,-,0%,0
Meta Ads,,FaceBook_University_Admit,2026-01-22,All Colleges_MBA_Aryan 02,2026_MBA_Aryan 1.2.3,0,,,0,0,0,0,0,-,-,-,0%,0
Meta Ads,,FaceBook_University_Admit,2026-01-22,All Colleges_MBA_Aryan 02,2026_MBA_Aryan 2.1,316.44,3,2,0,0,105,158,0,-,-,-,33%,0
Meta Ads,,FaceBook_University_Admit,2026-01-22,F_UA01_{UG All Colleges V01},F_UA01_{UG All Colleges} {INT 01} {V01},30.34,1,1,1,1,30,30,5400,30.34,30.34,0.56%,0%,32400
Meta Ads,,FaceBook_University_Admit,2026-01-22,F_UA01_{UG All Colleges V01},F_UA01_{UG All Colleges} {INT 01} {V02},14.72,,,0,0,15,15,0,-,-,-,0%,0
Meta Ads,,FaceBook_University_Admit,2026-01-22,F_UA01_{UG All Colleges V01},F_UA01_{UG All Colleges} {INT 01} {V03},87.58,,,0,0,88,88,0,-,-,-,0%,0
Meta Ads,,FaceBook_University_Admit,2026-01-22,F_UA01_{UG All Colleges V01},F_UA01_{UG All Colleges} {INT 02} {C02},12.72,1,1,0,0,13,13,0,-,-,-,0%,0
Meta Ads,,FaceBook_University_Admit,2026-01-22,F_UA01_{UG All Colleges V01},F_UA01_{UG All Colleges} {INT 02} {C04},519.61,3,3,0,0,173,173,0,-,-,-,0%,0
Meta Ads,,FaceBook_University_Admit,2026-01-22,F_UA01_{UG All Colleges V02.1},F_UA01_{UG All Colleges V02}{INT01}_C03,2.4,,,0,0,2,2,0,-,-,-,0%,0
Meta Ads,,FaceBook_University_Admit,2026-01-22,F_UA01_{UG All Colleges V02.1},F_UA01_{UG All Colleges V02}{INT01}_C02,219.94,1,1,0,0,220,220,0,-,-,-,0%,0
Meta Ads,,FaceBook_University_Admit,2026-01-22,F_UA01_{UG All Colleges V02.1},F_UA01_{UG All Colleges V02}{INT01}_C04,1.82,,,0,0,2,2,0,-,-,-,0%,0
Meta Ads,,FaceBook_University_Admit,2026-01-22,F_UA01_{UG All Colleges V02.1},F_UA01_{UG All Colleges V02}{INT01}_C01,44.79,,,0,0,45,45,0,-,-,-,0%,0
Meta Ads,,FaceBook_University_Admit,2026-01-22,F_UA1_All Colleges_MBA_Aryan v1.1,F_UA1_All Colleges_MBA_Aryan (INT 01)_ 1.2,35.67,,,0,0,36,36,0,-,-,-,0%,0
Meta Ads,,FaceBook_University_Admit,2026-01-22,F_UA1_All Colleges_MBA_Aryan v1.1,F_UA1_All Colleges_MBA_Aryan (INT 01)_ 1.1,2.69,,,0,0,3,3,0,-,-,-,0%,0
Meta Ads,,FaceBook_University_Admit,2026-01-22,F_UA1_All Colleges_MBA_Aryan v1.1,F_UA1_All Colleges_MBA_Aryan (INT 01)_ 1.3,26.96,,,0,0,27,27,0,-,-,-,0%,0
Meta Ads,,FaceBook_University_Admit,2026-01-22,F_UA1_All Colleges_MBA_Aryan v1.1,F_UA1_All Colleges_MBA_Aryan (INT 01)_ 1.4,59.35,,,0,0,59,59,0,-,-,-,0%,0
Meta Ads,,FaceBook_Degreefyd_B,2026-01-22,UG_Online_Admission_2026,UG_Online_Admission_Ad_Set01_Ad02,319.44,8,8,0,0,40,40,0,-,-,-,0%,0
Meta Ads,,FaceBook_Degreefyd_B,2026-01-22,UG_Online_Admission_2026,UG_Online_Admission_Ad_Set01_Ad01,681.79,10,9,0,0,68,76,0,-,-,-,10%,0
Meta Ads,,FaceBook_Degreefyd_B,2026-01-22,Master-India-MBA-Conditional-23Dec2025,Online-Degree-India_23Dec-Conditional,106.6,2,1,0,0,53,107,0,-,-,-,50%,0
Meta Ads,,FaceBook_Degreefyd_B,2026-01-22,Master-India-MBA-Conditional-23Dec2025,GLA_University_G-India_23Dec-Conditional,841.57,15,11,0,0,56,77,0,-,-,-,27%,0
Meta Ads,,FaceBook_Degreefyd_B,2026-01-22,Master-North-MBA-Conditional-23Dec2025,GLA_University_G-India_23Dec-Conditional-North,667.04,13,13,1,0,51,51,0,667.04,-,-,0%,0
Meta Ads,,FaceBook_Degreefyd_B,2026-01-22,UG_Online_Admission_2026_LAL,UG_Online_Admission_Conv_UG_LAL_Ad01,236.86,4,3,0,0,59,79,0,-,-,-,25%,0
Meta Ads,,FaceBook_Degreefyd_B,2026-01-22,UG_Online_Admission_2026_LAL,UG_Online_Admission_Conv_UG_LAL_Ad02,254.49,3,3,0,0,85,85,0,-,-,-,0%,0
Meta Ads,,FaceBook_Degreefyd_B,2026-01-22,IGNOU_Leads_2026,IGNOU_MBA_2026_Int_Ad01,415.57,7,5,0,0,59,83,0,-,-,-,29%,0
Google Ads,Brand,Amity_Partner_001,2026-01-23,Partner_Amity_Online_2026,23228113322,3788.56,9,7,1,0,421,541,0,3788.56,-,-,22%,0
Google Ads,DSA,Degreefyd_Generic_Regular,2026-01-23,DSA_Admission_Online_Distance,23349276370,1031.73,23,23,0,0,45,45,0,-,-,-,0%,0
Google Ads,Brand,All_Universities_Tawab,2026-01-23,Amity | 15/1/26,23457666201,2064.97,0,0,0,0,2065,2065,0,-,-,-,0%,0
Google Ads,Brand,All_Universities_Tawab,2026-01-23,Shoolini | 14/1/26,23439978437,213.76,0,0,0,0,214,214,0,-,-,-,0%,0
Meta Ads,,FaceBook_University_Admit,2026-01-23,F_UA01_{UG All Colleges V01.1},F_UA01_{UG All Colleges} {INT 02} {C03},253.26,1,1,0,0,253,253,0,-,-,-,0%,0
Meta Ads,,FaceBook_University_Admit,2026-01-23,F_UA01_{UG All Colleges V01.1},F_UA01_{UG All Colleges} {INT 02} {C02},116.57,2,2,1,0,58,58,0,116.57,-,-,0%,0
Meta Ads,,FaceBook_University_Admit,2026-01-23,F_UA01_{UG All Colleges V01.1},F_UA01_{UG All Colleges} {INT 02} {C04},184.12,2,1,0,0,92,184,0,-,-,-,50%,0
Meta Ads,,FaceBook_University_Admit,2026-01-23,F_UA01_{UG All Colleges V01.1},F_UA01_{UG All Colleges} {INT 01} {V03},87.92,1,,0,0,88,88,0,-,-,-,100%,0
Meta Ads,,FaceBook_University_Admit,2026-01-23,F_UA01_{UG All Colleges V01.1},F_UA01_{UG All Colleges} {INT 02} {C01},237.76,2,2,0,0,119,119,0,-,-,-,0%,0
Meta Ads,,FaceBook_University_Admit,2026-01-23,F_UA01_{UG All Colleges V01.1},F_UA01_{UG All Colleges} {INT 01} {V01},191.03,3,2,0,0,64,96,0,-,-,-,33%,0
Meta Ads,,FaceBook_University_Admit,2026-01-23,F_UA01_{UG All Colleges V01.1},F_UA01_{UG All Colleges} {INT 01} {V02},32.23,1,1,0,0,32,32,0,-,-,-,0%,0
Meta Ads,,FaceBook_University_Admit,2026-01-23,F_UA01_{UG All Colleges V02.1},F_UA01_{UG All Colleges V02}{INT01}_C03,57.35,1,1,0,0,57,57,0,-,-,-,0%,0
Meta Ads,,FaceBook_University_Admit,2026-01-23,F_UA01_{UG All Colleges V02.1},F_UA01_{UG All Colleges V02}{INT01}_C02,667.42,11,9,0,0,61,74,0,-,-,-,18%,0
Meta Ads,,FaceBook_University_Admit,2026-01-23,F_UA01_{UG All Colleges V02.1},F_UA01_{UG All Colleges V02}{INT01}_C04,45.04,,,0,0,45,45,0,-,-,-,0%,0
Meta Ads,,FaceBook_University_Admit,2026-01-23,F_UA01_{UG All Colleges V02.1},F_UA01_{UG All Colleges V02}{INT01}_C01,207.99,1,1,0,0,208,208,0,-,-,-,0%,0
Meta Ads,,FaceBook_University_Admit,2026-01-23,F_UA1_All Colleges_MBA_Aryan v1.1,F_UA1_All Colleges_MBA_Aryan (INT 01)_ 1.2,252.49,1,1,0,0,252,252,0,-,-,-,0%,0
Meta Ads,,FaceBook_University_Admit,2026-01-23,F_UA1_All Colleges_MBA_Aryan v1.1,F_UA1_All Colleges_MBA_Aryan (INT 01)_ 1.1,60.42,,,0,0,60,60,0,-,-,-,0%,0
Meta Ads,,FaceBook_University_Admit,2026-01-23,F_UA1_All Colleges_MBA_Aryan v1.1,F_UA1_All Colleges_MBA_Aryan (INT 01)_ 1.3,169.94,,,0,0,170,170,0,-,-,-,0%,0
Meta Ads,,FaceBook_University_Admit,2026-01-23,F_UA1_All Colleges_MBA_Aryan v1.1,F_UA1_All Colleges_MBA_Aryan (INT 01)_ 1.4,628.3,5,5,0,0,126,126,0,-,-,-,0%,0
Meta Ads,,FaceBook_Degreefyd_B,2026-01-23,UG_Online_Admission_2026,UG_Online_Admission_Ad_Set01_Ad02,249.44,6,6,1,1,42,42,8181.25,249.44,249.44,3.05%,0%,56306.25
Meta Ads,,FaceBook_Degreefyd_B,2026-01-23,UG_Online_Admission_2026,UG_Online_Admission_Ad_Set01_Ad01,606.33,11,10,0,0,55,61,0,-,-,-,9%,0
Meta Ads,,FaceBook_Degreefyd_B,2026-01-23,Master-India-MBA-Conditional-23Dec2025,Online-Degree-India_23Dec-Conditional,51.01,1,1,0,0,51,51,0,-,-,-,0%,0
Meta Ads,,FaceBook_Degreefyd_B,2026-01-23,Master-India-MBA-Conditional-23Dec2025,GLA_University_G-India_23Dec-Conditional,806.5,18,17,0,0,45,47,0,-,-,-,6%,0
Meta Ads,,FaceBook_Degreefyd_B,2026-01-23,Master-North-MBA-Conditional-23Dec2025,GLA_University_G-India_23Dec-Conditional-North,554.84,9,9,0,0,62,62,0,-,-,-,0%,0
Meta Ads,,FaceBook_Degreefyd_B,2026-01-23,UG_Online_Admission_2026_LAL,UG_Online_Admission_Conv_UG_LAL_Ad01,253.66,5,5,0,0,51,51,0,-,-,-,0%,0
Meta Ads,,FaceBook_Degreefyd_B,2026-01-23,UG_Online_Admission_2026_LAL,UG_Online_Admission_Conv_UG_LAL_Ad02,180.28,1,1,0,0,180,180,0,-,-,-,0%,0
Meta Ads,,FaceBook_Degreefyd_B,2026-01-23,IGNOU_Leads_2026,IGNOU_MBA_2026_Int_Ad01,380.38,6,6,0,0,63,63,0,-,-,-,0%,0
Meta Ads,,FaceBook_Degreefyd_B,2026-01-23,DUSOL_Online_Courses_Admission_DFYD,DUSOL_Online_Courses_Admission_DFYD_Delhi_NCR_Ad01,448.41,16,15,0,0,28,30,0,-,-,-,6%,0
Google Ads,Brand,All_Universities_Tawab,2026-01-24,Amity | 15/1/26,23457666201,1932.82,2,4,0,0,966,483,0,-,-,-,-100%,0
Google Ads,Brand,All_Universities_Tawab,2026-01-24,Shoolini | 14/1/26,23439978437,1384.53,3,3,0,0,462,462,0,-,-,-,0%,0
Google Ads,DSA,Degreefyd_Generic_Regular,2026-01-24,DSA_Admission_Online_Distance,23349276370,1249.11,29.5,25,0,0,42,50,0,-,-,-,15%,0
Google Ads,Brand,Amity_Partner_001,2026-01-24,Partner_Amity_Online_2026,23228113322,3086.38,8,7,0,0,386,441,0,-,-,-,13%,0
Meta Ads,,FaceBook_Degreefyd_B,2026-01-24,UG_Online_Admission_2026,UG_Online_Admission_Ad_Set01_Ad02,292.5,6,6,0,0,49,49,0,-,-,-,0%,0
Meta Ads,,FaceBook_Degreefyd_B,2026-01-24,UG_Online_Admission_2026,UG_Online_Admission_Ad_Set01_Ad01,527,11,9,0,0,48,59,0,-,-,-,18%,0
Meta Ads,,FaceBook_Degreefyd_B,2026-01-24,Master-India-MBA-Conditional-23Dec2025,Online-Degree-India_23Dec-Conditional,106.55,3,2,0,0,36,53,0,-,-,-,33%,0
Meta Ads,,FaceBook_Degreefyd_B,2026-01-24,Master-India-MBA-Conditional-23Dec2025,GLA_University_G-India_23Dec-Conditional,704.54,15,13,0,0,47,54,0,-,-,-,13%,0
Meta Ads,,FaceBook_Degreefyd_B,2026-01-24,Master-North-MBA-Conditional-23Dec2025,GLA_University_G-India_23Dec-Conditional-North,513.77,10,8,0,0,51,64,0,-,-,-,20%,0
Meta Ads,,FaceBook_Degreefyd_B,2026-01-24,UG_Online_Admission_2026_LAL,UG_Online_Admission_Conv_UG_LAL_Ad01,125,1,1,0,0,125,125,0,-,-,-,0%,0
Meta Ads,,FaceBook_Degreefyd_B,2026-01-24,UG_Online_Admission_2026_LAL,UG_Online_Admission_Conv_UG_LAL_Ad02,286.01,2,2,0,0,143,143,0,-,-,-,0%,0
Meta Ads,,FaceBook_Degreefyd_B,2026-01-24,IGNOU_Leads_2026,IGNOU_MBA_2026_Int_Ad01,337.74,3,3,0,0,113,113,0,-,-,-,0%,0
Meta Ads,,FaceBook_Degreefyd_B,2026-01-24,IGNOU_Online_Courses_Admission_DFYD,IGNOU_Online_Courses_Admission_DFYD_Delhi_NCR_Ad01,21.2,,,0,0,21,21,0,-,-,-,0%,0
Meta Ads,,FaceBook_Degreefyd_B,2026-01-24,IGNOU_Online_Courses_Admission_DFYD,IGNOU_Online_Courses_Admission_DFYD_Rest_Ad01,40.21,,,0,0,40,40,0,-,-,-,0%,0
Meta Ads,,FaceBook_Degreefyd_B,2026-01-24,DUSOL_Online_Courses_Admission_DFYD,DUSOL_Online_Courses_Admission_DFYD_Delhi_NCR_Ad01,429.03,15,11,0,0,29,39,0,-,-,-,27%,0
Meta Ads,,FaceBook_University_Admit,2026-01-24,F_UA01_{UG All Colleges V01.1},F_UA01_{UG All Colleges} {INT 02} {C03},74.91,,,0,0,75,75,0,-,-,-,0%,0
Meta Ads,,FaceBook_University_Admit,2026-01-24,F_UA01_{UG All Colleges V01.1},F_UA01_{UG All Colleges} {INT 02} {C02},72.86,1,1,0,0,73,73,0,-,-,-,0%,0
Meta Ads,,FaceBook_University_Admit,2026-01-24,F_UA01_{UG All Colleges V01.1},F_UA01_{UG All Colleges} {INT 02} {C04},181.77,1,,0,0,182,182,0,-,-,-,100%,0
Meta Ads,,FaceBook_University_Admit,2026-01-24,F_UA01_{UG All Colleges V01.1},F_UA01_{UG All Colleges} {INT 01} {V03},0.23,,,0,0,0,0,0,-,-,-,0%,0
Meta Ads,,FaceBook_University_Admit,2026-01-24,F_UA01_{UG All Colleges V01.1},F_UA01_{UG All Colleges} {INT 02} {C01},143.98,3,2,0,0,48,72,0,-,-,-,33%,0
Meta Ads,,FaceBook_University_Admit,2026-01-24,F_UA01_{UG All Colleges V01.1},F_UA01_{UG All Colleges} {INT 01} {V01},380.86,8,6,0,0,48,63,0,-,-,-,25%,0
Meta Ads,,FaceBook_University_Admit,2026-01-24,F_UA01_{UG All Colleges V01.1},F_UA01_{UG All Colleges} {INT 01} {V02},3.6,,,0,0,4,4,0,-,-,-,0%,0
Meta Ads,,FaceBook_University_Admit,2026-01-24,F_UA01_{UG All Colleges V02.1},F_UA01_{UG All Colleges V02}{INT01}_C03,4.25,,,0,0,4,4,0,-,-,-,0%,0
Meta Ads,,FaceBook_University_Admit,2026-01-24,F_UA01_{UG All Colleges V02.1},F_UA01_{UG All Colleges V02}{INT01}_C02,685,11,9,0,0,62,76,0,-,-,-,18%,0
Meta Ads,,FaceBook_University_Admit,2026-01-24,F_UA01_{UG All Colleges V02.1},F_UA01_{UG All Colleges V02}{INT01}_C04,4.64,,,0,0,5,5,0,-,-,-,0%,0
Meta Ads,,FaceBook_University_Admit,2026-01-24,F_UA1_All Colleges_MBA_Aryan v1.1,F_UA1_All Colleges_MBA_Aryan (INT 01)_ 1.1,14.82,,,0,0,15,15,0,-,-,-,0%,0
Meta Ads,,FaceBook_University_Admit,2026-01-24,F_UA1_All Colleges_MBA_Aryan v1.1,F_UA1_All Colleges_MBA_Aryan (INT 01)_ 1.3,31.05,,,0,0,31,31,0,-,-,-,0%,0
Meta Ads,,FaceBook_University_Admit,2026-01-24,F_UA1_All Colleges_MBA_Aryan v1.1,F_UA1_All Colleges_MBA_Aryan (INT 01)_ 1.4,663.7,6,5,0,0,111,133,0,-,-,-,17%,0
Google Ads,Brand,Amity_Partner_001,2026-01-25,Partner_Amity_Online_2026,23228113322,4116.52,8,8,0,0,515,515,0,-,-,-,0%,0
Google Ads,DSA,Degreefyd_Generic_Regular,2026-01-25,DSA_Admission_Online_Distance,23349276370,1462.95,41.5,33,0,0,35,44,0,-,-,-,20%,0
Google Ads,Brand,EP_CU_Online_DFYD,2026-01-25,CU_Online_Admission_Delta,23502437890,562.02,1,1,0,0,562,562,0,-,-,-,0%,0
Meta Ads,,FaceBook_University_Admit,2026-01-25,F_UA01_{UG All Colleges V01.1},F_UA01_{UG All Colleges} {INT 02} {C03},3,,,0,0,3,3,0,-,-,-,0%,0
Meta Ads,,FaceBook_University_Admit,2026-01-25,F_UA01_{UG All Colleges V01.1},F_UA01_{UG All Colleges} {INT 02} {C02},23.09,1,2,0,0,23,12,0,-,-,-,-100%,0
Meta Ads,,FaceBook_University_Admit,2026-01-25,F_UA01_{UG All Colleges V01.1},F_UA01_{UG All Colleges} {INT 02} {C04},27.74,,,0,0,28,28,0,-,-,-,0%,0
Meta Ads,,FaceBook_University_Admit,2026-01-25,F_UA01_{UG All Colleges V01.1},F_UA01_{UG All Colleges} {INT 01} {V03},6.65,,,0,0,7,7,0,-,-,-,0%,0
Meta Ads,,FaceBook_University_Admit,2026-01-25,F_UA01_{UG All Colleges V01.1},F_UA01_{UG All Colleges} {INT 02} {C01},90.64,,,0,0,91,91,0,-,-,-,0%,0
Meta Ads,,FaceBook_University_Admit,2026-01-25,F_UA01_{UG All Colleges V01.1},F_UA01_{UG All Colleges} {INT 01} {V01},705.04,9,9,0,0,78,78,0,-,-,-,0%,0
Meta Ads,,FaceBook_University_Admit,2026-01-25,F_UA01_{UG All Colleges V01.1},F_UA01_{UG All Colleges} {INT 01} {V02},0.02,,,0,0,0,0,0,-,-,-,0%,0
Meta Ads,,FaceBook_University_Admit,2026-01-25,F_UA01_{UG All Colleges V02.1},F_UA01_{UG All Colleges V02}{INT01}_C02,861.77,14,10,0,0,62,86,0,-,-,-,29%,0
Meta Ads,,FaceBook_University_Admit,2026-01-25,F_UA01_{UG All Colleges V02.1},F_UA01_{UG All Colleges V02}{INT01}_C04,0.03,,,0,0,0,0,0,-,-,-,0%,0
Meta Ads,,FaceBook_University_Admit,2026-01-25,F_UA1_All Colleges_MBA_Aryan v1.1,F_UA1_All Colleges_MBA_Aryan (INT 01)_ 1.3,4.35,,,0,0,4,4,0,-,-,-,0%,0
Meta Ads,,FaceBook_University_Admit,2026-01-25,F_UA1_All Colleges_MBA_Aryan v1.1,F_UA1_All Colleges_MBA_Aryan (INT 01)_ 1.4,998.25,10,7,0,0,100,143,0,-,-,-,30%,0
Meta Ads,,FaceBook_University_Admit,2026-01-25,F_UA1_All Colleges_MBA_Aryan v1.2,F_UA1_All Colleges_MBA_Aryan 1.2 (INT 01)_ 1.3,267.17,,,0,0,267,267,0,-,-,-,0%,0
Meta Ads,,FaceBook_University_Admit,2026-01-25,F_UA1_All Colleges_MBA_Aryan v1.2,F_UA1_All Colleges_MBA_Aryan 1.2 (INT 01)_ 1.4,166.81,,,0,0,167,167,0,-,-,-,0%,0
Meta Ads,,FaceBook_University_Admit,2026-01-25,F_UA1_All Colleges_MBA_Aryan v1.2,F_UA1_All Colleges_MBA_Aryan 1.2 (INT 01)_ 1.2,81.78,1,1,0,0,82,82,0,-,-,-,0%,0
Meta Ads,,FaceBook_University_Admit,2026-01-25,F_UA1_All Colleges_MBA_Aryan v1.2,F_UA1_All Colleges_MBA_Aryan 1.2 (INT 01)_ 1.1,464.84,,,0,0,465,465,0,-,-,-,0%,0
Meta Ads,,FaceBook_University_Admit,2026-01-25,F_UA01_{UG All Colleges V03.1},F_UA01_{UG All Colleges 3.1} {INT 01} {C1.1},91.69,1,1,0,0,92,92,0,-,-,-,0%,0
Meta Ads,,FaceBook_University_Admit,2026-01-25,F_UA01_{UG All Colleges V03.1},F_UA01_{UG All Colleges 3.1} {INT 01} {C1.2},209.02,4,3,0,0,52,70,0,-,-,-,25%,0
Meta Ads,,FaceBook_University_Admit,2026-01-25,F_UA01_{UG All Colleges V03.1},F_UA01_{UG All Colleges 3.1} {INT 01} {C1.3},633.97,6,4,0,0,106,158,0,-,-,-,33%,0
Meta Ads,,FaceBook_Degreefyd_B,2026-01-25,UG_Online_Admission_2026,UG_Online_Admission_Ad_Set01_Ad02,280.15,6,6,0,0,47,47,0,-,-,-,0%,0
Meta Ads,,FaceBook_Degreefyd_B,2026-01-25,UG_Online_Admission_2026,UG_Online_Admission_Ad_Set01_Ad01,775.65,17,16,1,0,46,48,0,775.65,-,-,6%,0
Meta Ads,,FaceBook_Degreefyd_B,2026-01-25,Master-India-MBA-Conditional-23Dec2025,Online-Degree-India_23Dec-Conditional,65.2,,,0,0,65,65,0,-,-,-,0%,0
Meta Ads,,FaceBook_Degreefyd_B,2026-01-25,Master-India-MBA-Conditional-23Dec2025,GLA_University_G-India_23Dec-Conditional,242.89,3,3,0,0,81,81,0,-,-,-,0%,0
Meta Ads,,FaceBook_Degreefyd_B,2026-01-25,Master-North-MBA-Conditional-23Dec2025,GLA_University_G-India_23Dec-Conditional-North,209.14,1,,0,0,209,209,0,-,-,-,100%,0
Meta Ads,,FaceBook_Degreefyd_B,2026-01-25,UG_Online_Admission_2026_LAL,UG_Online_Admission_Conv_UG_LAL_Ad01,121.56,1,1,0,0,122,122,0,-,-,-,0%,0
Meta Ads,,FaceBook_Degreefyd_B,2026-01-25,UG_Online_Admission_2026_LAL,UG_Online_Admission_Conv_UG_LAL_Ad02,423.35,6,6,0,0,71,71,0,-,-,-,0%,0
Meta Ads,,FaceBook_Degreefyd_B,2026-01-25,IGNOU_Leads_2026,IGNOU_MBA_2026_Int_Ad01,467.29,18,16,0,0,26,29,0,-,-,-,11%,0
Meta Ads,,FaceBook_Degreefyd_B,2026-01-25,Galgotias_Lead_2026,Galgotias_Leads_2026_P_Ad_01,190.04,4,4,1,1,48,48,9500,190.04,190.04,2.00%,0%,19000
Meta Ads,,FaceBook_Degreefyd_B,2026-01-25,IGNOU_Online_Courses_Admission_DFYD,IGNOU_Online_Courses_Admission_DFYD_Delhi_NCR_Ad01,548.65,11,7,0,0,50,78,0,-,-,-,36%,0
Meta Ads,,FaceBook_Degreefyd_B,2026-01-25,IGNOU_Online_Courses_Admission_DFYD,IGNOU_Online_Courses_Admission_DFYD_Rest_Ad01,525.98,13,12,0,0,40,44,0,-,-,-,8%,0
Meta Ads,,FaceBook_Degreefyd_B,2026-01-25,DUSOL_Online_Courses_Admission_DFYD,DUSOL_Online_Courses_Admission_DFYD_Delhi_NCR_Ad01,470.68,16,13,0,0,29,36,0,-,-,-,19%,0
Google Ads,DSA,Degreefyd_Generic_Regular,2026-01-26,DSA_Admission_Online_Distance,23349276370,1404.13,52,46,0,0,27,31,0,-,-,-,12%,0
Google Ads,Brand,Amity_Partner_001,2026-01-26,Partner_Amity_Online_2026,23228113322,4466.62,18,16,1,1,248,279,74900,4466.62,4466.62,5.96%,11%,74900
Google Ads,Brand,EP_CU_Online_DFYD,2026-01-26,CU_Online_Admission_Delta,23502437890,1212.88,0,0,0,0,1213,1213,0,-,-,-,0%,0
Meta Ads,,FaceBook_Degreefyd_B,2026-01-26,UG_Online_Admission_2026,UG_Online_Admission_Ad_Set01_Ad02,338.67,4,4,0,0,85,85,0,-,-,-,0%,0
Meta Ads,,FaceBook_Degreefyd_B,2026-01-26,UG_Online_Admission_2026,UG_Online_Admission_Ad_Set01_Ad01,884.92,20,17,0,0,44,52,0,-,-,-,15%,0
Meta Ads,,FaceBook_Degreefyd_B,2026-01-26,UG_Online_Admission_2026_LAL,UG_Online_Admission_Conv_UG_LAL_Ad01,143.54,2,2,0,0,72,72,0,-,-,-,0%,0
Meta Ads,,FaceBook_Degreefyd_B,2026-01-26,UG_Online_Admission_2026_LAL,UG_Online_Admission_Conv_UG_LAL_Ad02,461.31,8,5,0,0,58,92,0,-,-,-,38%,0
Meta Ads,,FaceBook_Degreefyd_B,2026-01-26,IGNOU_Leads_2026,IGNOU_MBA_2026_Int_Ad01,556.78,11,10,0,0,51,56,0,-,-,-,9%,0
Meta Ads,,FaceBook_Degreefyd_B,2026-01-26,Galgotias_Lead_2026,Galgotias_Leads_2026_P_Ad_01,487.48,10,6,0,0,49,81,0,-,-,-,40%,0
Meta Ads,,FaceBook_Degreefyd_B,2026-01-26,IGNOU_Online_Courses_Admission_DFYD,IGNOU_Online_Courses_Admission_DFYD_Delhi_NCR_Ad01,554.95,17,11,0,0,33,50,0,-,-,-,35%,0
Meta Ads,,FaceBook_Degreefyd_B,2026-01-26,IGNOU_Online_Courses_Admission_DFYD,IGNOU_Online_Courses_Admission_DFYD_Rest_Ad01,575.03,27,23,0,0,21,25,0,-,-,-,15%,0
Meta Ads,,FaceBook_Degreefyd_B,2026-01-26,DUSOL_Online_Courses_Admission_DFYD,DUSOL_Online_Courses_Admission_DFYD_Delhi_NCR_Ad01,577.46,34,31,0,0,17,19,0,-,-,-,9%,0
Meta Ads,,Facebook_University_Admit,2026-01-26,F_UA01_{UG All Colleges V01.1},F_UA01_{UG All Colleges} {INT 02} {C03},0.16,,,0,0,0,0,0,-,-,-,0%,0
Meta Ads,,Facebook_University_Admit,2026-01-26,F_UA01_{UG All Colleges V01.1},F_UA01_{UG All Colleges} {INT 02} {C02},0.58,,,0,0,1,1,0,-,-,-,0%,0
Meta Ads,,Facebook_University_Admit,2026-01-26,F_UA01_{UG All Colleges V01.1},F_UA01_{UG All Colleges} {INT 02} {C04},0.13,,,0,0,0,0,0,-,-,-,0%,0
Meta Ads,,Facebook_University_Admit,2026-01-26,F_UA01_{UG All Colleges V01.1},F_UA01_{UG All Colleges} {INT 02} {C01},4.1,,,0,0,4,4,0,-,-,-,0%,0
Meta Ads,,Facebook_University_Admit,2026-01-26,F_UA01_{UG All Colleges V01.1},F_UA01_{UG All Colleges} {INT 01} {V01},35.64,,,0,0,36,36,0,-,-,-,0%,0
Meta Ads,,Facebook_University_Admit,2026-01-26,F_UA01_{UG All Colleges V02.1},F_UA01_{UG All Colleges V02}{INT01}_C02,104.53,1,1,0,0,105,105,0,-,-,-,0%,0
Meta Ads,,Facebook_University_Admit,2026-01-26,F_UA1_All Colleges_MBA_Aryan v1.1,F_UA1_All Colleges_MBA_Aryan (INT 01)_ 1.4,216.01,6,6,0,0,36,36,0,-,-,-,0%,0
Meta Ads,,Facebook_University_Admit,2026-01-26,F_UA1_All Colleges_MBA_Aryan v1.2,F_UA1_All Colleges_MBA_Aryan 1.2 (INT 01)_ 1.3,2.77,,,0,0,3,3,0,-,-,-,0%,0
Meta Ads,,Facebook_University_Admit,2026-01-26,F_UA1_All Colleges_MBA_Aryan v1.2,F_UA1_All Colleges_MBA_Aryan 1.2 (INT 01)_ 1.4,0.1,,,0,0,0,0,0,-,-,-,0%,0
Meta Ads,,Facebook_University_Admit,2026-01-26,F_UA1_All Colleges_MBA_Aryan v1.2,F_UA1_All Colleges_MBA_Aryan 1.2 (INT 01)_ 1.1,1.39,,,0,0,1,1,0,-,-,-,0%,0
Meta Ads,,Facebook_University_Admit,2026-01-26,F_UA01_{UG All Colleges V03.1},F_UA01_{UG All Colleges 3.1} {INT 01} {C1.1},3.02,,,0,0,3,3,0,-,-,-,0%,0
Meta Ads,,Facebook_University_Admit,2026-01-26,F_UA01_{UG All Colleges V03.1},F_UA01_{UG All Colleges 3.1} {INT 01} {C1.2},25.62,,,0,0,26,26,0,-,-,-,0%,0
Meta Ads,,Facebook_University_Admit,2026-01-26,F_UA01_{UG All Colleges V03.1},F_UA01_{UG All Colleges 3.1} {INT 01} {C1.3},130.32,1,1,0,0,130,130,0,-,-,-,0%,0
Meta Ads,,Facebook_University_Admit,2026-01-27,F_UA01_{UG All Colleges V01.1},F_UA01_{UG All Colleges} {INT 02} {C04},279.94,,0,0,0,280,280,0,-,-,-,0%,0
Meta Ads,,Facebook_University_Admit,2026-01-27,F_UA01_{UG All Colleges V01.1},F_UA01_{UG All Colleges} {INT 02} {C01},595.72,4,4,0,0,149,149,0,-,-,-,0%,0
Meta Ads,,Facebook_University_Admit,2026-01-27,F_UA01_{UG All Colleges V01.1},F_UA01_{UG All Colleges} {INT 01} {V01},191.23,2,2,0,0,96,96,0,-,-,-,0%,0
Meta Ads,,Facebook_University_Admit,2026-01-27,F_UA01_{UG All Colleges V01.1},F_UA01_{UG All Colleges} {INT 01} {V02},0.55,,0,0,0,1,1,0,-,-,-,0%,0
Meta Ads,,Facebook_University_Admit,2026-01-27,F_UA01_{UG All Colleges V02.1},F_UA01_{UG All Colleges V02}{INT01}_C03,182.2,,0,0,0,182,182,0,-,-,-,0%,0
Meta Ads,,Facebook_University_Admit,2026-01-27,F_UA01_{UG All Colleges V02.1},F_UA01_{UG All Colleges V02}{INT01}_C02,756.27,12,12,1,1,63,63,36210,756.27,756.27,2.09%,0%,42600
Meta Ads,,Facebook_University_Admit,2026-01-27,F_UA1_All Colleges_MBA_Aryan v1.1,F_UA1_All Colleges_MBA_Aryan (INT 01)_ 1.1,0,,0,0,0,0,0,0,-,-,-,0%,0
Meta Ads,,Facebook_University_Admit,2026-01-27,F_UA1_All Colleges_MBA_Aryan v1.1,F_UA1_All Colleges_MBA_Aryan (INT 01)_ 1.4,930.42,19,15,0,0,49,62,0,-,-,-,21%,0
Meta Ads,,Facebook_University_Admit,2026-01-27,F_UA1_All Colleges_MBA_Aryan v1.2,F_UA1_All Colleges_MBA_Aryan 1.2 (INT 01)_ 1.3,197.17,1,1,0,0,197,197,0,-,-,-,0%,0
Meta Ads,,Facebook_University_Admit,2026-01-27,F_UA1_All Colleges_MBA_Aryan v1.2,F_UA1_All Colleges_MBA_Aryan 1.2 (INT 01)_ 1.4,540.92,,0,0,0,541,541,0,-,-,-,0%,0
Meta Ads,,Facebook_University_Admit,2026-01-27,F_UA1_All Colleges_MBA_Aryan v1.2,F_UA1_All Colleges_MBA_Aryan 1.2 (INT 01)_ 1.1,11.18,,0,0,0,11,11,0,-,-,-,0%,0
Meta Ads,,Facebook_University_Admit,2026-01-27,F_UA01_{UG All Colleges V03.1},F_UA01_{UG All Colleges 3.1} {INT 01} {C1.2},47.33,,0,0,0,47,47,0,-,-,-,0%,0
Meta Ads,,Facebook_University_Admit,2026-01-27,F_UA01_{UG All Colleges V03.1},F_UA01_{UG All Colleges 3.1} {INT 01} {C1.3},862.55,4,4,0,0,216,216,0,-,-,-,0%,0
Meta Ads,,FaceBook_Degreefyd_B,2026-01-27,UG_Online_Admission_2026,UG_Online_Admission_Ad_Set01_Ad02,258.81,5,5,0,0,52,52,0,-,-,-,0%,0
Meta Ads,,FaceBook_Degreefyd_B,2026-01-27,UG_Online_Admission_2026,UG_Online_Admission_Ad_Set01_Ad01,846.19,17,13,0,0,50,65,0,-,-,-,24%,0
Meta Ads,,FaceBook_Degreefyd_B,2026-01-27,UG_Online_Admission_2026_LAL,UG_Online_Admission_Conv_UG_LAL_Ad01,291.3,4,2,0,0,73,146,0,-,-,-,50%,0
Meta Ads,,FaceBook_Degreefyd_B,2026-01-27,UG_Online_Admission_2026_LAL,UG_Online_Admission_Conv_UG_LAL_Ad02,233.37,6,6,0,0,39,39,0,-,-,-,0%,0
Meta Ads,,FaceBook_Degreefyd_B,2026-01-27,IGNOU_Leads_2026,IGNOU_MBA_2026_Int_Ad01,471.19,16,11,0,0,29,43,0,-,-,-,31%,0
Meta Ads,,FaceBook_Degreefyd_B,2026-01-27,DUSOL_Online_Courses_Admission_DFYD,DUSOL_Online_Courses_Admission_DFYD_Delhi_NCR_Ad01,440.62,19,18,0,0,23,24,0,-,-,-,5%,0
Meta Ads,,FaceBook_Degreefyd_B,2026-01-27,Galgotias_Lead_2026,Galgotias_Leads_2026_P_Ad_01,393.26,10,6,0,0,39,66,0,-,-,-,40%,0
Meta Ads,,FaceBook_Degreefyd_B,2026-01-27,IGNOU_Online_Courses_Admission_DFYD,IGNOU_Online_Courses_Admission_DFYD_Delhi_NCR_Ad01,423.09,19,15,0,0,22,28,0,-,-,-,21%,0
Meta Ads,,FaceBook_Degreefyd_B,2026-01-27,IGNOU_Online_Courses_Admission_DFYD,IGNOU_Online_Courses_Admission_DFYD_Rest_Ad01,418.75,13,12,1,1,32,35,32917.5,418.75,418.75,1.27%,8%,32917.5
Google Ads,DSA,Degreefyd_Generic_Regular,2026-01-27,DSA_Admission_Online_Distance,23349276370,1377.71,56.5,55,1,1,24,25,5775,1377.71,1377.71,23.86%,3%,34650
Google Ads,Brand,Amity_Partner_001,2026-01-27,Partner_Amity_Online_2026,23228113322,7473.9,17,15,2,2,440,498,116042.5,3736.95,3736.95,6.44%,12%,116042.5
Google Ads,Brand,EP_CU_Online_DFYD,2026-01-27,CU_Online_Admission_Delta,23502437890,1023.06,4,4,0,0,256,256,0,-,-,-,0%,0
Meta Ads,,FaceBook_Degreefyd_B,2026-01-28,UG_Online_Admission_2026,UG_Online_Admission_Ad_Set01_Ad02,351.69,3,3,0,0,117,117,0,-,-,-,0%,0
Meta Ads,,FaceBook_Degreefyd_B,2026-01-28,UG_Online_Admission_2026,UG_Online_Admission_Ad_Set01_Ad01,726.9,18,19,0,0,40,38,0,-,-,-,-6%,0
Meta Ads,,FaceBook_Degreefyd_B,2026-01-28,UG_Online_Admission_2026_LAL,UG_Online_Admission_Conv_UG_LAL_Ad01,235.25,3,3,0,0,78,78,0,-,-,-,0%,0
Meta Ads,,FaceBook_Degreefyd_B,2026-01-28,UG_Online_Admission_2026_LAL,UG_Online_Admission_Conv_UG_LAL_Ad02,257.78,6,6,1,1,43,43,47250,257.78,257.78,0.55%,0%,47250
Meta Ads,,FaceBook_Degreefyd_B,2026-01-28,IGNOU_Leads_2026,IGNOU_MBA_2026_Int_Ad01,447.51,13,10,0,0,34,45,0,-,-,-,23%,0
Meta Ads,,FaceBook_Degreefyd_B,2026-01-28,DUSOL_Online_Courses_Admission_DFYD,DUSOL_Online_Courses_Admission_DFYD_Delhi_NCR_Ad01,415.74,16,14,0,0,26,30,0,-,-,-,13%,0
Meta Ads,,FaceBook_Degreefyd_B,2026-01-28,IGNOU_Online_Courses_Admission_DFYD,IGNOU_Online_Courses_Admission_DFYD_Delhi_NCR_Ad01,378.74,20,18,1,0,19,21,0,378.74,-,-,10%,0
Meta Ads,,FaceBook_Degreefyd_B,2026-01-28,IGNOU_Online_Courses_Admission_DFYD,IGNOU_Online_Courses_Admission_DFYD_Rest_Ad01,386.66,14,12,1,0,28,32,0,386.66,-,-,14%,0
Meta Ads,,FaceBook_Degreefyd_B,2026-01-28,Galgotias_Lead_2026,Galgotias_Leads_2026_P_Ad_01,398.76,9,6,1,1,44,66,16500,398.76,398.76,2.42%,33%,33000
Meta Ads,,FaceBook_University_Admit,2026-01-28,F_UA01_{UG All Colleges V01.1},F_UA01_{UG All Colleges} {INT 02} {C03},7.8,,0,0,0,8,8,0,-,-,-,0%,0
Meta Ads,,FaceBook_University_Admit,2026-01-28,F_UA01_{UG All Colleges V01.1},F_UA01_{UG All Colleges} {INT 02} {C02},0.06,,0,0,0,0,0,0,-,-,-,0%,0
Meta Ads,,FaceBook_University_Admit,2026-01-28,F_UA01_{UG All Colleges V01.1},F_UA01_{UG All Colleges} {INT 02} {C04},21.07,,0,0,0,21,21,0,-,-,-,0%,0
Meta Ads,,FaceBook_University_Admit,2026-01-28,F_UA01_{UG All Colleges V01.1},F_UA01_{UG All Colleges} {INT 01} {V03},1.48,,0,0,0,1,1,0,-,-,-,0%,0
Meta Ads,,FaceBook_University_Admit,2026-01-28,F_UA01_{UG All Colleges V01.1},F_UA01_{UG All Colleges} {INT 02} {C01},325.62,3,1,0,0,109,326,0,-,-,-,67%,0
Meta Ads,,FaceBook_University_Admit,2026-01-28,F_UA01_{UG All Colleges V01.1},F_UA01_{UG All Colleges} {INT 01} {V01},637.66,6,6,3,1,106,106,47250,212.5533333,637.66,1.35%,0%,47250
Meta Ads,,FaceBook_University_Admit,2026-01-28,F_UA01_{UG All Colleges V01.1},F_UA01_{UG All Colleges} {INT 01} {V02},4.43,,0,0,0,4,4,0,-,-,-,0%,0
Meta Ads,,FaceBook_University_Admit,2026-01-28,F_UA01_{UG All Colleges V02.1},F_UA01_{UG All Colleges V02}{INT01}_C03,0.26,,0,0,0,0,0,0,-,-,-,0%,0
Meta Ads,,FaceBook_University_Admit,2026-01-28,F_UA01_{UG All Colleges V02.1},F_UA01_{UG All Colleges V02}{INT01}_C02,1046.76,26,21,1,0,40,50,0,1046.76,-,-,19%,0
Meta Ads,,FaceBook_University_Admit,2026-01-28,F_UA01_{UG All Colleges V02.1},F_UA01_{UG All Colleges V02}{INT01}_C04,0.62,,0,0,0,1,1,0,-,-,-,0%,0
Meta Ads,,FaceBook_University_Admit,2026-01-28,F_UA1_All Colleges_MBA_Aryan v1.1,F_UA1_All Colleges_MBA_Aryan (INT 01)_ 1.3,4.32,,0,0,0,4,4,0,-,-,-,0%,0
Meta Ads,,FaceBook_University_Admit,2026-01-28,F_UA1_All Colleges_MBA_Aryan v1.1,F_UA1_All Colleges_MBA_Aryan (INT 01)_ 1.4,954.14,19,18,0,0,50,53,0,-,-,-,5%,0
Meta Ads,,FaceBook_University_Admit,2026-01-28,F_UA01_{UG All Colleges V03.1},F_UA01_{UG All Colleges 3.1} {INT 01} {C1.1},69.43,,0,0,0,69,69,0,-,-,-,0%,0
Meta Ads,,FaceBook_University_Admit,2026-01-28,F_UA01_{UG All Colleges V03.1},F_UA01_{UG All Colleges 3.1} {INT 01} {C1.2},22.52,,0,0,0,23,23,0,-,-,-,0%,0
Meta Ads,,FaceBook_University_Admit,2026-01-28,F_UA01_{UG All Colleges V03.1},F_UA01_{UG All Colleges 3.1} {INT 01} {C1.3},881.59,9,7,0,0,98,126,0,-,-,-,22%,0
Google Ads,Brand,Amity_Partner_001,2026-01-28,Partner_Amity_Online_2026,23228113322,1500.68,4,4,1,1,375,375,49875,1500.68,1500.68,3.01%,0%,49875
Google Ads,DSA,Degreefyd_Generic_Regular,2026-01-28,DSA_Admission_Online_Distance,23349276370,1502.6,73.5,65,1,1,20,23,8750,1502.6,1502.6,17.17%,12%,26250
Google Ads,DSA,Core_Online_DSA,2026-01-28,DSA_Admission_Core_Online_Colleges_Courses,23500139647,109.59,3,2,0,0,37,55,0,-,-,-,33%,0
Google Ads,Brand,EP_CU_Online_DFYD,2026-01-28,CU_Online_Admission_Delta,23502437890,433.58,2,2,0,0,217,217,0,-,-,-,0%,0
Meta Ads,,FaceBook_Degreefyd_B,2026-01-29,UG_Online_Admission_2026,UG_Online_Admission_Ad_Set01_Ad02,458.3,5,5,0,0,92,92,0,-,-,-,0%,0
Meta Ads,,FaceBook_Degreefyd_B,2026-01-29,UG_Online_Admission_2026,UG_Online_Admission_Ad_Set01_Ad01,615.87,14,11,0,0,44,56,0,-,-,-,21%,0
Meta Ads,,FaceBook_Degreefyd_B,2026-01-29,UG_Online_Admission_2026_LAL,UG_Online_Admission_Conv_UG_LAL_Ad01,185.77,,0,0,0,186,186,0,-,-,-,0%,0
Meta Ads,,FaceBook_Degreefyd_B,2026-01-29,UG_Online_Admission_2026_LAL,UG_Online_Admission_Conv_UG_LAL_Ad02,298.04,2,2,0,0,149,149,0,-,-,-,0%,0
Meta Ads,,FaceBook_Degreefyd_B,2026-01-29,IGNOU_Leads_2026,IGNOU_MBA_2026_Int_Ad01,425.07,15,14,0,0,28,30,0,-,-,-,7%,0
Meta Ads,,FaceBook_Degreefyd_B,2026-01-29,DUSOL_Online_Courses_Admission_DFYD,DUSOL_Online_Courses_Admission_DFYD_Delhi_NCR_Ad01,407.44,21,20,0,0,19,20,0,-,-,-,5%,0
Meta Ads,,FaceBook_Degreefyd_B,2026-01-29,IGNOU_Online_Courses_Admission_DFYD,IGNOU_Online_Courses_Admission_DFYD_Delhi_NCR_Ad01,419.67,18,17,0,0,23,25,0,-,-,-,6%,0
Meta Ads,,FaceBook_Degreefyd_B,2026-01-29,IGNOU_Online_Courses_Admission_DFYD,IGNOU_Online_Courses_Admission_DFYD_Rest_Ad01,415.32,18,16,0,0,23,26,0,-,-,-,11%,0
Meta Ads,,FaceBook_Degreefyd_B,2026-01-29,Galgotias_Lead_2026,Galgotias_Leads_2026_P_Ad_01,407.75,14,11,0,0,29,37,0,-,-,-,21%,0
Meta Ads,,FaceBook_University_Admit,2026-01-29,F_UA01_{UG All Colleges V01.1},F_UA01_{UG All Colleges} {INT 01} {V01},1012.86,10,8,0,0,101,127,0,-,-,-,20%,0
Meta Ads,,FaceBook_University_Admit,2026-01-29,F_UA01_{UG All Colleges V02.1},F_UA01_{UG All Colleges V02}{INT01}_C03,0.21,,0,0,0,0,0,0,-,-,-,0%,0
Meta Ads,,FaceBook_University_Admit,2026-01-29,F_UA01_{UG All Colleges V02.1},F_UA01_{UG All Colleges V02}{INT01}_C02,956.65,23,21,1,1,42,46,48825,956.65,956.65,1.96%,9%,48825
Meta Ads,,FaceBook_University_Admit,2026-01-29,F_UA1_All Colleges_MBA_Aryan v1.1,F_UA1_All Colleges_MBA_Aryan (INT 01)_ 1.1,0.02,,0,0,0,0,0,0,-,-,-,0%,0
Meta Ads,,FaceBook_University_Admit,2026-01-29,F_UA1_All Colleges_MBA_Aryan v1.1,F_UA1_All Colleges_MBA_Aryan (INT 01)_ 1.4,905.8,17,15,0,0,53,60,0,-,-,-,12%,0
Meta Ads,,FaceBook_University_Admit,2026-01-29,F_UA01_{UG All Colleges V03.1},F_UA01_{UG All Colleges 3.1} {INT 01} {C1.1},6.86,,0,0,0,7,7,0,-,-,-,0%,0
Meta Ads,,FaceBook_University_Admit,2026-01-29,F_UA01_{UG All Colleges V03.1},F_UA01_{UG All Colleges 3.1} {INT 01} {C1.2},5.81,,0,0,0,6,6,0,-,-,-,0%,0
Meta Ads,,FaceBook_University_Admit,2026-01-29,F_UA01_{UG All Colleges V03.1},F_UA01_{UG All Colleges 3.1} {INT 01} {C1.3},1046.97,13,12,0,0,81,87,0,-,-,-,8%,0
Google Ads,Brand,EP_Partner_Amity_Online_DFYD,2026-01-29,Amity_Online_Admission_COS,23492797149,898.77,1,2,0,0,899,449,0,-,-,-,-100%,0
Google Ads,DSA,Core_Online_DSA,2026-01-29,DSA_Admission_Core_Online_Colleges_Courses,23500139647,214.65,5,4,0,0,43,54,0,-,-,-,20%,0
Google Ads,DSA,Degreefyd_Generic_Regular,2026-01-29,DSA_Admission_Online_Distance,23349276370,1375.13,98.17,87,1,0,14,16,0,1375.13,-,-,11%,0
Google Ads,Brand,Amity_Partner_001,2026-01-29,Partner_Amity_Online_2026,23228113322,11434.05,42,39,1,0,272,293,0,11434.05,-,-,7%,0
Google Ads,Brand,EP_CU_Online_DFYD,2026-01-29,CU_Online_Admission_Delta,23502437890,437.95,0,0,0,0,438,438,0,-,-,-,0%,0
Meta Ads,,FaceBook_University_Admit,2026-01-30,F_UA01_{UG All Colleges V01.1},F_UA01_{UG All Colleges} {INT 01} {V03},1.28,,0,0,0,1,1,0,-,-,-,0%,0
Meta Ads,,FaceBook_University_Admit,2026-01-30,F_UA01_{UG All Colleges V01.1},F_UA01_{UG All Colleges} {INT 01} {V01},868.34,9,8,1,1,96,109,26250,868.34,868.34,3.31%,11%,26250
Meta Ads,,FaceBook_University_Admit,2026-01-30,F_UA01_{UG All Colleges V01.1},F_UA01_{UG All Colleges} {INT 01} {V02},3,1,0,0,0,3,3,0,-,-,-,100%,0
Meta Ads,,FaceBook_University_Admit,2026-01-30,F_UA01_{UG All Colleges V02.1},F_UA01_{UG All Colleges V02}{INT01}_C02,877.52,13,11,0,0,68,80,0,-,-,-,15%,0
Meta Ads,,FaceBook_University_Admit,2026-01-30,F_UA1_All Colleges_MBA_Aryan v1.1,F_UA1_All Colleges_MBA_Aryan (INT 01)_ 1.4,825.01,10,9,0,0,83,92,0,-,-,-,10%,0
Meta Ads,,FaceBook_University_Admit,2026-01-30,F_UA01_{UG All Colleges V03.1},F_UA01_{UG All Colleges 3.1} {INT 01} {C1.3},836.94,11,10,0,0,76,84,0,-,-,-,9%,0
Meta Ads,,FaceBook_Degreefyd_B,2026-01-30,UG_Online_Admission_2026,UG_Online_Admission_Ad_Set01_Ad02,365.78,7,5,0,0,52,73,0,-,-,-,29%,0
Meta Ads,,FaceBook_Degreefyd_B,2026-01-30,UG_Online_Admission_2026,UG_Online_Admission_Ad_Set01_Ad01,630.66,18,15,0,0,35,42,0,-,-,-,17%,0
Meta Ads,,FaceBook_Degreefyd_B,2026-01-30,UG_Online_Admission_2026_LAL,UG_Online_Admission_Conv_UG_LAL_Ad01,156.29,5,5,0,0,31,31,0,-,-,-,0%,0
Meta Ads,,FaceBook_Degreefyd_B,2026-01-30,UG_Online_Admission_2026_LAL,UG_Online_Admission_Conv_UG_LAL_Ad02,314.84,8,8,0,0,39,39,0,-,-,-,0%,0
Meta Ads,,FaceBook_Degreefyd_B,2026-01-30,IGNOU_Leads_2026,IGNOU_MBA_2026_Int_Ad01,395.9,16,16,0,0,25,25,0,-,-,-,0%,0
Meta Ads,,FaceBook_Degreefyd_B,2026-01-30,DUSOL_Online_Courses_Admission_DFYD,DUSOL_Online_Courses_Admission_DFYD_Delhi_NCR_Ad01,435.19,19,17,0,0,23,26,0,-,-,-,11%,0
Meta Ads,,FaceBook_Degreefyd_B,2026-01-30,IGNOU_Online_Courses_Admission_DFYD,IGNOU_Online_Courses_Admission_DFYD_Delhi_NCR_Ad01,414.83,16,14,0,0,26,30,0,-,-,-,13%,0
Meta Ads,,FaceBook_Degreefyd_B,2026-01-30,IGNOU_Online_Courses_Admission_DFYD,IGNOU_Online_Courses_Admission_DFYD_Rest_Ad01,413.32,16,15,0,0,26,28,0,-,-,-,6%,0
Meta Ads,,FaceBook_Degreefyd_B,2026-01-30,Galgotias_Lead_2026,Galgotias_Leads_2026_P_Ad_01,344.9,5,5,0,0,69,69,0,-,-,-,0%,0
Google Ads,Brand,EP_Partner_Amity_Online_DFYD,2026-01-30,Amity_Online_Admission_COS,23492797149,366.33,0,0,0,0,366,366,0,-,-,-,0%,0
Google Ads,DSA,Core_Online_DSA,2026-01-30,DSA_Admission_Core_Online_Colleges_Courses,23500139647,126.15,2,2,0,0,63,63,0,-,-,-,0%,0
Google Ads,DSA,Degreefyd_Generic_Regular,2026-01-30,DSA_Admission_Online_Distance,23349276370,951.7,52.83,51,0,0,18,19,0,-,-,-,3%,0
Google Ads,Brand,Amity_Partner_001,2026-01-30,Partner_Amity_Online_2026,23228113322,8436.45,33,29,0,0,256,291,0,-,-,-,12%,0
Google Ads,Brand,EP_CU_Online_DFYD,2026-01-30,CU_Online_Admission_Delta,23502437890,1010.14,4,3,2,0,253,337,0,505.07,-,-,25%,0
Meta Ads,,FaceBook_University_Admit,2026-01-31,F_UA01_{UG All Colleges V01.1},F_UA01_{UG All Colleges} {INT 01} {V01},746.44,9,9,1,0,83,83,0,746.44,-,-,0%,0
Meta Ads,,FaceBook_University_Admit,2026-01-31,F_UA01_{UG All Colleges V02.1},F_UA01_{UG All Colleges V02}{INT01}_C03,0,,0,0,0,0,0,0,-,-,-,0%,0
Meta Ads,,FaceBook_University_Admit,2026-01-31,F_UA01_{UG All Colleges V02.1},F_UA01_{UG All Colleges V02}{INT01}_C02,805.22,6,7,1,0,134,115,0,805.22,-,-,-17%,0
Meta Ads,,FaceBook_University_Admit,2026-01-31,F_UA01_{UG All Colleges V02.1},F_UA01_{UG All Colleges V02}{INT01}_C04,0.49,,0,0,0,0,0,0,-,-,-,0%,0
Meta Ads,,FaceBook_University_Admit,2026-01-31,F_UA1_All Colleges_MBA_Aryan v1.1,F_UA1_All Colleges_MBA_Aryan (INT 01)_ 1.3,0.01,,0,0,0,0,0,0,-,-,-,0%,0
Meta Ads,,FaceBook_University_Admit,2026-01-31,F_UA1_All Colleges_MBA_Aryan v1.1,F_UA1_All Colleges_MBA_Aryan (INT 01)_ 1.4,754.4,14,12,0,0,54,63,0,-,-,-,14%,0
Meta Ads,,FaceBook_University_Admit,2026-01-31,F_UA01_{UG All Colleges V03.1},F_UA01_{UG All Colleges 3.1} {INT 01} {C1.3},714.13,13,11,0,0,55,65,0,-,-,-,15%,0
Meta Ads,,FaceBook_University_Admit,2026-02-01,F_UA01_{UG All Colleges V01.1},F_UA01_{UG All Colleges} {INT 01} {V03},0.43,,0,0,0,0,0,0,-,-,-,0%,0
Meta Ads,,FaceBook_University_Admit,2026-02-01,F_UA01_{UG All Colleges V01.1},F_UA01_{UG All Colleges} {INT 01} {V01},877.88,7,7,0,0,125,125,0,-,-,-,0%,0
Meta Ads,,FaceBook_University_Admit,2026-02-01,F_UA01_{UG All Colleges V01.1},F_UA01_{UG All Colleges} {INT 01} {V02},6.21,,0,0,0,6,6,0,-,-,-,0%,0
Meta Ads,,FaceBook_University_Admit,2026-02-01,F_UA01_{UG All Colleges V02.1},F_UA01_{UG All Colleges V02}{INT01}_C02,919.38,17,18,3,1,54,51,47250,306.46,919.38,1.95%,-6%,47250
Meta Ads,,FaceBook_University_Admit,2026-02-01,F_UA1_All Colleges_MBA_Aryan v1.1,F_UA1_All Colleges_MBA_Aryan (INT 01)_ 1.1,0,,0,0,0,0,0,0,-,-,-,0%,0
Meta Ads,,FaceBook_University_Admit,2026-02-01,F_UA1_All Colleges_MBA_Aryan v1.1,F_UA1_All Colleges_MBA_Aryan (INT 01)_ 1.4,896.9,19,18,0,0,47,50,0,-,-,-,5%,0
Meta Ads,,FaceBook_University_Admit,2026-02-01,F_UA01_{UG All Colleges V03.1},F_UA01_{UG All Colleges 3.1} {INT 01} {C1.3},930.31,15,13,1,1,62,72,15750,930.31,930.31,5.91%,13%,47250
Google Ads,Brand,Amity_Partner_001,2026-01-31,Partner_Amity_Online_2026,23228113322,6043.05,21,20,3,1,288,302,66412.5,2014.35,6043.05,9.10%,5%,66412.5
Google Ads,DSA,Degreefyd_Generic_Regular,2026-01-31,DSA_Admission_Online_Distance,23349276370,1079.73,66.5,57,2,2,16,19,13125,539.865,539.865,8.23%,14%,52500
Google Ads,Brand,EP_Partner_Amity_Online_DFYD,2026-01-31,Amity_Online_Admission_COS,23492797149,274.81,1,1,0,0,275,275,0,-,-,-,0%,0
Google Ads,DSA,Core_Online_DSA,2026-01-31,DSA_Admission_Core_Online_Colleges_Courses,23500139647,107.06,2,2,1,0,54,54,0,107.06,-,-,0%,0
Google Ads,Brand,EP_CU_Online_DFYD,2026-01-31,CU_Online_Admission_Delta,23502437890,1137.16,4,4,0,0,284,284,0,-,-,-,0%,0
Google Ads,Brand,EP_Partner_LPU_Online_DFYD,2026-01-31,LPU_Online_Delta,23512571403,699.7,1,,0,0,700,700,0,-,-,-,100%,0
Google Ads,Brand,Amity_Partner_001,2026-02-01,Partner_Amity_Online_2026,23228113322,5866.83,16,14,0,0,367,419,0,-,-,-,13%,0
Google Ads,DSA,Degreefyd_Generic_Regular,2026-02-01,DSA_Admission_Online_Distance,23349276370,1417.06,39,36,0,0,36,39,0,-,-,-,8%,0
Google Ads,Brand,EP_Partner_Amity_Online_DFYD,2026-02-01,Amity_Online_Admission_COS,23492797149,175.82,1,0,0,0,176,176,0,-,-,-,100%,0
Google Ads,DSA,Core_Online_DSA,2026-02-01,DSA_Admission_Core_Online_Colleges_Courses,23500139647,112.14,1,1,0,0,112,112,0,-,-,-,0%,0
Google Ads,Brand,EP_CU_Online_DFYD,2026-02-01,CU_Online_Admission_Delta,23502437890,495.41,1,1,0,0,495,495,0,-,-,-,0%,0
Google Ads,Brand,EP_Partner_LPU_Online_DFYD,2026-02-01,LPU_Online_Delta,23512571403,842,1,1,0,0,842,842,0,-,-,-,0%,0
Meta Ads,,FaceBook_Degreefyd_B,2026-01-31,UG_Online_Admission_2026,UG_Online_Admission_Ad_Set01_Ad01,472.78,8,7,0,0,59,68,0,-,-,-,13%,0
Meta Ads,,FaceBook_Degreefyd_B,2026-01-31,Galgotias_Lead_2026,Galgotias_Leads_2026_P_Ad_01,339.78,10,9,1,0,34,38,0,339.78,-,-,10%,0
Meta Ads,,FaceBook_Degreefyd_B,2026-01-31,IGNOU_Online_Courses_Admission_DFYD,IGNOU_Online_Courses_Admission_DFYD_Rest_Ad01,403.31,11,10,0,0,37,40,0,-,-,-,9%,0
Meta Ads,,FaceBook_Degreefyd_B,2026-01-31,IGNOU_Online_Courses_Admission_DFYD,IGNOU_Online_Courses_Admission_DFYD_Delhi_NCR_Ad01,396.91,14,12,0,0,28,33,0,-,-,-,14%,0
Meta Ads,,FaceBook_Degreefyd_B,2026-01-31,DUSOL_Online_Courses_Admission_DFYD,DUSOL_Online_Courses_Admission_DFYD_Delhi_NCR_Ad01,399.06,22,20,0,0,18,20,0,-,-,-,9%,0
Meta Ads,,FaceBook_Degreefyd_B,2026-01-31,IGNOU_Leads_2026,IGNOU_MBA_2026_Int_Ad01,361.37,9,7,0,0,40,52,0,-,-,-,22%,0
Meta Ads,,FaceBook_Degreefyd_B,2026-01-31,UG_Online_Admission_2026_LAL,UG_Online_Admission_Conv_UG_LAL_Ad02,316.51,7,7,1,0,45,45,0,316.51,-,-,0%,0
Meta Ads,,FaceBook_Degreefyd_B,2026-01-31,UG_Online_Admission_2026_LAL,UG_Online_Admission_Conv_UG_LAL_Ad01,126.36,1,0,0,0,126,126,0,-,-,-,100%,0
Meta Ads,,FaceBook_Degreefyd_B,2026-01-31,UG_Online_Admission_2026,UG_Online_Admission_Ad_Set01_Ad02,419.01,10,8,0,0,42,52,0,-,-,-,20%,0
Meta Ads,,FaceBook_Degreefyd_B,2026-02-01,UG_Online_Admission_2026,UG_Online_Admission_Ad_Set01_Ad02,550.6,13,13,0,0,42,42,0,-,-,-,0%,0
Meta Ads,,FaceBook_Degreefyd_B,2026-02-01,UG_Online_Admission_2026,UG_Online_Admission_Ad_Set01_Ad01,666.61,12,9,0,0,56,74,0,-,-,-,25%,0
Meta Ads,,FaceBook_Degreefyd_B,2026-02-01,IGNOU_Online_Courses_Admission_DFYD,IGNOU_Online_Courses_Admission_DFYD_Rest_Ad01,501.04,14,14,0,0,36,36,0,-,-,-,0%,0
Meta Ads,,FaceBook_Degreefyd_B,2026-02-01,IGNOU_Online_Courses_Admission_DFYD,IGNOU_Online_Courses_Admission_DFYD_Delhi_NCR_Ad01,511.99,25,23,0,0,20,22,0,-,-,-,8%,0
Meta Ads,,FaceBook_Degreefyd_B,2026-02-01,DUSOL_Online_Courses_Admission_DFYD,DUSOL_Online_Courses_Admission_DFYD_Delhi_NCR_Ad01,496.72,27,24,0,0,18,21,0,-,-,-,11%,0
Meta Ads,,FaceBook_Degreefyd_B,2026-02-01,IGNOU_Leads_2026,IGNOU_MBA_2026_Int_Ad01,538.06,18,18,0,0,30,30,0,-,-,-,0%,0
Meta Ads,,FaceBook_Degreefyd_B,2026-02-01,UG_Online_Admission_2026_LAL,UG_Online_Admission_Conv_UG_LAL_Ad02,434.4,7,6,0,0,62,72,0,-,-,-,14%,0
Meta Ads,,FaceBook_Degreefyd_B,2026-02-01,UG_Online_Admission_2026_LAL,UG_Online_Admission_Conv_UG_LAL_Ad01,160.23,1,1,0,0,160,160,0,-,-,-,0%,0
Meta Ads,,FaceBook_Degreefyd_B,2026-02-01,Galgotias_Lead_2026,Galgotias_Leads_2026_P_Ad_01,542.38,14,14,5,4,39,39,59000,108.476,135.595,0.92%,0%,118000
Meta Ads,,FaceBook_University_Admit,2026-02-02,F_UA01_{UG All Colleges V01.1},F_UA01_{UG All Colleges} {INT 01} {V03},14.95,1,0,0,0,15,15,0,-,-,-,100%,0
Meta Ads,,FaceBook_University_Admit,2026-02-02,F_UA01_{UG All Colleges V01.1},F_UA01_{UG All Colleges} {INT 01} {V01},789.39,6,5,0,0,132,158,0,-,-,-,17%,0
Meta Ads,,FaceBook_University_Admit,2026-02-02,F_UA01_{UG All Colleges V01.1},F_UA01_{UG All Colleges} {INT 01} {V02},49.25,,0,0,0,49,49,0,-,-,-,0%,0
Meta Ads,,FaceBook_University_Admit,2026-02-02,F_UA01_{UG All Colleges V02.1},F_UA01_{UG All Colleges V02}{INT01}_C02,818.1,17,12,1,0,48,68,0,818.1,-,-,29%,0
Meta Ads,,FaceBook_University_Admit,2026-02-02,F_UA01_{UG All Colleges V02.1},F_UA01_{UG All Colleges V02}{INT01}_C04,0.53,,0,0,0,1,1,0,-,-,-,0%,0
Meta Ads,,FaceBook_University_Admit,2026-02-02,F_UA1_All Colleges_MBA_Aryan v1.1,F_UA1_All Colleges_MBA_Aryan (INT 01)_ 1.4,826.06,13,12,0,0,64,69,0,-,-,-,8%,0
Meta Ads,,FaceBook_University_Admit,2026-02-02,F_UA01_{UG All Colleges V03.1},F_UA01_{UG All Colleges 3.1} {INT 01} {C1.3},860.61,13,12,0,0,66,72,0,-,-,-,8%,0
Meta Ads,,FaceBook_Degreefyd_B,2026-02-02,UG_Online_Admission_2026,UG_Online_Admission_Ad_Set01_Ad02,732.92,15,15,0,0,49,49,0,-,-,-,0%,0
Meta Ads,,FaceBook_Degreefyd_B,2026-02-02,UG_Online_Admission_2026,UG_Online_Admission_Ad_Set01_Ad01,378.48,5,4,1,0,76,95,0,378.48,-,-,20%,0
Meta Ads,,FaceBook_Degreefyd_B,2026-02-02,UG_Online_Admission_2026_LAL,UG_Online_Admission_Conv_UG_LAL_Ad01,63.22,1,1,0,0,63,63,0,-,-,-,0%,0
Meta Ads,,FaceBook_Degreefyd_B,2026-02-02,UG_Online_Admission_2026_LAL,UG_Online_Admission_Conv_UG_LAL_Ad02,257.38,2,2,0,0,129,129,0,-,-,-,0%,0
Meta Ads,,FaceBook_Degreefyd_B,2026-02-02,IGNOU_Leads_2026,IGNOU_MBA_2026_Int_Ad01,258.59,9,9,0,0,29,29,0,-,-,-,0%,0
Meta Ads,,FaceBook_Degreefyd_B,2026-02-02,DUSOL_Online_Courses_Admission_DFYD,DUSOL_Online_Courses_Admission_DFYD_Delhi_NCR_Ad01,467.15,20,17,0,0,23,27,0,-,-,-,15%,0
Meta Ads,,FaceBook_Degreefyd_B,2026-02-02,IGNOU_Online_Courses_Admission_DFYD,IGNOU_Online_Courses_Admission_DFYD_Delhi_NCR_Ad01,472.36,17,15,0,0,28,31,0,-,-,-,12%,0
Meta Ads,,FaceBook_Degreefyd_B,2026-02-02,IGNOU_Online_Courses_Admission_DFYD,IGNOU_Online_Courses_Admission_DFYD_Rest_Ad01,475.26,7,7,0,0,68,68,0,-,-,-,0%,0
Meta Ads,,FaceBook_Degreefyd_B,2026-02-02,Galgotias_Lead_2026,Galgotias_Leads_2026_P_Ad_01,529.18,5,5,1,1,106,106,16500,529.18,529.18,3.21%,0%,33000
Google Ads,Brand,EP_Partner_Amity_Online_DFYD,2026-02-02,Amity_Online_Admission_COS,23492797149,177.49,1,1,0,0,177,177,0,-,-,-,0%,0
Google Ads,Brand,Amity_Partner_001,2026-02-02,Partner_Amity_Online_2026,23228113322,7015.84,22,18,0,0,319,390,0,-,-,-,18%,0
Google Ads,DSA,Degreefyd_Generic_Regular,2026-02-02,DSA_Admission_Online_Distance,23349276370,1810.33,58,54,0,0,31,34,0,-,-,-,7%,0
Google Ads,Brand,EP_CU_Online_DFYD,2026-02-02,CU_Online_Admission_Delta,23502437890,831.35,2,2,1,1,416,416,7656.25,831.35,831.35,10.86%,0%,45937.5
Google Ads,DSA,Core_Online_DSA,2026-02-02,DSA_Admission_Core_Online_Colleges_Courses,23500139647,141.41,1,1,0,0,141,141,0,-,-,-,0%,0
Google Ads,Brand,EP_Partner_LPU_Online_DFYD,2026-02-02,LPU_Online_Delta,23512571403,936.44,4,4,0,0,234,234,0,-,-,-,0%,0
Meta Ads,,FaceBook_University_Admit,2026-02-03,F_UA01_{UG All Colleges V01.1},F_UA01_{UG All Colleges} {INT 01} {V03},7.56,,0,0,0,8,8,0,-,-,-,0%,0
Meta Ads,,FaceBook_University_Admit,2026-02-03,F_UA01_{UG All Colleges V01.1},F_UA01_{UG All Colleges} {INT 01} {V01},490.19,1,1,0,0,490,490,0,-,-,-,0%,0
Meta Ads,,FaceBook_University_Admit,2026-02-03,F_UA01_{UG All Colleges V01.1},F_UA01_{UG All Colleges} {INT 01} {V02},264.89,2,2,0,0,132,132,0,-,-,-,0%,0
Meta Ads,,FaceBook_University_Admit,2026-02-03,F_UA01_{UG All Colleges V02.1},F_UA01_{UG All Colleges V02}{INT01}_C03,0.04,,0,0,0,0,0,0,-,-,-,0%,0
Meta Ads,,FaceBook_University_Admit,2026-02-03,F_UA01_{UG All Colleges V02.1},F_UA01_{UG All Colleges V02}{INT01}_C02,779.85,17,15,0,0,46,52,0,-,-,-,12%,0
Meta Ads,,FaceBook_University_Admit,2026-02-03,F_UA1_All Colleges_MBA_Aryan v1.1,F_UA1_All Colleges_MBA_Aryan (INT 01)_ 1.1,0,,0,0,0,0,0,0,-,-,-,0%,0
Meta Ads,,FaceBook_University_Admit,2026-02-03,F_UA1_All Colleges_MBA_Aryan v1.1,F_UA1_All Colleges_MBA_Aryan (INT 01)_ 1.4,799.39,12,11,0,0,67,73,0,-,-,-,8%,0
Meta Ads,,FaceBook_University_Admit,2026-02-03,F_UA01_{UG All Colleges V03.1},F_UA01_{UG All Colleges 3.1} {INT 01} {C1.3},782.46,7,7,0,0,112,112,0,-,-,-,0%,0
Meta Ads,,FaceBook_University_Admit,2026-02-03,F_UA01_{UG All Colleges V02.1},F_UA01_{UG All Colleges V02}{INT01}_C05,5.82,,0,0,0,6,6,0,-,-,-,0%,0
Meta Ads,,FaceBook_Degreefyd_B,2026-02-03,UG_Online_Admission_2026,UG_Online_Admission_Ad_Set01_Ad02,1088.41,20,19,1,1,54,57,47250,1088.41,1088.41,2.30%,5%,47250
Meta Ads,,FaceBook_Degreefyd_B,2026-02-03,DUSOL_Online_Courses_Admission_DFYD,DUSOL_Online_Courses_Admission_DFYD_Delhi_NCR_Ad01,455.78,23,20,0,0,20,23,0,-,-,-,13%,0
Meta Ads,,FaceBook_Degreefyd_B,2026-02-03,IGNOU_Online_Courses_Admission_DFYD,IGNOU_Online_Courses_Admission_DFYD_Delhi_NCR_Ad01,457.63,15,15,0,0,31,31,0,-,-,-,0%,0
Meta Ads,,FaceBook_Degreefyd_B,2026-02-03,IGNOU_Online_Courses_Admission_DFYD,IGNOU_Online_Courses_Admission_DFYD_Rest_Ad01,432.19,13,11,1,1,33,39,4375,432.19,432.19,9.88%,15%,26250
Meta Ads,,FaceBook_Degreefyd_B,2026-02-03,Galgotias_Lead_2026,Galgotias_Leads_2026_P_Ad_01,578.77,19,17,1,0,30,34,0,578.77,-,-,11%,0
Google Ads,DSA,Degreefyd_Generic_Regular,2026-02-03,DSA_Admission_Online_Distance,23349276370,1826.75,51,52,1,1,36,35,19250,1826.75,1826.75,9.49%,-2%,38500
Google Ads,Brand,Amity_Partner_001,2026-02-03,Partner_Amity_Online_2026,23228113322,6378.07,16,16,1,0,399,399,0,6378.07,-,-,0%,0
Google Ads,Brand,EP_Partner_Amity_Online_DFYD,2026-02-03,Amity_Online_Admission_COS,23492797149,198.67,0,0,0,0,199,199,0,-,-,-,0%,0
Google Ads,DSA,Core_Online_DSA,2026-02-03,DSA_Admission_Core_Online_Colleges_Courses,23500139647,150.85,1,1,0,0,151,151,0,-,-,-,0%,0
Google Ads,Brand,EP_Partner_LPU_Online_DFYD,2026-02-03,LPU_Online_Delta,23512571403,995.64,2,2,0,0,498,498,0,-,-,-,0%,0
Google Ads,Brand,EP_CU_Online_DFYD,2026-02-03,CU_Online_Admission_Delta,23502437890,383.26,1,1,0,0,383,383,0,-,-,-,0%,0
Meta Ads,,FaceBook_University_Admit,2026-02-04,F_UA01_{UG All Colleges V01.1},F_UA01_{UG All Colleges} {INT 01} {V03},0.15,,0,0,0,0,0,0,-,-,-,0%,0
Meta Ads,,FaceBook_University_Admit,2026-02-04,F_UA01_{UG All Colleges V01.1},F_UA01_{UG All Colleges} {INT 01} {V01},715.8,5,5,0,0,143,143,0,-,-,-,0%,0
Meta Ads,,FaceBook_University_Admit,2026-02-04,F_UA01_{UG All Colleges V01.1},F_UA01_{UG All Colleges} {INT 01} {V02},98.64,,0,0,0,99,99,0,-,-,-,0%,0
Meta Ads,,FaceBook_University_Admit,2026-02-04,F_UA01_{UG All Colleges V02.1},F_UA01_{UG All Colleges V02}{INT01}_C02,798.59,19,13,1,0,42,61,0,798.59,-,-,32%,0
Meta Ads,,FaceBook_University_Admit,2026-02-04,F_UA1_All Colleges_MBA_Aryan v1.1,F_UA1_All Colleges_MBA_Aryan (INT 01)_ 1.4,788.42,8,8,0,0,99,99,0,-,-,-,0%,0
Meta Ads,,FaceBook_University_Admit,2026-02-04,F_UA01_{UG All Colleges V03.1},F_UA01_{UG All Colleges 3.1} {INT 01} {C1.3},751.32,5,4,2,1,150,188,8750,375.66,751.32,8.59%,20%,26250
Meta Ads,,FaceBook_University_Admit,2026-02-04,F_UA01_{UG All Colleges V04.1},F_UA01_{UG All Colleges V04}{INT01}_C01,595.51,4,3,0,0,149,199,0,-,-,-,25%,0
Meta Ads,,FaceBook_University_Admit,2026-02-04,F_UA01_{UG All Colleges V04.1},F_UA01_{UG All Colleges V04}{INT01}_C02,113.51,2,2,0,0,57,57,0,-,-,-,0%,0
Meta Ads,,FaceBook_University_Admit,2026-02-04,F_UA01_{UG All Colleges V04.1},F_UA01_{UG All Colleges V04}{INT01}_C03,224.82,3,2,0,0,75,112,0,-,-,-,33%,0
Meta Ads,,FaceBook_University_Admit,2026-02-04,F_UA01_{UG All Colleges V02.1},F_UA01_{UG All Colleges V02}{INT01}_C05,12.59,,1,0,0,13,13,0,-,-,-,0%,0
Meta Ads,,FaceBook_University_Admit,2026-02-04,F_UA01_{UG All Colleges V04.1},F_UA01_{UG All Colleges V04}{INT01}_C04,19.66,1,1,0,0,20,20,0,-,-,-,0%,0
Meta Ads,,FaceBook_University_Admit,2026-02-04,F_UA01_{UG All Colleges V03.1},F_UA01_{UG All Colleges 3.1} {INT 01} {C1.4),17.5,1,0,0,0,18,18,0,-,-,-,100%,0
Meta Ads,,FaceBook_University_Admit,2026-02-04,F_UA01_{MBA In DM V01.1},F_UA01_INT 01_{MBA In DM V01.1} 01,80.61,,0,0,0,81,81,0,-,-,-,0%,0
Meta Ads,,FaceBook_University_Admit,2026-02-04,F_UA01_{MBA In DM V01.1},F_UA01_INT 01_{MBA In DM V01.1} 03,110.98,,0,0,0,111,111,0,-,-,-,0%,0
Meta Ads,,FaceBook_University_Admit,2026-02-04,F_UA01_{MBA In DM V01.1},F_UA01_INT 01_{MBA In DM V01.1} 04,55.8,,0,0,0,56,56,0,-,-,-,0%,0
Meta Ads,,FaceBook_University_Admit,2026-02-04,F_UA01_{MBA In DM V01.1},F_UA01_INT 01_{MBA In DM V01.1} 05,346.61,3,2,0,0,116,173,0,-,-,-,33%,0
Meta Ads,,FaceBook_University_Admit,2026-02-04,F_UA01_{MBA In DM V01.1},F_UA01_INT 01_{MBA In DM V01.1} 06,36.79,,0,0,0,37,37,0,-,-,-,0%,0
Meta Ads,,FaceBook_University_Admit,2026-02-04,F_UA01_{MBA In DM V01.1},F_UA01_INT 01_{MBA In DM V01.1} 02,29.42,,0,0,0,29,29,0,-,-,-,0%,0
Meta Ads,,FaceBook_University_Admit,2026-02-04,F_UA01_{UG All Colleges Punjab V1},F_UA01_{UG All Colleges V02}{INT01}_C04,42.22,,0,0,0,42,42,0,-,-,-,0%,0
Meta Ads,,FaceBook_University_Admit,2026-02-04,F_UA01_{UG All Colleges Punjab V1},F_UA01_{UG All Colleges V02}{INT01}_C05,134.04,1,1,0,0,134,134,0,-,-,-,0%,0
Meta Ads,,FaceBook_University_Admit,2026-02-04,F_UA01_{UG All Colleges Punjab V1},F_UA01_{UG All Colleges V02}{INT01}_C03,199.03,1,1,0,0,199,199,0,-,-,-,0%,0
Meta Ads,,FaceBook_University_Admit,2026-02-04,F_UA01_{MBA In Data Science V01.1},F_UA01_{MBA In Data Science V01.1} {INT 01} C01,22.89,,0,0,0,23,23,0,-,-,-,0%,0
Meta Ads,,FaceBook_University_Admit,2026-02-04,F_UA01_{MBA In Data Science V01.1},F_UA01_{MBA In Data Science V01.1} {INT 01} C02,91.06,1,1,0,0,91,91,0,-,-,-,0%,0
Meta Ads,,FaceBook_University_Admit,2026-02-04,F_UA01_{MBA In Data Science V01.1},F_UA01_{MBA In Data Science V01.1} {INT 01} C03,12.51,,0,0,0,13,13,0,-,-,-,0%,0
Meta Ads,,FaceBook_University_Admit,2026-02-04,F_UA01_{MBA In Data Science V01.1},F_UA01_{MBA In Data Science V01.1} {INT 01} C04,100.13,,0,0,0,100,100,0,-,-,-,0%,0
Meta Ads,,FaceBook_Degreefyd_B,2026-02-04,UG_Online_Admission_2026,UG_Online_Admission_Ad_Set01_Ad02,1105.23,8,5,0,0,138,221,0,-,-,-,38%,0
Meta Ads,,FaceBook_Degreefyd_B,2026-02-04,DUSOL_Online_Courses_Admission_DFYD,DUSOL_Online_Courses_Admission_DFYD_Delhi_NCR_Ad01,444.63,32,27,0,0,14,16,0,-,-,-,16%,0
Meta Ads,,FaceBook_Degreefyd_B,2026-02-04,IGNOU_Online_Courses_Admission_DFYD,IGNOU_Online_Courses_Admission_DFYD_Delhi_NCR_Ad01,434.22,13,7,0,0,33,62,0,-,-,-,46%,0
Meta Ads,,FaceBook_Degreefyd_B,2026-02-04,IGNOU_Online_Courses_Admission_DFYD,IGNOU_Online_Courses_Admission_DFYD_Rest_Ad01,444.51,15,14,0,0,30,32,0,-,-,-,7%,0
Meta Ads,,FaceBook_Degreefyd_B,2026-02-04,Galgotias_Lead_2026,Galgotias_Leads_2026_P_Ad_01,565.12,10,7,0,0,57,81,0,-,-,-,30%,0
Google Ads,Brand,Amity_Partner_001,2026-02-04,Partner_Amity_Online_2026,23228113322,553.97,1,1,0,0,554,554,0,-,-,-,0%,0
Google Ads,Brand,EP_Partner_Amity_Online_DFYD,2026-02-04,Amity_Online_Admission_COS,23492797149,154.6,0,0,0,0,155,155,0,-,-,-,0%,0
Google Ads,DSA,Core_Online_DSA,2026-02-04,DSA_Admission_Core_Online_Colleges_Courses,23500139647,83.38,2,1,0,0,42,83,0,-,-,-,50%,0
Google Ads,DSA,Degreefyd_Generic_Regular,2026-02-04,DSA_Admission_Online_Distance,23349276370,1210.68,29,26,0,0,42,47,0,-,-,-,10%,0
Google Ads,Brand,EP_CU_Online_DFYD,2026-02-04,CU_Online_Admission_Delta,23502437890,195.36,2,2,0,0,98,98,0,-,-,-,0%,0
Google Ads,Brand,EP_Partner_LPU_Online_DFYD,2026-02-04,LPU_Online_Delta,23512571403,1547.94,3,3,0,0,516,516,0,-,-,-,0%,0
Meta Ads,,FaceBook_University_Admit,2026-02-05,F_UA01_{UG All Colleges V01.1},F_UA01_{UG All Colleges} {INT 01} {V01},5.67,,0,0,0,6,6,0,-,-,-,0%,0
Meta Ads,,FaceBook_University_Admit,2026-02-05,F_UA01_{UG All Colleges V02.1},F_UA01_{UG All Colleges V02}{INT01}_C03,0.66,,1,0,0,1,1,0,-,-,-,0%,0
Meta Ads,,FaceBook_University_Admit,2026-02-05,F_UA01_{UG All Colleges V02.1},F_UA01_{UG All Colleges V02}{INT01}_C02,12.7,1,1,0,0,13,13,0,-,-,-,0%,0
Meta Ads,,FaceBook_University_Admit,2026-02-05,F_UA1_All Colleges_MBA_Aryan v1.1,F_UA1_All Colleges_MBA_Aryan (INT 01)_ 1.4,831.46,9,9,1,1,92,92,19250,831.46,831.46,4.32%,0%,38500
Meta Ads,,FaceBook_University_Admit,2026-02-05,F_UA01_{UG All Colleges V03.1},F_UA01_{UG All Colleges 3.1} {INT 01} {C1.1},3.67,,0,0,0,4,4,0,-,-,-,0%,0
Meta Ads,,FaceBook_University_Admit,2026-02-05,F_UA01_{UG All Colleges V03.1},F_UA01_{UG All Colleges 3.1} {INT 01} {C1.2},0.01,,0,0,0,0,0,0,-,-,-,0%,0
Meta Ads,,FaceBook_University_Admit,2026-02-05,F_UA01_{UG All Colleges V03.1},F_UA01_{UG All Colleges 3.1} {INT 01} {C1.3},315.93,2,2,0,0,158,158,0,-,-,-,0%,0
Meta Ads,,FaceBook_University_Admit,2026-02-05,F_UA01_{UG All Colleges V04.1},F_UA01_{UG All Colleges V04}{INT01}_C01,197.38,1,1,0,0,197,197,0,-,-,-,0%,0
Meta Ads,,FaceBook_University_Admit,2026-02-05,F_UA01_{UG All Colleges V04.1},F_UA01_{UG All Colleges V04}{INT01}_C02,189.67,,0,0,0,190,190,0,-,-,-,0%,0
Meta Ads,,FaceBook_University_Admit,2026-02-05,F_UA01_{UG All Colleges V04.1},F_UA01_{UG All Colleges V04}{INT01}_C03,478.99,3,2,0,0,160,239,0,-,-,-,33%,0
Meta Ads,,FaceBook_University_Admit,2026-02-05,F_UA01_{UG All Colleges V04.1},F_UA01_{UG All Colleges V04}{INT01}_C04,44.79,1,0,0,0,45,45,0,-,-,-,100%,0
Meta Ads,,FaceBook_University_Admit,2026-02-05,F_UA01_{UG All Colleges V03.1},F_UA01_{UG All Colleges 3.1} {INT 01} {C1.4),555.07,5,4,0,0,111,139,0,-,-,-,20%,0
Meta Ads,,FaceBook_University_Admit,2026-02-05,F_UA01_{MBA In DM V01.1},F_UA01_INT 01_{MBA In DM V01.1} 01,7.91,,0,0,0,8,8,0,-,-,-,0%,0
Meta Ads,,FaceBook_University_Admit,2026-02-05,F_UA01_{MBA In DM V01.1},F_UA01_INT 01_{MBA In DM V01.1} 03,39.8,,0,0,0,40,40,0,-,-,-,0%,0
Meta Ads,,FaceBook_University_Admit,2026-02-05,F_UA01_{MBA In DM V01.1},F_UA01_INT 01_{MBA In DM V01.1} 04,4.5,,0,0,0,5,5,0,-,-,-,0%,0
Meta Ads,,FaceBook_University_Admit,2026-02-05,F_UA01_{MBA In DM V01.1},F_UA01_INT 01_{MBA In DM V01.1} 05,775.98,4,3,0,0,194,259,0,-,-,-,25%,0
Meta Ads,,FaceBook_University_Admit,2026-02-05,F_UA01_{MBA In DM V01.1},F_UA01_INT 01_{MBA In DM V01.1} 06,15.95,,0,0,0,16,16,0,-,-,-,0%,0
Meta Ads,,FaceBook_University_Admit,2026-02-05,F_UA01_{MBA In DM V01.1},F_UA01_INT 01_{MBA In DM V01.1} 02,11.85,,0,0,0,12,12,0,-,-,-,0%,0
Meta Ads,,FaceBook_University_Admit,2026-02-05,F_UA01_{UG All Colleges Punjab V1},F_UA01_{UG All Colleges V02}{INT01}_C04,67.88,1,1,1,1,68,68,8750,67.88,67.88,0.78%,0%,26250
Meta Ads,,FaceBook_University_Admit,2026-02-05,F_UA01_{UG All Colleges Punjab V1},F_UA01_{UG All Colleges V02}{INT01}_C05,241.25,1,0,0,0,241,241,0,-,-,-,100%,0
Meta Ads,,FaceBook_University_Admit,2026-02-05,F_UA01_{UG All Colleges Punjab V1},F_UA01_{UG All Colleges V02}{INT01}_C03,329.38,1,1,0,0,329,329,0,-,-,-,0%,0
Meta Ads,,FaceBook_University_Admit,2026-02-05,F_UA01_{MBA In Data Science V01.1},F_UA01_{MBA In Data Science V01.1} {INT 01} C01,95.29,,0,0,0,95,95,0,-,-,-,0%,0
Meta Ads,,FaceBook_University_Admit,2026-02-05,F_UA01_{MBA In Data Science V01.1},F_UA01_{MBA In Data Science V01.1} {INT 01} C02,351.1,1,1,0,0,351,351,0,-,-,-,0%,0
Meta Ads,,FaceBook_University_Admit,2026-02-05,F_UA01_{MBA In Data Science V01.1},F_UA01_{MBA In Data Science V01.1} {INT 01} C03,59.28,,0,0,0,59,59,0,-,-,-,0%,0
Meta Ads,,FaceBook_University_Admit,2026-02-05,F_UA01_{MBA In Data Science V01.1},F_UA01_{MBA In Data Science V01.1} {INT 01} C04,145.53,1,1,0,0,146,146,0,-,-,-,0%,0
Meta Ads,,FaceBook_University_Admit,2026-02-05,F_UA01_{UG All Colleges V02.1},F_UA01_{UG All Colleges V02}{INT01}_C06,707.27,2,2,0,0,354,354,0,-,-,-,0%,0
Meta Ads,,FaceBook_Degreefyd_B,2026-02-05,UG_Online_Admission_2026,UG_Online_Admission_Ad_Set01_Ad02,1110.85,30,26,1,1,37,43,5775,1110.85,1110.85,19.24%,13%,34650
Meta Ads,,FaceBook_Degreefyd_B,2026-02-05,DUSOL_Online_Courses_Admission_DFYD,DUSOL_Online_Courses_Admission_DFYD_Delhi_NCR_Ad01,441.09,23,21,0,0,19,21,0,-,-,-,9%,0
Meta Ads,,FaceBook_Degreefyd_B,2026-02-05,IGNOU_Online_Courses_Admission_DFYD,IGNOU_Online_Courses_Admission_DFYD_Delhi_NCR_Ad01,446.3,8,6,0,0,56,74,0,-,-,-,25%,0
Meta Ads,,FaceBook_Degreefyd_B,2026-02-05,IGNOU_Online_Courses_Admission_DFYD,IGNOU_Online_Courses_Admission_DFYD_Rest_Ad01,452.37,15,13,1,0,30,35,0,452.37,-,-,13%,0
Meta Ads,,FaceBook_Degreefyd_B,2026-02-05,Galgotias_Lead_2026,Galgotias_Leads_2026_P_Ad_01,575.57,9,7,2,2,64,82,33000,287.785,287.785,1.74%,22%,66000
Google Ads,Brand,Amity_Partner_001,2026-02-05,Partner_Amity_Online_2026,23228113322,9596.25,26,23,2,0,369,417,0,4798.125,-,-,12%,0
Google Ads,Brand,EP_CU_Online_DFYD,2026-02-05,CU_Online_Admission_Delta,23502437890,658.16,4,3,0,0,165,219,0,-,-,-,25%,0
Google Ads,DSA,Core_Online_DSA,2026-02-05,DSA_Admission_Core_Online_Colleges_Courses,23500139647,58.31,1,1,0,0,58,58,0,-,-,-,0%,0
Google Ads,Brand,EP_Partner_LPU_Online_DFYD,2026-02-05,LPU_Online_Delta,23512571403,748.03,1,1,0,0,748,748,0,-,-,-,0%,0
Google Ads,Brand,EP_Partnere_Shoolini_DFYD,2026-02-05,Shoolini_Online_Delta,23534722448,265.54,0,0,0,0,266,266,0,-,-,-,0%,0
Google Ads,Brand,EP_Partner_Amity_Online_DFYD,2026-02-05,Amity_Online_Admission_COS,23492797149,162.01,2,2,1,1,81,81,4908.75,162.01,162.01,3.30%,0%,33783.75
Google Ads,DSA,Degreefyd_Generic_Regular,2026-02-05,DSA_Admission_Online_Distance,23349276370,1197.3,31,27,0,0,39,44,0,-,-,-,13%,0
Meta Ads,,FaceBook_University_Admit,2026-02-06,F_UA1_All Colleges_MBA_Aryan v1.1,F_UA1_All Colleges_MBA_Aryan (INT 01)_ 1.4,723.54,7,7,0,0,103,103,0,-,-,-,0%,0
Meta Ads,,FaceBook_University_Admit,2026-02-06,F_UA01_{UG All Colleges V03.1},F_UA01_{UG All Colleges 3.1} {INT 01} {C1.2},5.43,,0,0,0,5,5,0,-,-,-,0%,0
Meta Ads,,FaceBook_University_Admit,2026-02-06,F_UA01_{UG All Colleges V04.1},F_UA01_{UG All Colleges V04}{INT01}_C02,209.2,1,1,0,0,209,209,0,-,-,-,0%,0
Meta Ads,,FaceBook_University_Admit,2026-02-06,F_UA01_{UG All Colleges V04.1},F_UA01_{UG All Colleges V04}{INT01}_C03,409.14,3,2,0,0,136,205,0,-,-,-,33%,0
Meta Ads,,FaceBook_University_Admit,2026-02-06,F_UA01_{UG All Colleges V02.1},F_UA01_{UG All Colleges V02}{INT01}_C05,102.84,,0,0,0,103,103,0,-,-,-,0%,0
Meta Ads,,FaceBook_University_Admit,2026-02-06,F_UA01_{UG All Colleges V04.1},F_UA01_{UG All Colleges V04}{INT01}_C04,242.41,1,2,0,0,242,121,0,-,-,-,-100%,0
Meta Ads,,FaceBook_University_Admit,2026-02-06,F_UA01_{UG All Colleges V03.1},F_UA01_{UG All Colleges 3.1} {INT 01} {C1.4),648.37,4,2,0,0,162,324,0,-,-,-,50%,0
Meta Ads,,FaceBook_University_Admit,2026-02-06,F_UA01_{MBA In DM V01.1},F_UA01_INT 01_{MBA In DM V01.1} 01,2.69,,0,0,0,3,3,0,-,-,-,0%,0
Meta Ads,,FaceBook_University_Admit,2026-02-06,F_UA01_{MBA In DM V01.1},F_UA01_INT 01_{MBA In DM V01.1} 03,11.92,,0,0,0,12,12,0,-,-,-,0%,0
Meta Ads,,FaceBook_University_Admit,2026-02-06,F_UA01_{MBA In DM V01.1},F_UA01_INT 01_{MBA In DM V01.1} 04,4.48,,0,0,0,4,4,0,-,-,-,0%,0
Meta Ads,,FaceBook_University_Admit,2026-02-06,F_UA01_{MBA In DM V01.1},F_UA01_INT 01_{MBA In DM V01.1} 05,445.05,1,1,0,0,445,445,0,-,-,-,0%,0
Meta Ads,,FaceBook_University_Admit,2026-02-06,F_UA01_{MBA In DM V01.1},F_UA01_INT 01_{MBA In DM V01.1} 06,1.27,,0,0,0,1,1,0,-,-,-,0%,0
Meta Ads,,FaceBook_University_Admit,2026-02-06,F_UA01_{UG All Colleges Punjab V1},F_UA01_{UG All Colleges V02}{INT01}_C04,24.14,,0,0,0,24,24,0,-,-,-,0%,0
Meta Ads,,FaceBook_University_Admit,2026-02-06,F_UA01_{UG All Colleges Punjab V1},F_UA01_{UG All Colleges V02}{INT01}_C05,155.02,,0,0,0,155,155,0,-,-,-,0%,0
Meta Ads,,FaceBook_University_Admit,2026-02-06,F_UA01_{UG All Colleges Punjab V1},F_UA01_{UG All Colleges V02}{INT01}_C03,332.45,1,1,0,0,332,332,0,-,-,-,0%,0
Meta Ads,,FaceBook_University_Admit,2026-02-06,F_UA01_{MBA In Data Science V01.1},F_UA01_{MBA In Data Science V01.1} {INT 01} C01,73.22,,0,0,0,73,73,0,-,-,-,0%,0
Meta Ads,,FaceBook_University_Admit,2026-02-06,F_UA01_{MBA In Data Science V01.1},F_UA01_{MBA In Data Science V01.1} {INT 01} C02,114.26,,0,0,0,114,114,0,-,-,-,0%,0
Meta Ads,,FaceBook_University_Admit,2026-02-06,F_UA01_{MBA In Data Science V01.1},F_UA01_{MBA In Data Science V01.1} {INT 01} C03,22.29,,0,0,0,22,22,0,-,-,-,0%,0
Meta Ads,,FaceBook_University_Admit,2026-02-06,F_UA01_{MBA In Data Science V01.1},F_UA01_{MBA In Data Science V01.1} {INT 01} C04,81.74,,0,0,0,82,82,0,-,-,-,0%,0
Meta Ads,,FaceBook_University_Admit,2026-02-06,F_UA01_{UG All Colleges V02.1},F_UA01_{UG All Colleges V02}{INT01}_C06,711.29,12,12,0,0,59,59,0,-,-,-,0%,0
Meta Ads,,FaceBook_Degreefyd_B,2026-02-06,UG_Online_Admission_2026,UG_Online_Admission_Ad_Set01_Ad02,1021.87,25,21,0,0,41,49,0,-,-,-,16%,0
Meta Ads,,FaceBook_Degreefyd_B,2026-02-06,DUSOL_Online_Courses_Admission_DFYD,DUSOL_Online_Courses_Admission_DFYD_Delhi_NCR_Ad01,427.27,17,16,0,0,25,27,0,-,-,-,6%,0
Meta Ads,,FaceBook_Degreefyd_B,2026-02-06,IGNOU_Online_Courses_Admission_DFYD,IGNOU_Online_Courses_Admission_DFYD_Delhi_NCR_Ad01,392.56,6,7,0,0,65,56,0,-,-,-,-17%,0
Meta Ads,,FaceBook_Degreefyd_B,2026-02-06,IGNOU_Online_Courses_Admission_DFYD,IGNOU_Online_Courses_Admission_DFYD_Rest_Ad01,415.05,14,11,0,0,30,38,0,-,-,-,21%,0
Meta Ads,,FaceBook_Degreefyd_B,2026-02-06,Galgotias_Lead_2026,Galgotias_Leads_2026_P_Ad_01,486.7,13,12,0,0,37,41,0,-,-,-,8%,0
Google Ads,Brand,EP_Partnere_Shoolini_DFYD,2026-02-06,Shoolini_Online_Delta,23534722448,801.06,0,0,0,0,801,801,0,-,-,-,0%,0
Google Ads,Brand,EP_CU_Online_DFYD,2026-02-06,CU_Online_Admission_Delta,23502437890,475.89,2,2,0,0,238,238,0,-,-,-,0%,0
Google Ads,Brand,EP_Partner_Amity_Online_DFYD,2026-02-06,Amity_Online_Admission_COS,23492797149,205.64,0,0,0,0,206,206,0,-,-,-,0%,0
Google Ads,DSA,Degreefyd_Generic_Regular,2026-02-06,DSA_Admission_Online_Distance,23349276370,1367.78,52,42,1,0,26,33,0,1367.78,-,-,19%,0
Google Ads,DSA,Core_Online_DSA,2026-02-06,DSA_Admission_Core_Online_Colleges_Courses,23500139647,38.25,1,1,0,0,38,38,0,-,-,-,0%,0
Google Ads,Brand,EP_Partner_LPU_Online_DFYD,2026-02-06,LPU_Online_Delta,23512571403,714.55,2,2,1,0,357,357,0,714.55,-,-,0%,0
Google Ads,Brand,Amity_Partner_001,2026-02-06,Partner_Amity_Online_2026,23228113322,3494.24,12,10,1,1,291,349,4375,3494.24,3494.24,79.87%,17%,26250
Meta Ads,,FaceBook_University_Admit,2026-02-07,F_UA1_All Colleges_MBA_Aryan v1.1,F_UA1_All Colleges_MBA_Aryan (INT 01)_ 1.4,723.29,7,5,0,0,103,145,0,-,-,-,29%,0
Meta Ads,,FaceBook_University_Admit,2026-02-07,F_UA01_{UG All Colleges V04.1},F_UA01_{UG All Colleges V04}{INT01}_C02,209.3,1,1,1,0,209,209,0,209.3,-,-,0%,0
Meta Ads,,FaceBook_University_Admit,2026-02-07,F_UA01_{UG All Colleges V04.1},F_UA01_{UG All Colleges V04}{INT01}_C03,255.6,,0,0,0,256,256,0,-,-,-,0%,0
Meta Ads,,FaceBook_University_Admit,2026-02-07,F_UA01_{UG All Colleges V02.1},F_UA01_{UG All Colleges V02}{INT01}_C05,0.03,,0,0,0,0,0,0,-,-,-,0%,0
Meta Ads,,FaceBook_University_Admit,2026-02-07,F_UA01_{UG All Colleges V04.1},F_UA01_{UG All Colleges V04}{INT01}_C04,311.94,,0,0,0,312,312,0,-,-,-,0%,0
Meta Ads,,FaceBook_University_Admit,2026-02-07,F_UA01_{UG All Colleges V03.1},F_UA01_{UG All Colleges 3.1} {INT 01} {C1.4),712.67,7,6,0,0,102,119,0,-,-,-,14%,0
Meta Ads,,FaceBook_University_Admit,2026-02-07,F_UA01_{UG All Colleges Punjab V1},F_UA01_{UG All Colleges V02}{INT01}_C04,16.57,,0,0,0,17,17,0,-,-,-,0%,0
Meta Ads,,FaceBook_University_Admit,2026-02-07,F_UA01_{UG All Colleges Punjab V1},F_UA01_{UG All Colleges V02}{INT01}_C05,132.89,,0,0,0,133,133,0,-,-,-,0%,0
Meta Ads,,FaceBook_University_Admit,2026-02-07,F_UA01_{UG All Colleges Punjab V1},F_UA01_{UG All Colleges V02}{INT01}_C03,390.61,2,2,0,0,195,195,0,-,-,-,0%,0
Meta Ads,,FaceBook_University_Admit,2026-02-07,F_UA01_{UG All Colleges V02.1},F_UA01_{UG All Colleges V02}{INT01}_C06,719.45,9,8,0,0,80,90,0,-,-,-,11%,0
Meta Ads,,FaceBook_University_Admit,2026-02-08,F_UA1_All Colleges_MBA_Aryan v1.1,F_UA1_All Colleges_MBA_Aryan (INT 01)_ 1.1,0.23,,0,0,0,0,0,0,-,-,-,0%,0
Meta Ads,,FaceBook_University_Admit,2026-02-08,F_UA1_All Colleges_MBA_Aryan v1.1,F_UA1_All Colleges_MBA_Aryan (INT 01)_ 1.3,0.27,,0,0,0,0,0,0,-,-,-,0%,0
Meta Ads,,FaceBook_University_Admit,2026-02-08,F_UA1_All Colleges_MBA_Aryan v1.1,F_UA1_All Colleges_MBA_Aryan (INT 01)_ 1.4,914.28,9,7,0,0,102,131,0,-,-,-,22%,0
Meta Ads,,FaceBook_University_Admit,2026-02-08,F_UA01_{UG All Colleges V04.1},F_UA01_{UG All Colleges V04}{INT01}_C02,273.26,1,1,0,0,273,273,0,-,-,-,0%,0
Meta Ads,,FaceBook_University_Admit,2026-02-08,F_UA01_{UG All Colleges V04.1},F_UA01_{UG All Colleges V04}{INT01}_C03,286.39,1,1,0,0,286,286,0,-,-,-,0%,0
Meta Ads,,FaceBook_University_Admit,2026-02-08,F_UA01_{UG All Colleges V02.1},F_UA01_{UG All Colleges V02}{INT01}_C05,2.02,,0,0,0,2,2,0,-,-,-,0%,0
Meta Ads,,FaceBook_University_Admit,2026-02-08,F_UA01_{UG All Colleges V04.1},F_UA01_{UG All Colleges V04}{INT01}_C04,145.54,2,2,0,0,73,73,0,-,-,-,0%,0
Meta Ads,,FaceBook_University_Admit,2026-02-08,F_UA01_{UG All Colleges V03.1},F_UA01_{UG All Colleges 3.1} {INT 01} {C1.4),953.2,7,7,0,0,136,136,0,-,-,-,0%,0
Meta Ads,,FaceBook_University_Admit,2026-02-08,F_UA01_{UG All Colleges Punjab V1},F_UA01_{UG All Colleges V02}{INT01}_C04,19.18,,0,0,0,19,19,0,-,-,-,0%,0
Meta Ads,,FaceBook_University_Admit,2026-02-08,F_UA01_{UG All Colleges Punjab V1},F_UA01_{UG All Colleges V02}{INT01}_C05,129.33,1,0,0,0,129,129,0,-,-,-,100%,0
Meta Ads,,FaceBook_University_Admit,2026-02-08,F_UA01_{UG All Colleges Punjab V1},F_UA01_{UG All Colleges V02}{INT01}_C03,575.15,5,5,0,0,115,115,0,-,-,-,0%,0
Meta Ads,,FaceBook_University_Admit,2026-02-08,F_UA01_{UG All Colleges V02.1},F_UA01_{UG All Colleges V02}{INT01}_C06,899.36,9,10,0,0,100,90,0,-,-,-,-11%,0
Meta Ads,,FaceBook_University_Admit,2026-02-08,F_UA1_All Colleges_MBA_Aryan v1.3,F_UA1_All Colleges_MBA_Aryan V1.3 (INT 01)_ 1.4,14.89,,0,0,0,15,15,0,-,-,-,0%,0
Meta Ads,,FaceBook_University_Admit,2026-02-08,F_UA1_All Colleges_MBA_Aryan v1.3,F_UA1_All Colleges_MBA_Aryan V1.3 (INT 01)_ 1.3,39.85,,0,0,0,40,40,0,-,-,-,0%,0
Meta Ads,,FaceBook_University_Admit,2026-02-08,F_UA1_All Colleges_MBA_Aryan v1.3,F_UA1_All Colleges_MBA_Aryan V1.3 (INT 01)_ 1.1,216.23,2,2,0,0,108,108,0,-,-,-,0%,0
Meta Ads,,FaceBook_University_Admit,2026-02-08,F_UA1_All Colleges_MBA_Aryan v1.3,F_UA1_All Colleges_MBA_Aryan V1.3 (INT 01)_ 1.2,1.7,,0,0,0,2,2,0,-,-,-,0%,0
Meta Ads,,FaceBook_Degreefyd_B,2026-02-07,UG_Online_Admission_2026,UG_Online_Admission_Ad_Set01_Ad02,1023.21,9,6,0,0,114,171,0,-,-,-,33%,0
Meta Ads,,FaceBook_Degreefyd_B,2026-02-07,DUSOL_Online_Courses_Admission_DFYD,DUSOL_Online_Courses_Admission_DFYD_Delhi_NCR_Ad01,413.82,15,15,0,0,28,28,0,-,-,-,0%,0
Meta Ads,,FaceBook_Degreefyd_B,2026-02-07,IGNOU_Online_Courses_Admission_DFYD,IGNOU_Online_Courses_Admission_DFYD_Delhi_NCR_Ad01,415.89,13,11,0,0,32,38,0,-,-,-,15%,0
Meta Ads,,FaceBook_Degreefyd_B,2026-02-07,IGNOU_Online_Courses_Admission_DFYD,IGNOU_Online_Courses_Admission_DFYD_Rest_Ad01,415.56,11,8,2,2,38,52,15750,207.78,207.78,2.64%,27%,94500
Meta Ads,,FaceBook_Degreefyd_B,2026-02-07,Galgotias_Lead_2026,Galgotias_Leads_2026_P_Ad_01,492.33,9,7,0,0,55,70,0,-,-,-,22%,0
Meta Ads,,FaceBook_Degreefyd_B,2026-02-07,Punjab_Online_Admission,Punjab_Online_Admission_Inst_UG_P,96.83,1,1,0,0,97,97,0,-,-,-,0%,0
Meta Ads,,FaceBook_Degreefyd_B,2026-02-08,UG_Online_Admission_2026,UG_Online_Admission_Ad_Set01_Ad02,1174.56,25,20,0,0,47,59,0,-,-,-,20%,0
Meta Ads,,FaceBook_Degreefyd_B,2026-02-08,DUSOL_Online_Courses_Admission_DFYD,DUSOL_Online_Courses_Admission_DFYD_Delhi_NCR_Ad01,477.85,25,23,0,0,19,21,0,-,-,-,8%,0
Meta Ads,,FaceBook_Degreefyd_B,2026-02-08,IGNOU_Online_Courses_Admission_DFYD,IGNOU_Online_Courses_Admission_DFYD_Delhi_NCR_Ad01,520.6,13,10,0,0,40,52,0,-,-,-,23%,0
Meta Ads,,FaceBook_Degreefyd_B,2026-02-08,IGNOU_Online_Courses_Admission_DFYD,IGNOU_Online_Courses_Admission_DFYD_Rest_Ad01,507.34,13,15,1,1,39,34,11500,507.34,507.34,4.41%,-15%,34500
Meta Ads,,FaceBook_Degreefyd_B,2026-02-08,Galgotias_Lead_2026,Galgotias_Leads_2026_P_Ad_01,700.65,12,13,1,1,58,54,18500,700.65,700.65,3.79%,-8%,37000
Meta Ads,,FaceBook_Degreefyd_B,2026-02-08,Punjab_Online_Admission,Punjab_Online_Admission_Inst_UG_P,345.28,3,1,0,0,115,345,0,-,-,-,67%,0
Google Ads,Brand,EP_CU_Online_DFYD,2026-02-07,CU_Online_Admission_Delta,23502437890,499.1,1,1,0,0,499,499,0,-,-,-,0%,0
Google Ads,DSA,Degreefyd_Generic_Regular,2026-02-07,DSA_Admission_Online_Distance,23349276370,1585.7,39,32,1,0,41,50,0,1585.7,-,-,18%,0
Google Ads,Brand,Amity_Partner_001,2026-02-07,Partner_Amity_Online_2026,23228113322,3100.21,15,12,1,1,207,258,17412.5,3100.21,3100.21,17.80%,20%,69650
Google Ads,Brand,EP_Partnere_Shoolini_DFYD,2026-02-07,Shoolini_Online_Delta,23534722448,246.39,1,1,0,0,246,246,0,-,-,-,0%,0
Google Ads,Brand,EP_Partner_Amity_Online_DFYD,2026-02-07,Amity_Online_Admission_COS,23492797149,403.1,0,,0,0,403,403,0,-,-,-,0%,0
Google Ads,DSA,Core_Online_DSA,2026-02-07,DSA_Admission_Core_Online_Colleges_Courses,23500139647,87.28,2,2,0,0,44,44,0,-,-,-,0%,0
Google Ads,Brand,EP_Partner_LPU_Online_DFYD,2026-02-07,LPU_Online_Delta,23512571403,432.61,0,,0,0,433,433,0,-,-,-,0%,0
Google Ads,Brand,EP_CU_Online_DFYD,2026-02-08,CU_Online_Admission_Delta,23502437890,1141.01,3,3,0,0,380,380,0,-,-,-,0%,0
Google Ads,DSA,Degreefyd_Generic_Regular,2026-02-08,DSA_Admission_Online_Distance,23349276370,1255.49,31,27,1,1,40,46,60000,1255.49,1255.49,2.09%,13%,60000
Google Ads,Brand,Amity_Partner_001,2026-02-08,Partner_Amity_Online_2026,23228113322,5345.73,21,20,1,0,255,267,0,5345.73,-,-,5%,0
Google Ads,Brand,EP_Partnere_Shoolini_DFYD,2026-02-08,Shoolini_Online_Delta,23534722448,87.39,0,,0,0,87,87,0,-,-,-,0%,0
Google Ads,Brand,EP_Partner_Amity_Online_DFYD,2026-02-08,Amity_Online_Admission_COS,23492797149,209.54,0,,0,0,210,210,0,-,-,-,0%,0
Google Ads,DSA,Core_Online_DSA,2026-02-08,DSA_Admission_Core_Online_Colleges_Courses,23500139647,44.75,0,,0,0,45,45,0,-,-,-,0%,0
Google Ads,Brand,EP_Partner_LPU_Online_DFYD,2026-02-08,LPU_Online_Delta,23512571403,962.13,2,2,0,0,481,1,0,-,-,-,0%,0
Meta Ads,,FaceBook_University_Admit,2026-02-09,F_UA1_All Colleges_MBA_Aryan v1.1,F_UA1_All Colleges_MBA_Aryan (INT 01)_ 1.1,0.22,,0,0,0,0,,0,-,-,-,0%,0
Meta Ads,,FaceBook_University_Admit,2026-02-09,F_UA1_All Colleges_MBA_Aryan v1.1,F_UA1_All Colleges_MBA_Aryan (INT 01)_ 1.4,893.9,9,7,0,0,99,1,0,-,-,-,22%,0
Meta Ads,,FaceBook_University_Admit,2026-02-09,F_UA01_{UG All Colleges V03.1},F_UA01_{UG All Colleges 3.1} {INT 01} {C1.2},0.16,,1,0,0,0,0,0,-,-,-,0%,0
Meta Ads,,FaceBook_University_Admit,2026-02-09,F_UA01_{UG All Colleges V02.1},F_UA01_{UG All Colleges V02}{INT01}_C05,3.49,,0,0,0,3,,0,-,-,-,0%,0
Meta Ads,,FaceBook_University_Admit,2026-02-09,F_UA01_{UG All Colleges V03.1},F_UA01_{UG All Colleges 3.1} {INT 01} {C1.4),799.26,7,5,0,0,114,1,0,-,-,-,29%,0
Meta Ads,,FaceBook_University_Admit,2026-02-09,F_UA01_{UG All Colleges Punjab V1},F_UA01_{UG All Colleges V02}{INT01}_C04,9.17,,0,0,0,9,,0,-,-,-,0%,0
Meta Ads,,FaceBook_University_Admit,2026-02-09,F_UA01_{UG All Colleges Punjab V1},F_UA01_{UG All Colleges V02}{INT01}_C05,105.31,,0,0,0,105,,0,-,-,-,0%,0
Meta Ads,,FaceBook_University_Admit,2026-02-09,F_UA01_{UG All Colleges Punjab V1},F_UA01_{UG All Colleges V02}{INT01}_C03,501.23,3,3,0,0,167,1,0,-,-,-,0%,0
Meta Ads,,FaceBook_University_Admit,2026-02-09,F_UA01_{UG All Colleges V02.1},F_UA01_{UG All Colleges V02}{INT01}_C06,890.74,8,9,0,0,111,1,0,-,-,-,-13%,0
Meta Ads,,FaceBook_University_Admit,2026-02-09,F_UA1_All Colleges_MBA_Aryan v1.3,F_UA1_All Colleges_MBA_Aryan V1.3 (INT 01)_ 1.4,1.24,,0,0,0,1,,0,-,-,-,0%,0
Meta Ads,,FaceBook_University_Admit,2026-02-09,F_UA1_All Colleges_MBA_Aryan v1.3,F_UA1_All Colleges_MBA_Aryan V1.3 (INT 01)_ 1.3,9.06,,0,0,0,9,,0,-,-,-,0%,0
Meta Ads,,FaceBook_University_Admit,2026-02-09,F_UA1_All Colleges_MBA_Aryan v1.3,F_UA1_All Colleges_MBA_Aryan V1.3 (INT 01)_ 1.1,855.67,5,3,0,0,171,2,0,-,-,-,40%,0
Meta Ads,,FaceBook_University_Admit,2026-02-09,F_UA1_All Colleges_MBA_Aryan v1.3,F_UA1_All Colleges_MBA_Aryan V1.3 (INT 01)_ 1.2,1.25,,0,0,0,1,,0,-,-,-,0%,0
Meta Ads,,FaceBook_University_Admit,2026-02-09,F_UA01_{UG All Colleges V05.1},F_UA01_{UG All Colleges 5.1} {INT 01} {C1.1),314.8,3,3,0,0,105,1,0,-,-,-,0%,0
Meta Ads,,FaceBook_University_Admit,2026-02-09,F_UA01_{UG All Colleges V05.1},F_UA01_{UG All Colleges 3.1} {INT 01} {C1.2},274.14,1,1,0,0,274,1,0,-,-,-,0%,0
Meta Ads,,FaceBook_Degreefyd_B,2026-02-09,UG_Online_Admission_2026,UG_Online_Admission_Ad_Set01_Ad02,1187.98,20,7,0,0,59,3,0,-,-,-,65%,0
Meta Ads,,FaceBook_Degreefyd_B,2026-02-09,DUSOL_Online_Courses_Admission_DFYD,DUSOL_Online_Courses_Admission_DFYD_Delhi_NCR_Ad01,476.37,20,9,0,0,24,2,0,-,-,-,55%,0
Meta Ads,,FaceBook_Degreefyd_B,2026-02-09,IGNOU_Online_Courses_Admission_DFYD,IGNOU_Online_Courses_Admission_DFYD_Delhi_NCR_Ad01,472.53,14,10,0,0,34,1,0,-,-,-,29%,0
Meta Ads,,FaceBook_Degreefyd_B,2026-02-09,IGNOU_Online_Courses_Admission_DFYD,IGNOU_Online_Courses_Admission_DFYD_Rest_Ad01,471.56,9,4,0,0,52,2,0,-,-,-,56%,0
Meta Ads,,FaceBook_Degreefyd_B,2026-02-09,Galgotias_Lead_2026,Galgotias_Leads_2026_P_Ad_01,680.99,9,5,1,1,76,2,13875,680.99,680.99,4.91%,44%,55500
Meta Ads,,FaceBook_Degreefyd_B,2026-02-09,Punjab_Online_Admission,Punjab_Online_Admission_Inst_UG_P,315.88,5,1,0,0,63,5,0,-,-,-,80%,0
Google Ads,DSA,Degreefyd_Generic_Regular,2026-02-09,DSA_Admission_Online_Distance,23349276370,2387.68,70,63,1,0,34,1,0,2387.68,-,-,10%,0
Google Ads,Brand,EP_CU_Online_DFYD,2026-02-09,CU_Online_Admission_Delta,23502437890,1108.22,5.5,6,1,1,201,1,49665,1108.22,1108.22,2.23%,-9%,49665
Google Ads,DSA,Core_Online_DSA,2026-02-09,DSA_Admission_Core_Online_Colleges_Courses,23500139647,60.8,0,0,0,0,61,0,0,-,-,-,0%,0
Google Ads,Brand,EP_Partner_LPU_Online_DFYD,2026-02-09,LPU_Online_Delta,23512571403,1080.44,4,4,0,0,270,1,0,-,-,-,0%,0
Google Ads,Brand,EP_Partner_Amity_Online_DFYD,2026-02-09,Amity_Online_Admission_COS,23492797149,1083.14,1,1,0,0,1083,1,0,-,-,-,0%,0
Google Ads,Brand,EP_Partnere_Shoolini_DFYD,2026-02-09,Shoolini_Online_Delta,23534722448,252.25,1,1,1,1,252,1,20000,252.25,252.25,1.26%,0%,20000
Google Ads,Brand,Amity_Partner_001,2026-02-09,Partner_Amity_Online_2026,23228113322,4027.58,14,14,3,2,288,1,36435,1342.526667,2013.79,11.05%,0%,142222.5
Meta Ads,,FaceBook_University_Admit,2026-02-10,F_UA1_All Colleges_MBA_Aryan v1.1,F_UA1_All Colleges_MBA_Aryan (INT 01)_ 1.4,782.02,6,5,0,0,130,1,0,-,-,-,17%,0
Meta Ads,,FaceBook_University_Admit,2026-02-10,F_UA01_{UG All Colleges V03.1},F_UA01_{UG All Colleges 3.1} {INT 01} {C1.1},1.4,,0,0,0,1,,0,-,-,-,0%,0
Meta Ads,,FaceBook_University_Admit,2026-02-10,F_UA01_{UG All Colleges V03.1},F_UA01_{UG All Colleges 3.1} {INT 01} {C1.4),787.31,6,3,0,0,131,2,0,-,-,-,50%,0
Meta Ads,,FaceBook_University_Admit,2026-02-10,F_UA01_{UG All Colleges Punjab V1},F_UA01_{UG All Colleges V02}{INT01}_C04,16.78,,0,0,0,17,,0,-,-,-,0%,0
Meta Ads,,FaceBook_University_Admit,2026-02-10,F_UA01_{UG All Colleges Punjab V1},F_UA01_{UG All Colleges V02}{INT01}_C05,181.62,2,1,0,0,91,2,0,-,-,-,50%,0
Meta Ads,,FaceBook_University_Admit,2026-02-10,F_UA01_{UG All Colleges Punjab V1},F_UA01_{UG All Colleges V02}{INT01}_C03,369.18,1,1,0,0,369,1,0,-,-,-,0%,0
Meta Ads,,FaceBook_University_Admit,2026-02-10,F_UA01_{UG All Colleges V02.1},F_UA01_{UG All Colleges V02}{INT01}_C06,822.22,8,5,0,0,103,2,0,-,-,-,38%,0
Meta Ads,,FaceBook_University_Admit,2026-02-10,F_UA1_All Colleges_MBA_Aryan v1.3,F_UA1_All Colleges_MBA_Aryan V1.3 (INT 01)_ 1.3,6.74,,0,0,0,7,,0,-,-,-,0%,0
Meta Ads,,FaceBook_University_Admit,2026-02-10,F_UA1_All Colleges_MBA_Aryan v1.3,F_UA1_All Colleges_MBA_Aryan V1.3 (INT 01)_ 1.1,781.96,5,5,0,0,156,1,0,-,-,-,0%,0
Meta Ads,,FaceBook_University_Admit,2026-02-10,F_UA1_All Colleges_MBA_Aryan v1.3,F_UA1_All Colleges_MBA_Aryan V1.3 (INT 01)_ 1.2,0.22,,0,0,0,0,,0,-,-,-,0%,0
Meta Ads,,FaceBook_University_Admit,2026-02-10,F_UA01_{UG All Colleges V05.1},F_UA01_{UG All Colleges 5.1} {INT 01} {C1.1),745.53,3,3,0,0,249,1,0,-,-,-,0%,0
Meta Ads,,FaceBook_University_Admit,2026-02-10,F_UA01_{UG All Colleges V05.1},F_UA01_{UG All Colleges 3.1} {INT 01} {C1.2},49.8,,0,0,0,50,,0,-,-,-,0%,0
Google Ads,Brand,EP_Partner_Amity_Online_DFYD,2026-02-10,Amity_Online_Admission_COS,23492797149,430.8,0,0,0,0,431,0,0,-,-,-,0%,0
Google Ads,DSA,Degreefyd_Generic_Regular,2026-02-10,DSA_Admission_Online_Distance,23349276370,2356.54,45,45,0,0,52,1,0,-,-,-,0%,0
Google Ads,Brand,EP_Partnere_Shoolini_DFYD,2026-02-10,Shoolini_Online_Delta,23534722448,134.5,0,0,0,0,135,0,0,-,-,-,0%,0
Google Ads,Brand,EP_CU_Online_DFYD,2026-02-10,CU_Online_Admission_Delta,23502437890,940.84,3,3,2,2,314,1,14612.5,470.42,470.42,6.44%,0%,74550
Google Ads,Brand,Amity_Partner_001,2026-02-10,Partner_Amity_Online_2026,23228113322,3875.16,10,11,2,1,388,1,4375,1937.58,3875.16,88.58%,-10%,26250
Google Ads,DSA,Core_Online_DSA,2026-02-10,DSA_Admission_Core_Online_Colleges_Courses,23500139647,82.6,0,0,0,0,83,0,0,-,-,-,0%,0
Google Ads,Brand,EP_Partner_LPU_Online_DFYD,2026-02-10,LPU_Online_Delta,23512571403,1230.45,3,2,0,0,410,2,0,-,-,-,33%,0
Meta Ads,,FaceBook_Degreefyd_B,2026-02-10,UG_Online_Admission_2026,UG_Online_Admission_Ad_Set01_Ad02,1020.2,27,,0,0,38,27,0,-,-,-,100%,0
Meta Ads,,FaceBook_Degreefyd_B,2026-02-10,DUSOL_Online_Courses_Admission_DFYD,DUSOL_Online_Courses_Admission_DFYD_Delhi_NCR_Ad01,436.92,18,,0,0,24,18,0,-,-,-,100%,0
Meta Ads,,FaceBook_Degreefyd_B,2026-02-10,IGNOU_Online_Courses_Admission_DFYD,IGNOU_Online_Courses_Admission_DFYD_Delhi_NCR_Ad01,401.09,11,,0,0,36,11,0,-,-,-,100%,0
Meta Ads,,FaceBook_Degreefyd_B,2026-02-10,IGNOU_Online_Courses_Admission_DFYD,IGNOU_Online_Courses_Admission_DFYD_Rest_Ad01,384.34,8,,0,0,48,8,0,-,-,-,100%,0
Meta Ads,,FaceBook_Degreefyd_B,2026-02-10,Galgotias_Lead_2026,Galgotias_Leads_2026_P_Ad_01,581.58,9,,0,0,65,9,0,-,-,-,100%,0
Meta Ads,,FaceBook_Degreefyd_B,2026-02-10,Punjab_Online_Admission,Punjab_Online_Admission_Inst_UG_P,295.41,5,,0,0,59,5,0,-,-,-,100%,0
Meta Ads,,FaceBook_University_Admit,2026-02-11,F_UA1_All Colleges_MBA_Aryan v1.1,F_UA1_All Colleges_MBA_Aryan (INT 01)_ 1.4,732.14,9,7,0,0,81,1,0,-,-,-,22%,0
Meta Ads,,FaceBook_University_Admit,2026-02-11,F_UA01_{UG All Colleges V03.1},F_UA01_{UG All Colleges 3.1} {INT 01} {C1.2},0.11,,0,0,0,0,,0,-,-,-,0%,0
Meta Ads,,FaceBook_University_Admit,2026-02-11,F_UA01_{UG All Colleges V03.1},F_UA01_{UG All Colleges 3.1} {INT 01} {C1.3},237.92,2,1,0,0,119,2,0,-,-,-,50%,0
Meta Ads,,FaceBook_University_Admit,2026-02-11,F_UA01_{UG All Colleges V03.1},F_UA01_{UG All Colleges 3.1} {INT 01} {C1.4),570.61,3,2,0,0,190,2,0,-,-,-,33%,0
Meta Ads,,FaceBook_University_Admit,2026-02-11,F_UA01_{UG All Colleges Punjab V1},F_UA01_{UG All Colleges V02}{INT01}_C04,17.25,,0,0,0,17,,0,-,-,-,0%,0
Meta Ads,,FaceBook_University_Admit,2026-02-11,F_UA01_{UG All Colleges Punjab V1},F_UA01_{UG All Colleges V02}{INT01}_C05,488.62,3,3,0,0,163,1,0,-,-,-,0%,0
Meta Ads,,FaceBook_University_Admit,2026-02-11,F_UA01_{UG All Colleges Punjab V1},F_UA01_{UG All Colleges V02}{INT01}_C03,150.43,,0,0,0,150,,0,-,-,-,0%,0
Meta Ads,,FaceBook_University_Admit,2026-02-11,F_UA01_{UG All Colleges V02.1},F_UA01_{UG All Colleges V02}{INT01}_C06,697.43,10,5,0,0,70,2,0,-,-,-,50%,0
Meta Ads,,FaceBook_University_Admit,2026-02-11,F_UA1_All Colleges_MBA_Aryan v1.3,F_UA1_All Colleges_MBA_Aryan V1.3 (INT 01)_ 1.3,4.81,,0,0,0,5,,0,-,-,-,0%,0
Meta Ads,,FaceBook_University_Admit,2026-02-11,F_UA1_All Colleges_MBA_Aryan v1.3,F_UA1_All Colleges_MBA_Aryan V1.3 (INT 01)_ 1.1,760.32,8,5,0,0,95,2,0,-,-,-,38%,0
Meta Ads,,FaceBook_University_Admit,2026-02-11,F_UA1_All Colleges_MBA_Aryan v1.3,F_UA1_All Colleges_MBA_Aryan V1.3 (INT 01)_ 1.2,12.29,,0,0,0,12,,0,-,-,-,0%,0
Meta Ads,,FaceBook_University_Admit,2026-02-11,F_UA01_{UG All Colleges V05.1},F_UA01_{UG All Colleges 5.1} {INT 01} {C1.1),250.96,1,1,0,0,251,1,0,-,-,-,0%,0
Meta Ads,,FaceBook_University_Admit,2026-02-11,F_UA01_{UG All Colleges V05.1},F_UA01_{UG All Colleges 3.1} {INT 01} {C1.2},6.45,,0,0,0,6,,0,-,-,-,0%,0
Meta Ads,,FaceBook_Degreefyd_B,2026-02-11,UG_Online_Admission_2026,UG_Online_Admission_Ad_Set01_Ad02,1056.51,17,38,2,0,62,0,0,528.255,-,-,-124%,0
Meta Ads,,FaceBook_Degreefyd_B,2026-02-11,DUSOL_Online_Courses_Admission_DFYD,DUSOL_Online_Courses_Admission_DFYD_Delhi_NCR_Ad01,446.61,19,30,0,0,24,1,0,-,-,-,-58%,0
Meta Ads,,FaceBook_Degreefyd_B,2026-02-11,IGNOU_Online_Courses_Admission_DFYD,IGNOU_Online_Courses_Admission_DFYD_Delhi_NCR_Ad01,452.76,15,25,0,0,30,1,0,-,-,-,-67%,0
Meta Ads,,FaceBook_Degreefyd_B,2026-02-11,IGNOU_Online_Courses_Admission_DFYD,IGNOU_Online_Courses_Admission_DFYD_Rest_Ad01,447.61,12,21,1,1,37,1,47250,447.61,447.61,0.95%,-75%,47250
Meta Ads,,FaceBook_Degreefyd_B,2026-02-11,Galgotias_Lead_2026,Galgotias_Leads_2026_P_Ad_01,628.43,9,14,1,1,70,1,16500,628.43,628.43,3.81%,-56%,33000
Meta Ads,,FaceBook_Degreefyd_B,2026-02-11,Punjab_Online_Admission,Punjab_Online_Admission_Inst_UG_P,267.09,,7,2,0,267,0,0,133.545,-,-,0%,0
Google Ads,Brand,EP_Partnere_Shoolini_DFYD,2026-02-11,Shoolini_Online_Delta,23534722448,265.25,1,1,0,0,265,1,0,-,-,-,0%,0
Google Ads,Brand,EP_CU_Online_DFYD,2026-02-11,CU_Online_Admission_Delta,23502437890,899.83,2,2,0,0,450,1,0,-,-,-,0%,0
Google Ads,Brand,EP_Partner_Amity_Online_DFYD,2026-02-11,Amity_Online_Admission_COS,23492797149,649.56,2,2,1,0,325,1,0,649.56,-,-,0%,0
Google Ads,DSA,Core_Online_DSA,2026-02-11,DSA_Admission_Core_Online_Colleges_Courses,23500139647,64.59,1,1,0,0,65,1,0,-,-,-,0%,0
Google Ads,Brand,EP_Partner_LPU_Online_DFYD,2026-02-11,LPU_Online_Delta,23512571403,654.99,1,1,0,0,655,1,0,-,-,-,0%,0
Google Ads,Brand,Amity_Partner_001,2026-02-11,Partner_Amity_Online_2026,23228113322,4141.14,11,10,1,0,376,1,0,4141.14,-,-,9%,0
Google Ads,DSA,Degreefyd_Generic_Regular,2026-02-11,DSA_Admission_Online_Distance,23349276370,2075.76,51.5,48,1,1,40,1,13125,2075.76,2075.76,15.82%,7%,26250
Meta Ads,,FaceBook_University_Admit,2026-02-12,F_UA1_All Colleges_MBA_Aryan v1.1,F_UA1_All Colleges_MBA_Aryan (INT 01)_ 1.4,772.47,9,5,0,0,86,2,0,-,-,-,44%,0
Meta Ads,,FaceBook_University_Admit,2026-02-12,F_UA01_{UG All Colleges V03.1},F_UA01_{UG All Colleges 3.1} {INT 01} {C1.3},167.45,1,,0,0,167,1,0,-,-,-,100%,0
Meta Ads,,FaceBook_University_Admit,2026-02-12,F_UA01_{UG All Colleges V03.1},F_UA01_{UG All Colleges 3.1} {INT 01} {C1.4),607.87,10,6,1,1,61,2,19239.5,607.87,607.87,3.16%,40%,57718.5
Meta Ads,,FaceBook_University_Admit,2026-02-12,F_UA01_{UG All Colleges Punjab V1},F_UA01_{UG All Colleges V02}{INT01}_C04,21.89,1,1,0,0,22,1,0,-,-,-,0%,0
Meta Ads,,FaceBook_University_Admit,2026-02-12,F_UA01_{UG All Colleges Punjab V1},F_UA01_{UG All Colleges V02}{INT01}_C05,425.92,3,2,0,0,142,2,0,-,-,-,33%,0
Meta Ads,,FaceBook_University_Admit,2026-02-12,F_UA01_{UG All Colleges Punjab V1},F_UA01_{UG All Colleges V02}{INT01}_C03,77.63,,,0,0,78,,0,-,-,-,0%,0
Meta Ads,,FaceBook_University_Admit,2026-02-12,F_UA01_{UG All Colleges V02.1},F_UA01_{UG All Colleges V02}{INT01}_C06,778.63,7,4,0,0,111,2,0,-,-,-,43%,0
Meta Ads,,FaceBook_University_Admit,2026-02-12,F_UA1_All Colleges_MBA_Aryan v1.3,F_UA1_All Colleges_MBA_Aryan V1.3 (INT 01)_ 1.3,14.52,,,0,0,15,,0,-,-,-,0%,0
Meta Ads,,FaceBook_University_Admit,2026-02-12,F_UA1_All Colleges_MBA_Aryan v1.3,F_UA1_All Colleges_MBA_Aryan V1.3 (INT 01)_ 1.1,752.63,6,4,0,0,125,2,0,-,-,-,33%,0
Meta Ads,,FaceBook_University_Admit,2026-02-12,F_UA1_All Colleges_MBA_Aryan v1.3,F_UA1_All Colleges_MBA_Aryan V1.3 (INT 01)_ 1.2,4.2,,,0,0,4,,0,-,-,-,0%,0
Meta Ads,,FaceBook_Degreefyd_B,2026-02-12,UG_Online_Admission_2026,UG_Online_Admission_Ad_Set01_Ad02,1092.5,22,16,0,0,50,1,0,-,-,-,27%,0
Meta Ads,,FaceBook_Degreefyd_B,2026-02-12,DUSOL_Online_Courses_Admission_DFYD,DUSOL_Online_Courses_Admission_DFYD_Delhi_NCR_Ad01,248.73,8,7,1,0,31,1,0,248.73,-,-,13%,0
Meta Ads,,FaceBook_Degreefyd_B,2026-02-12,IGNOU_Online_Courses_Admission_DFYD,IGNOU_Online_Courses_Admission_DFYD_Delhi_NCR_Ad01,437.3,9,4,0,0,49,2,0,-,-,-,56%,0
Meta Ads,,FaceBook_Degreefyd_B,2026-02-12,IGNOU_Online_Courses_Admission_DFYD,IGNOU_Online_Courses_Admission_DFYD_Rest_Ad01,442.11,11,9,3,2,40,1,17500,147.37,221.055,2.53%,18%,52500
Meta Ads,,FaceBook_Degreefyd_B,2026-02-12,Galgotias_Lead_2026,Galgotias_Leads_2026_P_Ad_01,847.2,18,14,1,1,47,1,16500,847.2,847.2,5.13%,22%,33000
Meta Ads,,FaceBook_Degreefyd_B,2026-02-12,Punjab_Online_Admission,Punjab_Online_Admission_Inst_UG_P,288.86,1,1,0,0,289,1,0,-,-,-,0%,0
Google Ads,Brand,EP_CU_Online_DFYD,2026-02-12,CU_Online_Admission_Delta,23502437890,1266.97,10,7,3,2,127,1,19650,422.3233333,633.485,6.45%,30%,90150
Google Ads,Brand,EP_Partner_Amity_Online_DFYD,2026-02-12,Amity_Online_Admission_COS,23492797149,609.33,1,1,0,0,609,1,0,-,-,-,0%,0
Google Ads,Brand,EP_Partnere_Shoolini_DFYD,2026-02-12,Shoolini_Online_Delta,23534722448,261.39,0,,0,0,261,0,0,-,-,-,0%,0
Google Ads,DSA,Core_Online_DSA,2026-02-12,DSA_Admission_Core_Online_Colleges_Courses,23500139647,60.5,2,2,0,0,30,1,0,-,-,-,0%,0
Google Ads,Brand,EP_Partner_LPU_Online_DFYD,2026-02-12,LPU_Online_Delta,23512571403,883.56,2,2,0,0,442,1,0,-,-,-,0%,0
Google Ads,Brand,Amity_Partner_001,2026-02-12,Partner_Amity_Online_2026,23228113322,4577.74,13,12,1,0,352,1,0,4577.74,-,-,8%,0
Google Ads,DSA,Degreefyd_Generic_Regular,2026-02-12,DSA_Admission_Online_Distance,23349276370,2331.41,64,51,0,0,36,1,0,-,-,-,20%,0
Meta Ads,,FaceBook_University_Admit,2026-02-13,F_UA01_{UG All Colleges V02.1},F_UA01_{UG All Colleges V02}{INT01}_C03,0.08,,,0,0,0,,0,-,-,-,0%,0
Meta Ads,,FaceBook_University_Admit,2026-02-13,F_UA01_{UG All Colleges V02.1},F_UA01_{UG All Colleges V02}{INT01}_C02,40.1,2,1,0,0,20,2,0,-,-,-,50%,0
Meta Ads,,FaceBook_University_Admit,2026-02-13,F_UA1_All Colleges_MBA_Aryan v1.1,F_UA1_All Colleges_MBA_Aryan (INT 01)_ 1.3,26.05,,,0,0,26,,0,-,-,-,0%,0
Meta Ads,,FaceBook_University_Admit,2026-02-13,F_UA1_All Colleges_MBA_Aryan v1.1,F_UA1_All Colleges_MBA_Aryan (INT 01)_ 1.4,776.97,5,6,0,0,155,1,0,-,-,-,-20%,0
Meta Ads,,FaceBook_University_Admit,2026-02-13,F_UA01_{UG All Colleges V03.1},F_UA01_{UG All Colleges 3.1} {INT 01} {C1.1},0.11,,,0,0,0,,0,-,-,-,0%,0
Meta Ads,,FaceBook_University_Admit,2026-02-13,F_UA01_{UG All Colleges V03.1},F_UA01_{UG All Colleges 3.1} {INT 01} {C1.3},405.52,2,,0,0,203,2,0,-,-,-,100%,0
Meta Ads,,FaceBook_University_Admit,2026-02-13,F_UA01_{UG All Colleges V02.1},F_UA01_{UG All Colleges V02}{INT01}_C05,0.3,,,0,0,0,,0,-,-,-,0%,0
Meta Ads,,FaceBook_University_Admit,2026-02-13,F_UA01_{UG All Colleges V03.1},F_UA01_{UG All Colleges 3.1} {INT 01} {C1.4),152.11,2,2,0,0,76,1,0,-,-,-,0%,0
Meta Ads,,FaceBook_University_Admit,2026-02-13,F_UA01_{UG All Colleges Punjab V1},F_UA01_Pun {UG All Colleges V02}{INT01}_C04,405.82,1,2,0,0,406,1,0,-,-,-,-100%,0
Meta Ads,,FaceBook_University_Admit,2026-02-13,F_UA01_{UG All Colleges Punjab V1},F_UA01_Pun_{UG All Colleges V02}{INT01}_C05,75.84,,,0,0,76,,0,-,-,-,0%,0
Meta Ads,,FaceBook_University_Admit,2026-02-13,F_UA01_{UG All Colleges Punjab V1},F_UA01_Pun {UG All Colleges V02}{INT01}_C03,13.5,,,0,0,14,,0,-,-,-,0%,0
Meta Ads,,FaceBook_University_Admit,2026-02-13,F_UA01_{UG All Colleges V02.1},F_UA01_{UG All Colleges V02}{INT01}_C06,716.91,9,9,2,0,80,1,0,358.455,-,-,0%,0
Meta Ads,,FaceBook_University_Admit,2026-02-13,F_UA1_All Colleges_MBA_Aryan v1.3,F_UA1_All Colleges_MBA_Aryan V1.3 (INT 01)_ 1.3,1.47,,,0,0,1,,0,-,-,-,0%,0
Meta Ads,,FaceBook_University_Admit,2026-02-13,F_UA1_All Colleges_MBA_Aryan v1.3,F_UA1_All Colleges_MBA_Aryan V1.3 (INT 01)_ 1.1,762.97,5,4,0,0,153,1,0,-,-,-,20%,0
Meta Ads,,FaceBook_University_Admit,2026-02-13,F_UA1_All Colleges_MBA_Aryan v1.3,F_UA1_All Colleges_MBA_Aryan V1.3 (INT 01)_ 1.2,7.42,,,0,0,7,,0,-,-,-,0%,0
Meta Ads,,FaceBook_Degreefyd_B,2026-02-13,UG_Online_Admission_2026,UG_Online_Admission_Ad_Set01_Ad02,1088.65,18,13,0,0,60,1,0,-,-,-,28%,0
Meta Ads,,FaceBook_Degreefyd_B,2026-02-13,IGNOU_Online_Courses_Admission_DFYD,IGNOU_Online_Courses_Admission_DFYD_Delhi_NCR_Ad01,429.35,18,13,0,0,24,1,0,-,-,-,28%,0
Meta Ads,,FaceBook_Degreefyd_B,2026-02-13,IGNOU_Online_Courses_Admission_DFYD,IGNOU_Online_Courses_Admission_DFYD_Rest_Ad01,443.33,10,9,0,0,44,1,0,-,-,-,10%,0
Meta Ads,,FaceBook_Degreefyd_B,2026-02-13,Galgotias_Lead_2026,Galgotias_Leads_2026_P_Ad_01,1055.04,9,8,1,1,117,1,16500,1055.04,1055.04,6.39%,11%,33000
Meta Ads,,FaceBook_Degreefyd_B,2026-02-13,Punjab_Online_Admission,Punjab_Online_Admission_Inst_UG_P,78.64,2,0,0,0,39,2,0,-,-,-,100%,0
Meta Ads,,FaceBook_Degreefyd_B,2026-02-13,Online MBA  All  University - SK - 13-02-2026,Online MBA  All  University - SK - 13-02-2026,276.44,,0,0,0,276,,0,-,-,-,0%,0
Meta Ads,,FaceBook_Degreefyd_B,2026-02-13,BBA + BCA + MBA + MCA  All  University - SK - 13-02-2026,BBA + BCA + MBA + MCA  All  University - SK - 13-02-2026,413.43,2,2,0,0,207,1,0,-,-,-,0%,0
Meta Ads,,FaceBook_Degreefyd_B,2026-02-13,Online MBA  All  University - SK - 13-02-2026 Without Detailed targeting,Online MBA  All  University - SK - 13-02-2026 Without Detailed targeting,310.83,1,1,0,0,311,1,0,-,-,-,0%,0
Google Ads,Brand,EP_Partner_Amity_Online_DFYD,2026-02-13,Amity_Online_Admission_COS,23492797149,740.42,0,0,0,0,740,0,0,-,-,-,0%,0
Google Ads,Brand,Amity_Partner_001,2026-02-13,Partner_Amity_Online_2026,23228113322,4536.43,14,12,0,0,324,1,0,-,-,-,14%,0
Google Ads,DSA,Degreefyd_Generic_Regular,2026-02-13,DSA_Admission_Online_Distance,23349276370,1548.9,42,38,2,1,37,1,7875,774.45,1548.9,19.67%,10%,47250
Google Ads,Brand,EP_CU_Online_DFYD,2026-02-13,CU_Online_Admission_Delta,23502437890,1496.13,1,1,0,0,1496,1,0,-,-,-,0%,0
Google Ads,Generic,Degreefyd_Generic_Online_IU,2026-02-13,Search Ads - Online MBA - SK- 13-02-2026,23556131757,74.6,0,0,0,0,75,0,0,-,-,-,0%,0
Google Ads,Brand,EP_Partnere_Shoolini_DFYD,2026-02-13,Shoolini_Online_Delta,23534722448,370.03,0,0,0,0,370,0,0,-,-,-,0%,0
Google Ads,DSA,Core_Online_DSA,2026-02-13,DSA_Admission_Core_Online_Colleges_Courses,23500139647,44.89,1,1,0,0,45,1,0,-,-,-,0%,0
Google Ads,Brand,EP_Partner_LPU_Online_DFYD,2026-02-13,LPU_Online_Delta,23512571403,1151.16,2,2,2,1,576,1,41968.8,575.58,1151.16,2.74%,0%,55080
Meta Ads,,FaceBook_University_Admit,2026-02-14,F_UA01_{UG All Colleges V02.1},F_UA01_{UG All Colleges V02}{INT01}_C02,131.31,1,1,0,0,131,1,0,-,-,-,0%,0
Meta Ads,,FaceBook_University_Admit,2026-02-14,F_UA1_All Colleges_MBA_Aryan v1.1,F_UA1_All Colleges_MBA_Aryan (INT 01)_ 1.1,13.76,,,0,0,14,,0,-,-,-,0%,0
Meta Ads,,FaceBook_University_Admit,2026-02-14,F_UA1_All Colleges_MBA_Aryan v1.1,F_UA1_All Colleges_MBA_Aryan (INT 01)_ 1.4,675.56,3,1,0,0,225,3,0,-,-,-,67%,0
Meta Ads,,FaceBook_University_Admit,2026-02-14,F_UA01_{UG All Colleges V03.1},F_UA01_{UG All Colleges 3.1} {INT 01} {C1.1},7.04,,,0,0,7,,0,-,-,-,0%,0
Meta Ads,,FaceBook_University_Admit,2026-02-14,F_UA01_{UG All Colleges V03.1},F_UA01_{UG All Colleges 3.1} {INT 01} {C1.2},2.05,1,1,0,0,2,1,0,-,-,-,0%,0
Meta Ads,,FaceBook_University_Admit,2026-02-14,F_UA01_{UG All Colleges V03.1},F_UA01_{UG All Colleges 3.1} {INT 01} {C1.3},887.16,7,8,0,0,127,1,0,-,-,-,-14%,0
Meta Ads,,FaceBook_University_Admit,2026-02-14,F_UA01_{UG All Colleges V02.1},F_UA01_{UG All Colleges V02}{INT01}_C05,3.17,,,0,0,3,,0,-,-,-,0%,0
Meta Ads,,FaceBook_University_Admit,2026-02-14,F_UA01_{UG All Colleges Punjab V1},F_UA01_Pun {UG All Colleges V02}{INT01}_C04,376.47,3,2,0,0,125,2,0,-,-,-,33%,0
Meta Ads,,FaceBook_University_Admit,2026-02-14,F_UA01_{UG All Colleges V02.1},F_UA01_{UG All Colleges V02}{INT01}_C06,584.84,9,7,0,0,65,1,0,-,-,-,22%,0
Meta Ads,,FaceBook_University_Admit,2026-02-14,F_UA1_All Colleges_MBA_Aryan v1.3,F_UA1_All Colleges_MBA_Aryan V1.3 (INT 01)_ 1.4,5.44,,,0,0,5,,0,-,-,-,0%,0
Meta Ads,,FaceBook_University_Admit,2026-02-14,F_UA1_All Colleges_MBA_Aryan v1.3,F_UA1_All Colleges_MBA_Aryan V1.3 (INT 01)_ 1.3,0.04,,,0,0,0,,0,-,-,-,0%,0
Meta Ads,,FaceBook_University_Admit,2026-02-14,F_UA1_All Colleges_MBA_Aryan v1.3,F_UA1_All Colleges_MBA_Aryan V1.3 (INT 01)_ 1.1,662.89,4,3,1,1,166,1,26031.25,662.89,662.89,2.55%,25%,52062.5
Meta Ads,,FaceBook_University_Admit,2026-02-14,F_UA1_All Colleges_MBA_Aryan v1.3,F_UA1_All Colleges_MBA_Aryan V1.3 (INT 01)_ 1.2,0.29,,,0,0,0,,0,-,-,-,0%,0
Meta Ads,,FaceBook_University_Admit,2026-02-14,F_UA01_{UG All Colleges Punjab V1},F_UA01_Pun {UG All Colleges V02}{INT01}_C07,94.13,1,,0,0,94,1,0,-,-,-,100%,0
Meta Ads,,FaceBook_University_Admit,2026-02-14,F_UA01_{UG All Colleges Punjab V1},F_UA01_Pun {UG All Colleges V02}{INT01}_C08,85.33,,,0,0,85,,0,-,-,-,0%,0
Meta Ads,,FaceBook_University_Admit,2026-02-14,F_UA01_{UG All Colleges Punjab V1},F_UA01_Pun {UG All Colleges V02}{INT01}_C06,42.54,2,2,0,0,21,1,0,-,-,-,0%,0
Meta Ads,,FaceBook_University_Admit,2026-02-14,F_UA1_All Colleges_MBA_Aryan v1.3,F_UA1_All Colleges_MBA_Aryan V1.3 (INT 01)_ 1.5,16.71,,,0,0,17,,0,-,-,-,0%,0
Meta Ads,,FaceBook_University_Admit,2026-02-15,F_UA01_{UG All Colleges V02.1},F_UA01_{UG All Colleges V02}{INT01}_C02,242.68,2,1,0,0,121,2,0,-,-,-,50%,0
Meta Ads,,FaceBook_University_Admit,2026-02-15,F_UA1_All Colleges_MBA_Aryan v1.1,F_UA1_All Colleges_MBA_Aryan (INT 01)_ 1.3,15.52,,,0,0,16,,0,-,-,-,0%,0
Meta Ads,,FaceBook_University_Admit,2026-02-15,F_UA1_All Colleges_MBA_Aryan v1.1,F_UA1_All Colleges_MBA_Aryan (INT 01)_ 1.4,801.05,7,4,0,0,114,2,0,-,-,-,43%,0
Meta Ads,,FaceBook_University_Admit,2026-02-15,F_UA01_{UG All Colleges V03.1},F_UA01_{UG All Colleges 3.1} {INT 01} {C1.1},3.07,,,0,0,3,,0,-,-,-,0%,0
Meta Ads,,FaceBook_University_Admit,2026-02-15,F_UA01_{UG All Colleges V03.1},F_UA01_{UG All Colleges 3.1} {INT 01} {C1.3},869.7,11,5,0,0,79,2,0,-,-,-,55%,0
Meta Ads,,FaceBook_University_Admit,2026-02-15,F_UA01_{UG All Colleges V03.1},F_UA01_{UG All Colleges 3.1} {INT 01} {C1.4),201.3,,,0,0,201,,0,-,-,-,0%,0
Meta Ads,,FaceBook_University_Admit,2026-02-15,F_UA01_{UG All Colleges Punjab V1},F_UA01_Pun {UG All Colleges V02}{INT01}_C04,21.49,,,0,0,21,,0,-,-,-,0%,0
Meta Ads,,FaceBook_University_Admit,2026-02-15,F_UA01_{UG All Colleges V02.1},F_UA01_{UG All Colleges V02}{INT01}_C06,680.86,10,5,0,0,68,2,0,-,-,-,50%,0
Meta Ads,,FaceBook_University_Admit,2026-02-15,F_UA1_All Colleges_MBA_Aryan v1.3,F_UA1_All Colleges_MBA_Aryan V1.3 (INT 01)_ 1.4,18.07,,,0,0,18,,0,-,-,-,0%,0
Meta Ads,,FaceBook_University_Admit,2026-02-15,F_UA1_All Colleges_MBA_Aryan v1.3,F_UA1_All Colleges_MBA_Aryan V1.3 (INT 01)_ 1.1,798.58,7,3,2,1,114,2,19250,399.29,798.58,4.15%,57%,38500
Meta Ads,,FaceBook_University_Admit,2026-02-15,F_UA01_{UG All Colleges Punjab V1},F_UA01_Pun {UG All Colleges V02}{INT01}_C07,588.47,5,3,0,0,118,2,0,-,-,-,40%,0
Meta Ads,,FaceBook_University_Admit,2026-02-15,F_UA01_{UG All Colleges Punjab V1},F_UA01_Pun {UG All Colleges V02}{INT01}_C08,83.5,,,0,0,84,,0,-,-,-,0%,0
Meta Ads,,FaceBook_University_Admit,2026-02-15,F_UA01_{UG All Colleges Punjab V1},F_UA01_Pun {UG All Colleges V02}{INT01}_C06,9.48,,,0,0,9,,0,-,-,-,0%,0
Meta Ads,,FaceBook_University_Admit,2026-02-15,F_UA1_All Colleges_MBA_Aryan v1.3,F_UA1_All Colleges_MBA_Aryan V1.3 (INT 01)_ 1.5,31.5,,,0,0,32,,0,-,-,-,0%,0
Meta Ads,,FaceBook_University_Admit,2026-02-15,F_UA1_All Colleges_MBA_Aryan v1.1,F_UA1_Amity_MBA_Aryan (INT 02) _C03,103.5,,,0,0,104,,0,-,-,-,0%,0
Meta Ads,,FaceBook_Degreefyd_B,2026-02-14,UG_Online_Admission_2026,UG_Online_Admission_Ad_Set01_Ad02,1034.81,15,11,1,1,69,1,4375,1034.81,1034.81,23.65%,27%,26250
Meta Ads,,FaceBook_Degreefyd_B,2026-02-14,IGNOU_Online_Courses_Admission_DFYD,IGNOU_Online_Courses_Admission_DFYD_Delhi_NCR_Ad01,402.88,9,3,0,0,45,3,0,-,-,-,67%,0
Meta Ads,,FaceBook_Degreefyd_B,2026-02-14,IGNOU_Online_Courses_Admission_DFYD,IGNOU_Online_Courses_Admission_DFYD_Rest_Ad01,430.78,13,8,0,0,33,2,0,-,-,-,38%,0
Meta Ads,,FaceBook_Degreefyd_B,2026-02-14,Galgotias_Lead_2026,Galgotias_Leads_2026_P_Ad_01,906.23,18,16,0,0,50,1,0,-,-,-,11%,0
Meta Ads,,FaceBook_Degreefyd_B,2026-02-14,Online MBA  All  University - SK - 13-02-2026,Online MBA  All  University - SK - 13-02-2026,362.2,,,0,0,362,,0,-,-,-,0%,0
Meta Ads,,FaceBook_Degreefyd_B,2026-02-14,BBA + BCA + MBA + MCA  All  University - SK - 13-02-2026,BBA + BCA + MBA + MCA  All  University - SK - 13-02-2026,986.62,3,3,0,0,329,1,0,-,-,-,0%,0
Meta Ads,,FaceBook_Degreefyd_B,2026-02-14,Online MBA  All  University - SK - 13-02-2026 Without Detailed targeting,Online MBA  All  University - SK - 13-02-2026 Without Detailed targeting,377.28,3,3,0,0,126,1,0,-,-,-,0%,0
Meta Ads,,FaceBook_Degreefyd_B,2026-02-15,UG_Online_Admission_2026,UG_Online_Admission_Ad_Set01_Ad02,1168.24,24,17,2,1,49,1,8750,584.12,1168.24,13.35%,29%,26250
Meta Ads,,FaceBook_Degreefyd_B,2026-02-15,IGNOU_Online_Courses_Admission_DFYD,IGNOU_Online_Courses_Admission_DFYD_Delhi_NCR_Ad01,489.56,8,7,0,0,61,1,0,-,-,-,13%,0
Meta Ads,,FaceBook_Degreefyd_B,2026-02-15,IGNOU_Online_Courses_Admission_DFYD,IGNOU_Online_Courses_Admission_DFYD_Rest_Ad01,503.04,12,10,0,0,42,1,0,-,-,-,17%,0
Meta Ads,,FaceBook_Degreefyd_B,2026-02-15,Galgotias_Lead_2026,Galgotias_Leads_2026_P_Ad_01,1199.4,22,13,0,0,55,2,0,-,-,-,41%,0
Meta Ads,,FaceBook_Degreefyd_B,2026-02-15,BBA + BCA + MBA + MCA  All  University - SK - 13-02-2026,BBA + BCA + MBA + MCA  All  University - SK - 13-02-2026,1124.29,8,4,0,0,141,2,0,-,-,-,50%,0
Meta Ads,,FaceBook_Degreefyd_B,2026-02-15,Online MBA  All  University - SK - 13-02-2026 Without Detailed targeting,Online MBA  All  University - SK - 13-02-2026 Without Detailed targeting,599.04,1,,0,0,599,1,0,-,-,-,100%,0
Google Ads,Brand,Amity_Partner_001,2026-02-14,Partner_Amity_Online_2026,23228113322,4697.61,15,14,0,0,313,1,0,-,-,-,7%,0
Google Ads,Brand,EP_Partner_Amity_Online_DFYD,2026-02-14,Amity_Online_Admission_COS,23492797149,295.74,0,,0,0,296,0,0,-,-,-,0%,0
Google Ads,Brand,EP_CU_Online_DFYD,2026-02-14,CU_Online_Admission_Delta,23502437890,1205.09,5,5,0,0,241,1,0,-,-,-,0%,0
Google Ads,Generic,Degreefyd_Generic_Online_IU,2026-02-14,Search Ads - Online MBA - SK- 13-02-2026,23556131757,79.2,0,,0,0,79,0,0,-,-,-,0%,0
Google Ads,DSA,Core_Online_DSA,2026-02-14,DSA_Admission_Core_Online_Colleges_Courses,23500139647,70.83,1,1,0,0,71,1,0,-,-,-,0%,0
Google Ads,Brand,EP_Partner_LPU_Online_DFYD,2026-02-14,LPU_Online_Delta,23512571403,1193.65,2,2,0,0,597,1,0,-,-,-,0%,0
Google Ads,Brand,EP_Partnere_Shoolini_DFYD,2026-02-14,Shoolini_Online_Delta,23534722448,101.7,0,0,0,0,102,0,0,-,-,-,0%,0
Google Ads,DSA,Degreefyd_Generic_Regular,2026-02-14,DSA_Admission_Online_Distance,23349276370,2351.91,68.67,59,0,0,34,1,0,-,-,-,14%,0
Google Ads,Brand,Amity_Partner_001,2026-02-15,Partner_Amity_Online_2026,23228113322,4700.2,13,10,0,0,362,1,0,-,-,-,23%,0
Google Ads,Brand,EP_Partner_Amity_Online_DFYD,2026-02-15,Amity_Online_Admission_COS,23492797149,987.22,1,1,0,0,987,1,0,-,-,-,0%,0
Google Ads,Brand,EP_CU_Online_DFYD,2026-02-15,CU_Online_Admission_Delta,23502437890,2129.49,6,5,0,0,355,1,0,-,-,-,17%,0
Google Ads,Generic,Degreefyd_Generic_Online_IU,2026-02-15,Search Ads - Online MBA - SK- 13-02-2026,23556131757,88.36,0,,0,0,88,0,0,-,-,-,0%,0
Google Ads,DSA,Core_Online_DSA,2026-02-15,DSA_Admission_Core_Online_Colleges_Courses,23500139647,100.85,1,1,0,0,101,1,0,-,-,-,0%,0
Google Ads,Brand,EP_Partner_LPU_Online_DFYD,2026-02-15,LPU_Online_Delta,23512571403,2995.34,3,2,0,0,998,2,0,-,-,-,33%,0
Google Ads,Brand,EP_Partnere_Shoolini_DFYD,2026-02-15,Shoolini_Online_Delta,23534722448,325.54,1,1,0,0,326,1,0,-,-,-,0%,0
Google Ads,DSA,Degreefyd_Generic_Regular,2026-02-15,DSA_Admission_Online_Distance,23349276370,2010.83,68.33,61,0,0,29,1,0,-,-,-,11%,0
Meta Ads,,FaceBook_University_Admit,2026-02-16,F_UA01_{UG All Colleges V02.1},F_UA01_{UG All Colleges V02}{INT01}_C02,99.51,2,1,0,0,50,2,0,-,-,-,50%,0
Meta Ads,,FaceBook_University_Admit,2026-02-16,F_UA1_All Colleges_MBA_Aryan v1.1,F_UA1_All Colleges_MBA_Aryan (INT 01)_ 1.1,0.37,,,0,0,0,,0,-,-,-,0%,0
Meta Ads,,FaceBook_University_Admit,2026-02-16,F_UA1_All Colleges_MBA_Aryan v1.1,F_UA1_All Colleges_MBA_Aryan (INT 01)_ 1.3,23.74,,,0,0,24,,0,-,-,-,0%,0
Meta Ads,,FaceBook_University_Admit,2026-02-16,F_UA1_All Colleges_MBA_Aryan v1.1,F_UA1_All Colleges_MBA_Aryan (INT 01)_ 1.4,784.45,7,7,1,1,112,1,99750,784.45,784.45,0.79%,0%,99750
Meta Ads,,FaceBook_University_Admit,2026-02-16,F_UA01_{UG All Colleges V03.1},F_UA01_{UG All Colleges 3.1} {INT 01} {C1.3},220.65,1,,0,0,221,1,0,-,-,-,100%,0
Meta Ads,,FaceBook_University_Admit,2026-02-16,F_UA01_{UG All Colleges V02.1},F_UA01_{UG All Colleges V02}{INT01}_C05,11.99,,,0,0,12,,0,-,-,-,0%,0
Meta Ads,,FaceBook_University_Admit,2026-02-16,F_UA01_{UG All Colleges V03.1},F_UA01_{UG All Colleges 3.1} {INT 01} {C1.4),805,7,2,0,0,115,4,0,-,-,-,71%,0
Meta Ads,,FaceBook_University_Admit,2026-02-16,F_UA01_{UG All Colleges Punjab V1},F_UA01_Pun {UG All Colleges V02}{INT01}_C04,109.42,1,1,0,0,109,1,0,-,-,-,0%,0
Meta Ads,,FaceBook_University_Admit,2026-02-16,F_UA01_{UG All Colleges V02.1},F_UA01_{UG All Colleges V02}{INT01}_C06,1066.37,13,10,0,0,82,1,0,-,-,-,23%,0
Meta Ads,,FaceBook_University_Admit,2026-02-16,F_UA1_All Colleges_MBA_Aryan v1.3,F_UA1_All Colleges_MBA_Aryan V1.3 (INT 01)_ 1.4,9.84,,,0,0,10,,0,-,-,-,0%,0
Meta Ads,,FaceBook_University_Admit,2026-02-16,F_UA1_All Colleges_MBA_Aryan v1.3,F_UA1_All Colleges_MBA_Aryan V1.3 (INT 01)_ 1.1,203.58,1,1,0,0,204,1,0,-,-,-,0%,0
Meta Ads,,FaceBook_University_Admit,2026-02-16,F_UA01_{UG All Colleges Punjab V1},F_UA01_Pun {UG All Colleges V02}{INT01}_C07,261.37,2,2,0,0,131,1,0,-,-,-,0%,0
Meta Ads,,FaceBook_University_Admit,2026-02-16,F_UA01_{UG All Colleges Punjab V1},F_UA01_Pun {UG All Colleges V02}{INT01}_C08,152.49,2,2,0,0,76,1,0,-,-,-,0%,0
Meta Ads,,FaceBook_University_Admit,2026-02-16,F_UA01_{UG All Colleges Punjab V1},F_UA01_Pun {UG All Colleges V02}{INT01}_C06,60.97,,,0,0,61,,0,-,-,-,0%,0
Meta Ads,,FaceBook_University_Admit,2026-02-16,F_UA1_All Colleges_MBA_Aryan v1.3,F_UA1_All Colleges_MBA_Aryan V1.3 (INT 01)_ 1.5,4.34,,,0,0,4,,0,-,-,-,0%,0
Meta Ads,,FaceBook_University_Admit,2026-02-16,F_UA1_All Colleges_MBA_Aryan v1.1,F_UA1_Amity_MBA_Aryan (INT 02) _C01,54.62,,,0,0,55,,0,-,-,-,0%,0
Meta Ads,,FaceBook_University_Admit,2026-02-16,F_UA1_All Colleges_MBA_Aryan v1.1,F_UA1_Amity_MBA_Aryan (INT 02) _C03,482.48,1,,0,0,482,1,0,-,-,-,100%,0
Meta Ads,,FaceBook_University_Admit,2026-02-16,F_UA1_All Colleges_MBA_Aryan v1.1,F_UA1_Amity_MBA_Aryan (INT 02) _C04,200.97,,,0,0,201,,0,-,-,-,0%,0
Meta Ads,,FaceBook_University_Admit,2026-02-16,F_UA1_All Colleges_MBA_Aryan v1.1,F_UA1_Amity_MBA_Aryan (INT 02) _C02,163.63,,,0,0,164,,0,-,-,-,0%,0
Meta Ads,,FaceBook_Degreefyd_B,2026-02-16,UG_Online_Admission_2026,UG_Online_Admission_Ad_Set01_Ad02,1233.63,33,22,3,2,37,2,57750,411.21,616.815,2.14%,33%,78750
Meta Ads,,FaceBook_Degreefyd_B,2026-02-16,IGNOU_Online_Courses_Admission_DFYD,IGNOU_Online_Courses_Admission_DFYD_Delhi_NCR_Ad01,482.23,12,9,1,1,40,1,8750,482.23,482.23,5.51%,25%,26250
Meta Ads,,FaceBook_Degreefyd_B,2026-02-16,IGNOU_Online_Courses_Admission_DFYD,IGNOU_Online_Courses_Admission_DFYD_Rest_Ad01,498.15,15,12,0,0,33,1,0,-,-,-,20%,0
Meta Ads,,FaceBook_Degreefyd_B,2026-02-16,Galgotias_Lead_2026,Galgotias_Leads_2026_P_Ad_01,1192.56,21,17,3,2,57,1,66627,397.52,596.28,1.79%,19%,90750
Meta Ads,,FaceBook_Degreefyd_B,2026-02-16,Online MBA  All  University - SK - 13-02-2026 Without Detailed targeting,Online MBA  All  University - SK - 13-02-2026 Without Detailed targeting,240.76,1,1,0,0,241,1,0,-,-,-,0%,0
Meta Ads,,FaceBook_Degreefyd_B,2026-02-16,BBA + BCA + MBA + MCA  All  University - SK - 13-02-2026,BBA + BCA + MBA + MCA  All  University - SK - 13-02-2026,1201.49,7,4,0,0,172,2,0,-,-,-,43%,0
Google Ads,Brand,EP_Partner_Amity_Online_DFYD,2026-02-16,Amity_Online_Admission_COS,23492797149,449.5,1,1,0,0,450,1,0,-,-,-,0%,0
Google Ads,DSA,Degreefyd_Generic_Regular,2026-02-16,DSA_Admission_Online_Distance,23349276370,2019.27,57,56,1,0,35,1,0,2019.27,-,-,2%,0
Google Ads,DSA,Core_Online_DSA,2026-02-16,DSA_Admission_Core_Online_Colleges_Courses,23500139647,90.04,0,,0,0,90,0,0,-,-,-,0%,0
Google Ads,Brand,EP_Partner_LPU_Online_DFYD,2026-02-16,LPU_Online_Delta,23512571403,1470.61,4,4,1,1,368,1,6525,1470.61,1470.61,22.54%,0%,39150
Google Ads,Brand,EP_CU_Online_DFYD,2026-02-16,CU_Online_Admission_Delta,23502437890,1806.53,2,2,0,0,903,1,0,-,-,-,0%,0
Google Ads,Generic,Degreefyd_Generic_Online_IU,2026-02-16,Search Ads - Online MBA - SK- 13-02-2026,23556131757,147.93,0,,0,0,148,0,0,-,-,-,0%,0
Google Ads,Brand,Amity_Partner_001,2026-02-16,Partner_Amity_Online_2026,23228113322,3462.24,9,8,0,0,385,1,0,-,-,-,11%,0
Google Ads,Brand,EP_Partnere_Shoolini_DFYD,2026-02-16,Shoolini_Online_Delta,23534722448,195.17,0,,0,0,195,0,0,-,-,-,0%,0
Meta Ads,,FaceBook_University_Admit,2026-02-17,F_UA01_{UG All Colleges V02.1},F_UA01_{UG All Colleges V02}{INT01}_C02,256.13,2,2,0,0,128,1,0,-,-,-,0%,0
Meta Ads,,FaceBook_University_Admit,2026-02-17,F_UA1_All Colleges_MBA_Aryan v1.1,F_UA1_All Colleges_MBA_Aryan (INT 01)_ 1.3,8.85,,,0,0,9,,0,-,-,-,0%,0
Meta Ads,,FaceBook_University_Admit,2026-02-17,F_UA1_All Colleges_MBA_Aryan v1.1,F_UA1_All Colleges_MBA_Aryan (INT 01)_ 1.4,590.65,9,6,0,0,66,2,0,-,-,-,33%,0
Meta Ads,,FaceBook_University_Admit,2026-02-17,F_UA01_{UG All Colleges V03.1},F_UA01_{UG All Colleges 3.1} {INT 01} {C1.3},55.69,,,0,0,56,,0,-,-,-,0%,0
Meta Ads,,FaceBook_University_Admit,2026-02-17,F_UA01_{UG All Colleges V02.1},F_UA01_{UG All Colleges V02}{INT01}_C05,3.79,,,0,0,4,,0,-,-,-,0%,0
Meta Ads,,FaceBook_University_Admit,2026-02-17,F_UA01_{UG All Colleges V03.1},F_UA01_{UG All Colleges 3.1} {INT 01} {C1.4),1061.8,10,8,0,0,106,1,0,-,-,-,20%,0
Meta Ads,,FaceBook_University_Admit,2026-02-17,F_UA01_{UG All Colleges Punjab V1},F_UA01_Pun {UG All Colleges V02}{INT01}_C04,15.49,,,0,0,15,,0,-,-,-,0%,0
Meta Ads,,FaceBook_University_Admit,2026-02-17,F_UA01_{UG All Colleges V02.1},F_UA01_{UG All Colleges V02}{INT01}_C06,737.01,9,6,1,1,82,2,7437.5,737.01,737.01,9.91%,33%,51187.5
Meta Ads,,FaceBook_University_Admit,2026-02-17,F_UA01_{UG All Colleges Punjab V1},F_UA01_Pun {UG All Colleges V02}{INT01}_C07,143.63,,,0,0,144,,0,-,-,-,0%,0
Meta Ads,,FaceBook_University_Admit,2026-02-17,F_UA01_{UG All Colleges Punjab V1},F_UA01_Pun {UG All Colleges V02}{INT01}_C08,206.43,2,2,0,0,103,1,0,-,-,-,0%,0
Meta Ads,,FaceBook_University_Admit,2026-02-17,F_UA01_{UG All Colleges Punjab V1},F_UA01_Pun {UG All Colleges V02}{INT01}_C06,3.9,,,0,0,4,,0,-,-,-,0%,0
Meta Ads,,FaceBook_University_Admit,2026-02-17,F_UA1_All Colleges_MBA_Aryan v1.1,F_UA1_Amity_MBA_Aryan (INT 02) _C01,0.68,,,0,0,1,,0,-,-,-,0%,0
Meta Ads,,FaceBook_University_Admit,2026-02-17,F_UA1_All Colleges_MBA_Aryan v1.1,F_UA1_Amity_MBA_Aryan (INT 02) _C03,1150.07,5,4,0,0,230,1,0,-,-,-,20%,0
Meta Ads,,FaceBook_University_Admit,2026-02-17,F_UA1_All Colleges_MBA_Aryan v1.1,F_UA1_Amity_MBA_Aryan (INT 02) _C04,19.04,,,0,0,19,,0,-,-,-,0%,0
Meta Ads,,FaceBook_University_Admit,2026-02-17,F_UA1_All Colleges_MBA_Aryan v1.1,F_UA1_Amity_MBA_Aryan (INT 02) _C02,3.43,,,0,0,3,,0,-,-,-,0%,0
Meta Ads,,FaceBook_University_Admit,2026-02-17,LAL_UA01_(All Colleges UG) LAL0.1,LAL_UA01_(All Colleges UG)_INT01_C01,460.94,7,3,0,0,66,2,0,-,-,-,57%,0
Meta Ads,,FaceBook_University_Admit,2026-02-17,LAL_UA01_(All Colleges UG) LAL0.1,LAL_UA01_(All Colleges UG)_INT01_C02,86.46,,,0,0,86,,0,-,-,-,0%,0
Meta Ads,,FaceBook_University_Admit,2026-02-17,LAL_UA01_(All Colleges UG) LAL0.1,LAL_UA01_(All Colleges UG)_INT01_C03,96.55,1,,0,0,97,1,0,-,-,-,100%,0
Meta Ads,,FaceBook_Degreefyd_B,2026-02-17,UG_Online_Admission_2026,UG_Online_Admission_Ad_Set01_Ad02,1121.38,25,17,1,1,45,1,47250,1121.38,1121.38,2.37%,32%,47250
Meta Ads,,FaceBook_Degreefyd_B,2026-02-17,All Multi-Course Meta - SK - 16-02-2026,MBA Course Meta - SK - 16-02-2026,67.77,,,0,0,68,,0,-,-,-,0%,0
Meta Ads,,FaceBook_Degreefyd_B,2026-02-17,All Multi-Course Meta - SK - 16-02-2026,BA Course Meta - SK - 16-02-2026,0.98,,,0,0,1,,0,-,-,-,0%,0
Meta Ads,,FaceBook_Degreefyd_B,2026-02-17,Without Target All Multi-Course Meta - SK - 16-02-2026,BBA Course Meta - SK - 16-02-2026,134.11,1,1,0,0,134,1,0,-,-,-,0%,0
Meta Ads,,FaceBook_Degreefyd_B,2026-02-17,Without Target All Multi-Course Meta - SK - 16-02-2026,BCA Course Meta - SK - 16-02-2026,86.15,,,0,0,86,,0,-,-,-,0%,0
Meta Ads,,FaceBook_Degreefyd_B,2026-02-17,Without Target All Multi-Course Meta - SK - 16-02-2026,B.Com Course Meta - SK - 16-02-2026,243.42,1,,0,0,243,1,0,-,-,-,100%,0
Meta Ads,,FaceBook_Degreefyd_B,2026-02-17,Without Target All Multi-Course Meta - SK - 16-02-2026,MCA Course Meta - SK - 16-02-2026,40.94,1,,0,0,41,1,0,-,-,-,100%,0
Meta Ads,,FaceBook_Degreefyd_B,2026-02-17,Without Target All Multi-Course Meta - SK - 16-02-2026,MBA Course Meta - SK - 16-02-2026,10.54,,,0,0,11,,0,-,-,-,0%,0
Meta Ads,,FaceBook_Degreefyd_B,2026-02-17,All Multi-Course Meta - SK - 16-02-2026,MCA Course Meta - SK - 16-02-2026,11.2,,,0,0,11,,0,-,-,-,0%,0
Meta Ads,,FaceBook_Degreefyd_B,2026-02-17,IGNOU_Online_Courses_Admission_DFYD,IGNOU_Online_Courses_Admission_DFYD_Delhi_NCR_Ad01,434.67,7,4,0,0,62,2,0,-,-,-,43%,0
Meta Ads,,FaceBook_Degreefyd_B,2026-02-17,All Multi-Course Meta - SK - 16-02-2026,B.Com Course Meta - SK - 16-02-2026,20.5,,,0,0,21,,0,-,-,-,0%,0
Meta Ads,,FaceBook_Degreefyd_B,2026-02-17,All Multi-Course Meta - SK - 16-02-2026,BCA Course Meta - SK - 16-02-2026,65.4,,,0,0,65,,0,-,-,-,0%,0
Meta Ads,,FaceBook_Degreefyd_B,2026-02-17,All Multi-Course Meta - SK - 16-02-2026,BBA Course Meta - SK - 16-02-2026,22.17,,1,0,0,22,0,0,-,-,-,0%,0
Meta Ads,,FaceBook_Degreefyd_B,2026-02-17,New BBA + BCA + MBA + MCA  All  University - SK - 16-02-2026,New BBA + BCA + MBA + MCA  All  University - SK - 16-02-2026,129.11,,,0,0,129,,0,-,-,-,0%,0
Meta Ads,,FaceBook_Degreefyd_B,2026-02-17,BBA + BCA + MBA + MCA  All  University - SK - 13-02-2026,BBA + BCA + MBA + MCA  All  University - SK - 13-02-2026,934.16,4,4,0,0,234,1,0,-,-,-,0%,0
Meta Ads,,FaceBook_Degreefyd_B,2026-02-17,Galgotias_Lead_2026,Galgotias_Leads_2026_P_Ad_01,1030.21,14,8,1,1,74,2,10000,1030.21,1030.21,10.30%,43%,20000
Meta Ads,,FaceBook_Degreefyd_B,2026-02-17,IGNOU_Online_Courses_Admission_DFYD,IGNOU_Online_Courses_Admission_DFYD_Rest_Ad01,409.87,10,4,0,0,41,3,0,-,-,-,60%,0
Meta Ads,,FaceBook_Degreefyd_B,2026-02-17,Without Target All Multi-Course Meta - SK - 16-02-2026,BA Course Meta - SK - 16-02-2026,251.48,3,,0,0,84,3,0,-,-,-,100%,0
Google Ads,Brand,EP_Partner_Amity_Online_DFYD,2026-02-17,Amity_Online_Admission_COS,23492797149,456.62,0,,0,0,457,0,0,-,-,-,0%,0
Google Ads,DSA,Core_Online_DSA,2026-02-17,DSA_Admission_Core_Online_Colleges_Courses,23500139647,86.96,1,1,0,0,87,1,0,-,-,-,0%,0
Google Ads,Brand,EP_Partner_LPU_Online_DFYD,2026-02-17,LPU_Online_Delta,23512571403,1297.65,4,4,0,0,324,1,0,-,-,-,0%,0
Google Ads,DSA,Degreefyd_Generic_Regular,2026-02-17,DSA_Admission_Online_Distance,23349276370,2006.68,57,51,0,0,35,1,0,-,-,-,11%,0
Google Ads,Brand,EP_CU_Online_DFYD,2026-02-17,CU_Online_Admission_Delta,23502437890,2146.76,5,5,2,2,429,1,58101.75,1073.38,1073.38,3.69%,0%,66937.5
Google Ads,Brand,EP_Partnere_Shoolini_DFYD,2026-02-17,Shoolini_Online_Delta,23534722448,314.31,0,,0,0,314,0,0,-,-,-,0%,0
Google Ads,Brand,Amity_Partner_001,2026-02-17,Partner_Amity_Online_2026,23228113322,2479.65,12,12,0,0,207,1,0,-,-,-,0%,0
Meta Ads,,FaceBook_University_Admit,2026-02-18,F_UA01_{UG All Colleges V02.1},F_UA01_{UG All Colleges V02}{INT01}_C02,325.46,5,3,0,0,65,2,0,-,-,-,40%,0
Meta Ads,,FaceBook_University_Admit,2026-02-18,F_UA01_{UG All Colleges V03.1},F_UA01_{UG All Colleges 3.1} {INT 01} {C1.3},69.84,3,3,0,0,23,1,0,-,-,-,0%,0
Meta Ads,,FaceBook_University_Admit,2026-02-18,F_UA01_{UG All Colleges V02.1},F_UA01_{UG All Colleges V02}{INT01}_C05,0.02,,,0,0,0,,0,-,-,-,0%,0
Meta Ads,,FaceBook_University_Admit,2026-02-18,F_UA01_{UG All Colleges V03.1},F_UA01_{UG All Colleges 3.1} {INT 01} {C1.4),593.55,2,3,0,0,297,1,0,-,-,-,-50%,0
Meta Ads,,FaceBook_University_Admit,2026-02-18,F_UA01_{UG All Colleges V02.1},F_UA01_{UG All Colleges V02}{INT01}_C06,124.71,4,5,1,0,31,1,0,124.71,-,-,-25%,0
Meta Ads,,FaceBook_University_Admit,2026-02-18,F_UA1_All Colleges_MBA_Aryan v1.1,F_UA1_Amity_MBA_Aryan (INT 02) _C03,301.68,,,0,0,302,,0,-,-,-,0%,0
Meta Ads,,FaceBook_University_Admit,2026-02-18,F_UA1_All Colleges_MBA_Aryan v1.1,F_UA1_Amity_MBA_Aryan (INT 02) _C04,0.63,,,0,0,1,,0,-,-,-,0%,0
Meta Ads,,FaceBook_University_Admit,2026-02-18,F_UA1_All Colleges_MBA_Aryan v1.1,F_UA1_Amity_MBA_Aryan (INT 02) _C02,0.11,,,0,0,0,,0,-,-,-,0%,0
Meta Ads,,FaceBook_University_Admit,2026-02-18,LAL_UA01_(All Colleges UG) LAL0.1,LAL_UA01_(All Colleges UG)_INT01_C01,532.72,8,6,0,0,67,1,0,-,-,-,25%,0
Meta Ads,,FaceBook_University_Admit,2026-02-18,LAL_UA01_(All Colleges UG) LAL0.1,LAL_UA01_(All Colleges UG)_INT01_C02,6.92,,,0,0,7,,0,-,-,-,0%,0
Meta Ads,,FaceBook_University_Admit,2026-02-18,LAL_UA01_(All Colleges UG) LAL0.1,LAL_UA01_(All Colleges UG)_INT01_C03,40.53,,,0,0,41,,0,-,-,-,0%,0
Meta Ads,,FaceBook_University_Admit,2026-02-18,F_UA01_{UG All Colleges V02.1},F_UA01_{UG All Colleges V02}{INT01}_C07,251.81,7,4,0,0,36,2,0,-,-,-,43%,0
Meta Ads,,FaceBook_University_Admit,2026-02-18,F_UA1_All Colleges_MBA_Aryan v1.3,F_UA1_All Colleges_MBA_(INTO1)_Aryan v1.3_01,63.47,,,0,0,63,,0,-,-,-,0%,0
Meta Ads,,FaceBook_University_Admit,2026-02-18,F_UA1_All Colleges_MBA_Aryan v1.3,F_UA1_All Colleges_MBA_(INTO1)_Aryan v1.3_02,135.78,,,0,0,136,,0,-,-,-,0%,0
Meta Ads,,FaceBook_University_Admit,2026-02-18,F_UA1_All Colleges_MBA_Aryan v1.3,F_UA1_All Colleges_MBA_(INTO1)_Aryan v1.3_03,33.14,1,1,0,0,33,1,0,-,-,-,0%,0
Meta Ads,,FaceBook_Degreefyd_B,2026-02-18,UG_Online_Admission_2026,UG_Online_Admission_Ad_Set01_Ad02,1069.24,17,14,3,3,63,1,124320,356.4133333,356.4133333,0.86%,18%,124320
Meta Ads,,FaceBook_Degreefyd_B,2026-02-18,IGNOU_Online_Courses_Admission_DFYD,IGNOU_Online_Courses_Admission_DFYD_Delhi_NCR_Ad01,456.28,12,12,1,1,38,1,32680.8,456.28,456.28,1.40%,0%,44280
Meta Ads,,FaceBook_Degreefyd_B,2026-02-18,IGNOU_Online_Courses_Admission_DFYD,IGNOU_Online_Courses_Admission_DFYD_Rest_Ad01,452.04,9,7,0,0,50,1,0,-,-,-,22%,0
Meta Ads,,FaceBook_Degreefyd_B,2026-02-18,Galgotias_Lead_2026,Galgotias_Leads_2026_P_Ad_01,1040.45,18,15,1,1,58,1,16500,1040.45,1040.45,6.31%,17%,33000
Meta Ads,,FaceBook_Degreefyd_B,2026-02-18,BBA + BCA + MBA + MCA  All  University - SK - 13-02-2026,BBA + BCA + MBA + MCA  All  University - SK - 13-02-2026,695.43,4,1,0,0,174,4,0,-,-,-,75%,0
Meta Ads,,FaceBook_Degreefyd_B,2026-02-18,Without Target All Multi-Course Meta - SK - 16-02-2026,MBA Course Meta - SK - 16-02-2026,0.01,,,0,0,0,,0,-,-,-,0%,0
Meta Ads,,FaceBook_Degreefyd_B,2026-02-18,Without Target All Multi-Course Meta - SK - 16-02-2026,MCA Course Meta - SK - 16-02-2026,45.83,,,0,0,46,,0,-,-,-,0%,0
Meta Ads,,FaceBook_Degreefyd_B,2026-02-18,Without Target All Multi-Course Meta - SK - 16-02-2026,B.Com Course Meta - SK - 16-02-2026,34.29,1,1,0,0,34,1,0,-,-,-,0%,0
Meta Ads,,FaceBook_Degreefyd_B,2026-02-18,Without Target All Multi-Course Meta - SK - 16-02-2026,BCA Course Meta - SK - 16-02-2026,32.92,,,0,0,33,,0,-,-,-,0%,0
Meta Ads,,FaceBook_Degreefyd_B,2026-02-18,Without Target All Multi-Course Meta - SK - 16-02-2026,BBA Course Meta - SK - 16-02-2026,34.36,,,0,0,34,,0,-,-,-,0%,0
Meta Ads,,FaceBook_Degreefyd_B,2026-02-18,Without Target All Multi-Course Meta - SK - 16-02-2026,BA Course Meta - SK - 16-02-2026,408.16,,,0,0,408,,0,-,-,-,0%,0
Google Ads,Brand,Amity_Partner_001,2026-02-18,Partner_Amity_Online_2026,23228113322,3215.52,16,13,0,0,201,1,0,-,-,-,19%,0
Google Ads,Brand,EP_Partnere_Shoolini_DFYD,2026-02-18,Shoolini_Online_Delta,23534722448,338.19,1,1,0,0,338,1,0,-,-,-,0%,0
Google Ads,DSA,Degreefyd_Generic_Regular,2026-02-18,DSA_Admission_Online_Distance,23349276370,3198.57,70,65,0,0,46,1,0,-,-,-,7%,0
Google Ads,DSA,Core_Online_DSA,2026-02-18,DSA_Admission_Core_Online_Colleges_Courses,23500139647,40.74,1,1,0,0,41,1,0,-,-,-,0%,0
Google Ads,Brand,EP_Partner_LPU_Online_DFYD,2026-02-18,LPU_Online_Delta,23512571403,2270.34,2,2,0,0,1135,1,0,-,-,-,0%,0
Google Ads,Brand,EP_CU_Online_DFYD,2026-02-18,CU_Online_Admission_Delta,23502437890,3255.52,9,8,0,0,362,1,0,-,-,-,11%,0
Google Ads,Generic,Degreefyd_Generic_Online_IU,2026-02-18,Search Ads - Online MBA - SK- 13-02-2026,23556131757,204.91,0,,0,0,205,0,0,-,-,-,0%,0
Google Ads,Brand,EP_Partner_Amity_Online_DFYD,2026-02-18,Amity_Online_Admission_COS,23492797149,898.01,2,2,0,0,449,1,0,-,-,-,0%,0
Meta Ads,,FaceBook_University_Admit,2026-02-19,F_UA01_{UG All Colleges V02.1},F_UA01_{UG All Colleges V02}{INT01}_C02,314.64,8,4,0,0,39,2,0,-,-,-,50%,0
Meta Ads,,FaceBook_University_Admit,2026-02-19,F_UA01_{UG All Colleges V03.1},F_UA01_{UG All Colleges 3.1} {INT 01} {C1.3},124.89,3,2,0,0,42,2,0,-,-,-,33%,0
Meta Ads,,FaceBook_University_Admit,2026-02-19,F_UA01_{UG All Colleges V02.1},F_UA01_{UG All Colleges V02}{INT01}_C05,3.26,,,0,0,3,,0,-,-,-,0%,0
Meta Ads,,FaceBook_University_Admit,2026-02-19,F_UA01_{UG All Colleges V03.1},F_UA01_{UG All Colleges 3.1} {INT 01} {C1.4),753.89,5,3,0,0,151,2,0,-,-,-,40%,0
Meta Ads,,FaceBook_University_Admit,2026-02-19,LAL_UA01_(All Colleges UG) LAL0.1,LAL_UA01_(All Colleges UG)_INT01_C01,1177.39,14,11,0,0,84,1,0,-,-,-,21%,0
Meta Ads,,FaceBook_University_Admit,2026-02-19,F_UA01_{UG All Colleges V02.1},F_UA01_{UG All Colleges V02}{INT01}_C07,559.14,4,4,0,0,140,1,0,-,-,-,0%,0
Meta Ads,,FaceBook_University_Admit,2026-02-19,F_UA1_All Colleges_MBA_Aryan v1.3,F_UA1_All Colleges_MBA_(INTO1)_Aryan v1.3_01,56.68,1,1,0,0,57,1,0,-,-,-,0%,0
Meta Ads,,FaceBook_University_Admit,2026-02-19,F_UA1_All Colleges_MBA_Aryan v1.3,F_UA1_All Colleges_MBA_(INTO1)_Aryan v1.3_02,227.48,,,0,0,227,,0,-,-,-,0%,0
Meta Ads,,FaceBook_University_Admit,2026-02-19,F_UA1_All Colleges_MBA_Aryan v1.3,F_UA1_All Colleges_MBA_(INTO1)_Aryan v1.3_03,586.35,4,3,0,0,147,1,0,-,-,-,25%,0
Meta Ads,,FaceBook_Degreefyd_B,2026-02-19,UG_Online_Admission_2026,UG_Online_Admission_Ad_Set01_Ad02,1003.04,11,6,0,0,91,2,0,-,-,-,45%,0
Meta Ads,,FaceBook_Degreefyd_B,2026-02-19,IGNOU_Online_Courses_Admission_DFYD,IGNOU_Online_Courses_Admission_DFYD_Delhi_NCR_Ad01,430.22,10,6,0,0,43,2,0,-,-,-,40%,0
Meta Ads,,FaceBook_Degreefyd_B,2026-02-19,IGNOU_Online_Courses_Admission_DFYD,IGNOU_Online_Courses_Admission_DFYD_Rest_Ad01,609.45,19,9,0,0,32,2,0,-,-,-,53%,0
Meta Ads,,FaceBook_Degreefyd_B,2026-02-19,Galgotias_Lead_2026,Galgotias_Leads_2026_P_Ad_01,1022.99,24,10,1,1,43,2,19250,1022.99,1022.99,5.31%,58%,38500
Google Ads,DSA,Core_Online_DSA,2026-02-19,DSA_Admission_Core_Online_Colleges_Courses,23500139647,70.9,2,2,0,0,35,1,0,-,-,-,0%,0
Google Ads,Brand,EP_Partner_LPU_Online_DFYD,2026-02-19,LPU_Online_Delta,23512571403,3158.28,6,5,0,0,526,1,0,-,-,-,17%,0
Google Ads,Brand,EP_Partnere_Shoolini_DFYD,2026-02-19,Shoolini_Online_Delta,23534722448,94.64,0,,0,0,95,0,0,-,-,-,0%,0
Google Ads,Brand,EP_Partner_Amity_Online_DFYD,2026-02-19,Amity_Online_Admission_COS,23492797149,62.42,0,,0,0,62,0,0,-,-,-,0%,0
Google Ads,Brand,EP_CU_Online_DFYD,2026-02-19,CU_Online_Admission_Delta,23502437890,2153.87,6,5,0,0,359,1,0,-,-,-,17%,0
Google Ads,Brand,Amity_Partner_001,2026-02-19,Partner_Amity_Online_2026,23228113322,3144.67,10,10,1,0,314,1,0,3144.67,-,-,0%,0
Google Ads,Brand,EP_GLA_Online_DFYD,2026-02-19,GLA_Online_Delta,23469079822,85.09,0,,0,0,85,0,0,-,-,-,0%,0
Google Ads,DSA,Degreefyd_Generic_Regular,2026-02-19,DSA_Admission_Online_Distance,23349276370,2423.64,55,49,3,1,44,1,5775,807.88,2423.64,41.97%,11%,34650
Meta Ads,,FaceBook_University_Admit,2026-02-20,F_UA01_{UG All Colleges V02.1},F_UA01_{UG All Colleges V02}{INT01}_C02,739.38,13,8,0,0,57,2,0,-,-,-,38%,0
Meta Ads,,FaceBook_University_Admit,2026-02-20,F_UA01_{UG All Colleges V03.1},F_UA01_{UG All Colleges 3.1} {INT 01} {C1.3},112.77,,,0,0,113,,0,-,-,-,0%,0
Meta Ads,,FaceBook_University_Admit,2026-02-20,F_UA01_{UG All Colleges V03.1},F_UA01_{UG All Colleges 3.1} {INT 01} {C1.4),929.74,16,12,0,0,58,1,0,-,-,-,25%,0
Meta Ads,,FaceBook_University_Admit,2026-02-20,LAL_UA01_(All Colleges UG) LAL0.1,LAL_UA01_(All Colleges UG)_INT01_C01,1171.07,16,15,0,0,73,1,0,-,-,-,6%,0
Meta Ads,,FaceBook_University_Admit,2026-02-20,F_UA01_{UG All Colleges V02.1},F_UA01_{UG All Colleges V02}{INT01}_C07,236.35,4,1,0,0,59,4,0,-,-,-,75%,0
Meta Ads,,FaceBook_University_Admit,2026-02-20,F_UA1_All Colleges_MBA_Aryan v1.3,F_UA1_All Colleges_MBA_(INTO1)_Aryan v1.3_01,37.8,,,0,0,38,,0,-,-,-,0%,0
Meta Ads,,FaceBook_University_Admit,2026-02-20,F_UA1_All Colleges_MBA_Aryan v1.3,F_UA1_All Colleges_MBA_(INTO1)_Aryan v1.3_02,3.48,,,0,0,3,,0,-,-,-,0%,0
Meta Ads,,FaceBook_University_Admit,2026-02-20,F_UA1_All Colleges_MBA_Aryan v1.3,F_UA1_All Colleges_MBA_(INTO1)_Aryan v1.3_03,756.48,6,5,0,0,126,1,0,-,-,-,17%,0
Meta Ads,,FaceBook_Degreefyd_B,2026-02-20,UG_Online_Admission_2026,UG_Online_Admission_Ad_Set01_Ad02,1087.67,20,14,0,0,54,1,0,-,-,-,30%,0
Meta Ads,,FaceBook_Degreefyd_B,2026-02-20,IGNOU_Online_Courses_Admission_DFYD,IGNOU_Online_Courses_Admission_DFYD_Delhi_NCR_Ad01,443.04,7,6,0,0,63,1,0,-,-,-,14%,0
Meta Ads,,FaceBook_Degreefyd_B,2026-02-20,IGNOU_Online_Courses_Admission_DFYD,IGNOU_Online_Courses_Admission_DFYD_Rest_Ad01,426.66,16,12,0,0,27,1,0,-,-,-,25%,0
Meta Ads,,FaceBook_Degreefyd_B,2026-02-20,Galgotias_Lead_2026,Galgotias_Leads_2026_P_Ad_01,1036.85,28,21,1,0,37,1,0,1036.85,-,-,25%,0
Google Ads,Brand,EP_GLA_Online_DFYD,2026-02-20,GLA_Online_Delta,23469079822,541.24,2,2,1,0,271,1,0,541.24,-,-,0%,0
Google Ads,DSA,Degreefyd_Generic_Regular,2026-02-20,DSA_Admission_Online_Distance,23349276370,1632.94,48,47,0,0,34,1,0,-,-,-,2%,0
Google Ads,Brand,Amity_Partner_001,2026-02-20,Partner_Amity_Online_2026,23228113322,2688,10,10,1,0,269,1,0,2688,-,-,0%,0
Google Ads,Brand,EP_CU_Online_DFYD,2026-02-20,CU_Online_Admission_Delta,23502437890,2425.66,1.67,1,0,0,1452,2,0,-,-,-,40%,0
Google Ads,Brand,EP_Partnere_Shoolini_DFYD,2026-02-20,Shoolini_Online_Delta,23534722448,856.24,2,1,0,0,428,2,0,-,-,-,50%,0
Google Ads,DSA,Core_Online_DSA,2026-02-20,DSA_Admission_Core_Online_Colleges_Courses,23500139647,42.95,0,,0,0,43,0,0,-,-,-,0%,0
Google Ads,Brand,EP_Partner_LPU_Online_DFYD,2026-02-20,LPU_Online_Delta,23512571403,1385.02,4,4,0,0,346,1,0,-,-,-,0%,0
Google Ads,Brand,EP_Partner_Amity_Online_DFYD,2026-02-20,Amity_Online_Admission_COS,23492797149,530.56,1,1,0,0,531,1,0,-,-,-,0%,0
Meta Ads,,FaceBook_University_Admit,2026-02-21,F_UA01_{UG All Colleges V02.1},F_UA01_{UG All Colleges V02}{INT01}_C02,740.98,9,6,0,0,82,2,0,-,-,-,33%,0
Meta Ads,,FaceBook_University_Admit,2026-02-21,F_UA1_All Colleges_MBA_Aryan v1.1,F_UA1_All Colleges_MBA_Aryan (INT 01)_ 1.3,65.37,1,1,0,0,65,1,0,-,-,-,0%,0
Meta Ads,,FaceBook_University_Admit,2026-02-21,F_UA1_All Colleges_MBA_Aryan v1.1,F_UA1_All Colleges_MBA_Aryan (INT 01)_ 1.4,1312.8,13,7,0,0,101,2,0,-,-,-,46%,0
Meta Ads,,FaceBook_University_Admit,2026-02-21,F_UA01_{UG All Colleges V03.1},F_UA01_{UG All Colleges 3.1} {INT 01} {C1.3},486.34,8,4,0,0,61,2,0,-,-,-,50%,0
Meta Ads,,FaceBook_University_Admit,2026-02-21,F_UA01_{UG All Colleges V02.1},F_UA01_{UG All Colleges V02}{INT01}_C05,0.98,,,0,0,1,,0,-,-,-,0%,0
Meta Ads,,FaceBook_University_Admit,2026-02-21,F_UA01_{UG All Colleges V03.1},F_UA01_{UG All Colleges 3.1} {INT 01} {C1.4),435.42,1,3,0,0,435,0,0,-,-,-,-200%,0
Meta Ads,,FaceBook_University_Admit,2026-02-21,F_UA1_All Colleges_MBA_Aryan v1.1,F_UA1_Amity_MBA_Aryan (INT 02) _C04,822.51,2,1,0,0,411,2,0,-,-,-,50%,0
Meta Ads,,FaceBook_University_Admit,2026-02-21,F_UA1_All Colleges_MBA_Aryan v1.1,F_UA1_Amity_MBA_Aryan (INT 02) _C02,51.97,,,0,0,52,,0,-,-,-,0%,0
Meta Ads,,FaceBook_University_Admit,2026-02-21,LAL_UA01_(All Colleges UG) LAL0.1,LAL_UA01_(All Colleges UG)_INT01_C01,880.97,6,8,0,0,147,1,0,-,-,-,-33%,0
Meta Ads,,FaceBook_University_Admit,2026-02-21,F_UA01_{UG All Colleges V02.1},F_UA01_{UG All Colleges V02}{INT01}_C07,172.31,1,1,0,0,172,1,0,-,-,-,0%,0
Meta Ads,,FaceBook_University_Admit,2026-02-21,F_UA1_All Colleges_MBA_Aryan v1.3,F_UA1_All Colleges_MBA_(INTO1)_Aryan v1.3_01,19.54,,,0,0,20,,0,-,-,-,0%,0
Meta Ads,,FaceBook_University_Admit,2026-02-21,F_UA1_All Colleges_MBA_Aryan v1.3,F_UA1_All Colleges_MBA_(INTO1)_Aryan v1.3_02,4.89,,,0,0,5,,0,-,-,-,0%,0
Meta Ads,,FaceBook_University_Admit,2026-02-21,F_UA1_All Colleges_MBA_Aryan v1.3,F_UA1_All Colleges_MBA_(INTO1)_Aryan v1.3_03,638.13,4,2,0,0,160,2,0,-,-,-,50%,0
Meta Ads,,FaceBook_University_Admit,2026-02-22,F_UA01_{UG All Colleges V02.1},F_UA01_{UG All Colleges V02}{INT01}_C02,730.1,10,6,0,0,73,2,0,-,-,-,40%,0
Meta Ads,,FaceBook_University_Admit,2026-02-22,F_UA1_All Colleges_MBA_Aryan v1.1,F_UA1_All Colleges_MBA_Aryan (INT 01)_ 1.3,0.01,,,0,0,0,,0,-,-,-,0%,0
Meta Ads,,FaceBook_University_Admit,2026-02-22,F_UA1_All Colleges_MBA_Aryan v1.1,F_UA1_All Colleges_MBA_Aryan (INT 01)_ 1.4,1016.7,13,11,0,0,78,1,0,-,-,-,15%,0
Meta Ads,,FaceBook_University_Admit,2026-02-22,F_UA01_{UG All Colleges V03.1},F_UA01_{UG All Colleges 3.1} {INT 01} {C1.3},1101.86,6,6,0,0,184,1,0,-,-,-,0%,0
Meta Ads,,FaceBook_University_Admit,2026-02-22,F_UA01_{UG All Colleges V02.1},F_UA01_{UG All Colleges V02}{INT01}_C05,0.05,,,0,0,0,,0,-,-,-,0%,0
Meta Ads,,FaceBook_University_Admit,2026-02-22,LAL_UA01_(All Colleges UG) LAL0.1,LAL_UA01_(All Colleges UG)_INT01_C01,887.96,5,6,0,0,178,1,0,-,-,-,-20%,0
Meta Ads,,FaceBook_University_Admit,2026-02-22,F_UA01_{UG All Colleges V02.1},F_UA01_{UG All Colleges V02}{INT01}_C07,514.3,12,8,0,0,43,2,0,-,-,-,33%,0
Meta Ads,,FaceBook_University_Admit,2026-02-22,F_UA1_All Colleges_MBA_Aryan v1.3,F_UA1_All Colleges_MBA_(INTO1)_Aryan v1.3_03,795.33,2,2,0,0,398,1,0,-,-,-,0%,0
Meta Ads,,FaceBook_Degreefyd_B,2026-02-21,UG_Online_Admission_2026,UG_Online_Admission_Ad_Set01_Ad02,1009.69,16,12,1,0,63,1,0,1009.69,-,-,25%,0
Meta Ads,,FaceBook_Degreefyd_B,2026-02-21,IGNOU_Online_Courses_Admission_DFYD,IGNOU_Online_Courses_Admission_DFYD_Delhi_NCR_Ad01,393.21,9,6,0,0,44,2,0,-,-,-,33%,0
Meta Ads,,FaceBook_Degreefyd_B,2026-02-21,IGNOU_Online_Courses_Admission_DFYD,IGNOU_Online_Courses_Admission_DFYD_Rest_Ad01,417.4,18,14,0,0,23,1,0,-,-,-,22%,0
Meta Ads,,FaceBook_Degreefyd_B,2026-02-21,Galgotias_Lead_2026,Galgotias_Leads_2026_P_Ad_01,926.8,20,20,0,0,46,1,0,-,-,-,0%,0
Meta Ads,,FaceBook_Degreefyd_B,2026-02-22,UG_Online_Admission_2026,UG_Online_Admission_Ad_Set01_Ad02,1233.71,16,12,1,1,77,1,7830,1233.71,1233.71,15.76%,25%,46980
Meta Ads,,FaceBook_Degreefyd_B,2026-02-22,IGNOU_Online_Courses_Admission_DFYD,IGNOU_Online_Courses_Admission_DFYD_Delhi_NCR_Ad01,525.24,16,10,0,0,33,2,0,-,-,-,38%,0
Meta Ads,,FaceBook_Degreefyd_B,2026-02-22,IGNOU_Online_Courses_Admission_DFYD,IGNOU_Online_Courses_Admission_DFYD_Rest_Ad01,590.5,15,13,0,0,39,1,0,-,-,-,13%,0
Meta Ads,,FaceBook_Degreefyd_B,2026-02-22,Galgotias_Lead_2026,Galgotias_Leads_2026_P_Ad_01,1389.74,23,11,0,0,60,2,0,-,-,-,52%,0
Google Ads,Brand,EP_Partnere_Shoolini_DFYD,2026-02-21,Shoolini_Online_Delta,23534722448,1702.69,0,,0,0,1703,0,0,-,-,-,0%,0
Google Ads,Brand,EP_Partnere_Shoolini_DFYD,2026-02-22,Shoolini_Online_Delta,23534722448,1543.06,2,2,0,0,772,1,0,-,-,-,0%,0
Google Ads,DSA,Core_Online_DSA,2026-02-21,DSA_Admission_Core_Online_Colleges_Courses,23500139647,26.38,0,,0,0,26,0,0,-,-,-,0%,0
Google Ads,Brand,EP_Partner_LPU_Online_DFYD,2026-02-21,LPU_Online_Delta,23512571403,2102.73,1,1,0,0,2103,1,0,-,-,-,0%,0
Google Ads,DSA,Core_Online_DSA,2026-02-22,DSA_Admission_Core_Online_Colleges_Courses,23500139647,77.83,1,1,0,0,78,1,0,-,-,-,0%,0
Google Ads,Brand,EP_Partner_LPU_Online_DFYD,2026-02-22,LPU_Online_Delta,23512571403,2345.18,4,4,0,0,586,1,0,-,-,-,0%,0
Google Ads,DSA,Degreefyd_Generic_Regular,2026-02-21,DSA_Admission_Online_Distance,23349276370,1900.09,67,56,0,0,28,1,0,-,-,-,16%,0
Google Ads,DSA,Degreefyd_Generic_Regular,2026-02-22,DSA_Admission_Online_Distance,23349276370,2386.84,59,53,0,0,40,1,0,-,-,-,10%,0
Google Ads,Brand,Amity_Partner_001,2026-02-21,Partner_Amity_Online_2026,23228113322,2012.18,12,12,1,1,168,1,9187.5,2012.18,2012.18,21.90%,0%,73500
Google Ads,Brand,Amity_Partner_001,2026-02-22,Partner_Amity_Online_2026,23228113322,2632.27,15,12,0,0,175,1,0,-,-,-,20%,0
Google Ads,Brand,EP_Partner_Amity_Online_DFYD,2026-02-21,Amity_Online_Admission_COS,23492797149,2023.97,6,6,0,0,337,1,0,-,-,-,0%,0
Google Ads,Brand,EP_Partner_Amity_Online_DFYD,2026-02-22,Amity_Online_Admission_COS,23492797149,1833.96,2,2,0,0,917,1,0,-,-,-,0%,0
Google Ads,Brand,EP_GLA_Online_DFYD,2026-02-21,GLA_Online_Delta,23469079822,1064.08,0,,0,0,1064,0,0,-,-,-,0%,0
Google Ads,Brand,EP_GLA_Online_DFYD,2026-02-22,GLA_Online_Delta,23469079822,1598.72,1,2,0,0,1599,1,0,-,-,-,-100%,0
Google Ads,Brand,EP_CU_Online_DFYD,2026-02-21,CU_Online_Admission_Delta,23502437890,2313.89,6,5,0,0,386,1,0,-,-,-,17%,0
Google Ads,Brand,EP_CU_Online_DFYD,2026-02-22,CU_Online_Admission_Delta,23502437890,2591.15,6,6,1,0,432,1,0,2591.15,-,-,0%,0
Meta Ads,,FaceBook_University_Admit,2026-02-23,F_UA01_{UG All Colleges V02.1},F_UA01_{UG All Colleges V02}{INT01}_C02,405.39,4,2,0,0,101,2,0,-,-,-,50%,0
Meta Ads,,FaceBook_University_Admit,2026-02-23,F_UA1_All Colleges_MBA_Aryan v1.1,F_UA1_All Colleges_MBA_Aryan (INT 01)_ 1.3,2.71,,,0,0,3,,0,-,-,-,0%,0
Meta Ads,,FaceBook_University_Admit,2026-02-23,F_UA1_All Colleges_MBA_Aryan v1.1,F_UA1_All Colleges_MBA_Aryan (INT 01)_ 1.4,868.2,11,9,0,0,79,1,0,-,-,-,18%,0
Meta Ads,,FaceBook_University_Admit,2026-02-23,F_UA01_{UG All Colleges V03.1},F_UA01_{UG All Colleges 3.1} {INT 01} {C1.3},1171.81,10,11,0,0,117,1,0,-,-,-,-10%,0
Meta Ads,,FaceBook_University_Admit,2026-02-23,F_UA01_{UG All Colleges V02.1},F_UA01_{UG All Colleges V02}{INT01}_C05,0.2,,,0,0,0,,0,-,-,-,0%,0
Meta Ads,,FaceBook_University_Admit,2026-02-23,LAL_UA01_(All Colleges UG) LAL0.1,LAL_UA01_(All Colleges UG)_INT01_C01,1131.8,12,11,0,0,94,1,0,-,-,-,8%,0
Meta Ads,,FaceBook_University_Admit,2026-02-23,F_UA01_{UG All Colleges V02.1},F_UA01_{UG All Colleges V02}{INT01}_C07,940.13,20,15,0,0,47,1,0,-,-,-,25%,0
Meta Ads,,FaceBook_University_Admit,2026-02-23,F_UA1_All Colleges_MBA_Aryan v1.3,F_UA1_All Colleges_MBA_(INTO1)_Aryan v1.3_03,819.93,9,5,0,0,91,2,0,-,-,-,44%,0
Meta Ads,,FaceBook_Degreefyd_B,2026-02-23,Galgotias_Lead_2026,Galgotias_Leads_2026_P_Ad_01,1054.14,15,15,2,1,70,1,16500,527.07,1054.14,6.39%,0%,33000
Meta Ads,,FaceBook_Degreefyd_B,2026-02-23,UG_Online_Admission_2026,UG_Online_Admission_Ad_Set01_Ad02,1169.46,22,10,0,0,53,2,0,-,-,-,55%,0
Meta Ads,,FaceBook_Degreefyd_B,2026-02-23,IGNOU_Online_Courses_Admission_DFYD,IGNOU_Online_Courses_Admission_DFYD_Delhi_NCR_Ad01,468.41,19,13,0,0,25,1,0,-,-,-,32%,0
Meta Ads,,FaceBook_Degreefyd_B,2026-02-23,IGNOU_Online_Courses_Admission_DFYD,IGNOU_Online_Courses_Admission_DFYD_Rest_Ad01,560.18,16,13,0,0,35,1,0,-,-,-,19%,0
Google Ads,Brand,Amity_Partner_001,2026-02-23,Partner_Amity_Online_2026,23228113322,2129.07,9,7,0,0,237,1,0,-,-,-,22%,0
Google Ads,DSA,Core_Online_DSA,2026-02-23,DSA_Admission_Core_Online_Colleges_Courses,23500139647,111.41,2,2,0,0,56,1,0,-,-,-,0%,0
Google Ads,Brand,EP_Partner_LPU_Online_DFYD,2026-02-23,LPU_Online_Delta,23512571403,2149.01,4,4,0,0,537,1,0,-,-,-,0%,0
Google Ads,Brand,EP_Partnere_Shoolini_DFYD,2026-02-23,Shoolini_Online_Delta,23534722448,1548.15,0,,0,0,1548,0,0,-,-,-,0%,0
Google Ads,Brand,EP_GLA_Online_DFYD,2026-02-23,GLA_Online_Delta,23469079822,1213.57,0,,0,0,1214,0,0,-,-,-,0%,0
Google Ads,Brand,EP_Partner_Amity_Online_DFYD,2026-02-23,Amity_Online_Admission_COS,23492797149,2467.74,5,5,0,0,494,1,0,-,-,-,0%,0
Google Ads,Brand,EP_CU_Online_DFYD,2026-02-23,CU_Online_Admission_Delta,23502437890,1310.68,0,2,1,1,1311,0,40329.45,1310.68,1310.68,3.25%,0%,46462.5
Google Ads,DSA,Degreefyd_Generic_Regular,2026-02-23,DSA_Admission_Online_Distance,23349276370,1710.12,64,57,1,1,27,1,4900,1710.12,1710.12,34.90%,11%,33775
Meta Ads,,FaceBook_University_Admit,2026-02-24,F_UA01_{UG All Colleges V02.1},F_UA01_{UG All Colleges V02}{INT01}_C02,200.52,4,3,0,0,50,1,0,-,-,-,25%,0
Meta Ads,,FaceBook_University_Admit,2026-02-24,F_UA1_All Colleges_MBA_Aryan v1.1,F_UA1_All Colleges_MBA_Aryan (INT 01)_ 1.3,0.18,,,0,0,0,,0,-,-,-,0%,0
Meta Ads,,FaceBook_University_Admit,2026-02-24,F_UA1_All Colleges_MBA_Aryan v1.1,F_UA1_All Colleges_MBA_Aryan (INT 01)_ 1.4,736.14,9,6,1,0,82,2,0,736.14,-,-,33%,0
Meta Ads,,FaceBook_University_Admit,2026-02-24,F_UA01_{UG All Colleges V03.1},F_UA01_{UG All Colleges 3.1} {INT 01} {C1.3},1153.04,6,4,0,0,192,2,0,-,-,-,33%,0
Meta Ads,,FaceBook_University_Admit,2026-02-24,F_UA01_{UG All Colleges V02.1},F_UA01_{UG All Colleges V02}{INT01}_C05,2.83,,,0,0,3,,0,-,-,-,0%,0
Meta Ads,,FaceBook_University_Admit,2026-02-24,LAL_UA01_(All Colleges UG) LAL0.1,LAL_UA01_(All Colleges UG)_INT01_C01,1174.3,11,11,2,1,107,1,49875,587.15,1174.3,2.35%,0%,49875
Meta Ads,,FaceBook_University_Admit,2026-02-24,F_UA01_{UG All Colleges V02.1},F_UA01_{UG All Colleges V02}{INT01}_C07,1011.34,19,21,0,0,53,1,0,-,-,-,-11%,0
Meta Ads,,FaceBook_University_Admit,2026-02-24,F_UA1_All Colleges_MBA_Aryan v1.3,F_UA1_All Colleges_MBA_(INTO1)_Aryan v1.3_03,995.84,7,7,0,0,142,1,0,-,-,-,0%,0
Meta Ads,,FaceBook_University_Admit,2026-02-24,F_UA1_All Colleges_MBA_Aryan v1.1,F_UA1_All Colleges_MBA_Aryan (INT 03)_ 1.1,98.42,,,0,0,98,,0,-,-,-,0%,0
Meta Ads,,FaceBook_University_Admit,2026-02-24,F_UA1_All Colleges_MBA_Aryan v1.1,F_UA1_All Colleges_MBA_Aryan (INT 03)_ 1.3,3.45,,,0,0,3,,0,-,-,-,0%,0
Meta Ads,,FaceBook_University_Admit,2026-02-24,F_UA1_All Colleges_MBA_Aryan v1.1,F_UA1_All Colleges_MBA_Aryan (INT 03)_ 1.2,164.87,1,1,0,0,165,1,0,-,-,-,0%,0
Meta Ads,,FaceBook_University_Admit,2026-02-24,F_UA1_All Colleges_MBA_Aryan v1.1,F_UA1_All Colleges_MBA_Aryan (INT 03)_ 1.4,459.66,5,5,0,0,92,1,0,-,-,-,0%,0
Meta Ads,,FaceBook_Degreefyd_B,2026-02-24,Galgotias_Lead_2026,Galgotias_Leads_2026_P_Ad_01,1409.73,32,24,0,0,44,1,0,-,-,-,25%,0
Meta Ads,,FaceBook_Degreefyd_B,2026-02-24,UG_Online_Admission_2026,UG_Online_Admission_Ad_Set01_Ad02,1379.03,22,22,0,0,63,1,0,-,-,-,0%,0
Meta Ads,,FaceBook_Degreefyd_B,2026-02-24,IGNOU_Online_Courses_Admission_DFYD,IGNOU_Online_Courses_Admission_DFYD_Delhi_NCR_Ad01,454.15,12,8,0,0,38,2,0,-,-,-,33%,0
Meta Ads,,FaceBook_Degreefyd_B,2026-02-24,IGNOU_Online_Courses_Admission_DFYD,IGNOU_Online_Courses_Admission_DFYD_Rest_Ad01,514.13,15,9,0,0,34,2,0,-,-,-,40%,0
Google Ads,DSA,Degreefyd_Generic_Regular,2026-02-24,DSA_Admission_Online_Distance,23349276370,1839.11,70.5,66,0,0,26,1,0,-,-,-,6%,0
Google Ads,Brand,EP_GLA_Online_DFYD,2026-02-24,GLA_Online_Delta,23469079822,732.34,0,,0,0,732,0,0,-,-,-,0%,0
Google Ads,Brand,EP_Partnere_Shoolini_DFYD,2026-02-24,Shoolini_Online_Delta,23534722448,1477.87,1,1,0,0,1478,1,0,-,-,-,0%,0
Google Ads,Brand,EP_CU_Online_DFYD,2026-02-24,CU_Online_Admission_Delta,23502437890,2373.82,9,8,0,0,264,1,0,-,-,-,11%,0
Google Ads,DSA,Core_Online_DSA,2026-02-24,DSA_Admission_Core_Online_Colleges_Courses,23500139647,39.48,0,,0,0,39,0,0,-,-,-,0%,0
Google Ads,Brand,EP_Partner_LPU_Online_DFYD,2026-02-24,LPU_Online_Delta,23512571403,2854.71,6,5,0,0,476,1,0,-,-,-,17%,0
Google Ads,Brand,Amity_Partner_001,2026-02-24,Partner_Amity_Online_2026,23228113322,2130.15,15,14,0,0,142,1,0,-,-,-,7%,0
Google Ads,Brand,EP_Partner_Amity_Online_DFYD,2026-02-24,Amity_Online_Admission_COS,23492797149,2083.57,0,,0,0,2084,0,0,-,-,-,0%,0
Google Ads,Brand,EP_Partner_Amity_Online_DFYD,2026-02-24,Amity_Online_Admission_Delta,23592151339,"1,149.26",1,,0,0,1149,1,0,-,-,-,100%,0
Meta Ads,,FaceBook_University_Admit,2026-02-25,F_UA01_{UG All Colleges V02.1},F_UA01_{UG All Colleges V02}{INT01}_C02,248.07,6,6,0,0,41,1,0,-,-,-,0%,0
Meta Ads,,FaceBook_University_Admit,2026-02-25,F_UA1_All Colleges_MBA_Aryan v1.1,F_UA1_All Colleges_MBA_Aryan (INT 01)_ 1.4,645.15,14,11,1,1,46,1,38500,645.15,645.15,1.68%,21%,38500
Meta Ads,,FaceBook_University_Admit,2026-02-25,F_UA01_{UG All Colleges V03.1},F_UA01_{UG All Colleges 3.1} {INT 01} {C1.3},1041.29,15,15,0,0,69,1,0,-,-,-,0%,0
Meta Ads,,FaceBook_University_Admit,2026-02-25,LAL_UA01_(All Colleges UG) LAL0.1,LAL_UA01_(All Colleges UG)_INT01_C01,919.46,13,13,0,0,71,1,0,-,-,-,0%,0
Meta Ads,,FaceBook_University_Admit,2026-02-25,F_UA01_{UG All Colleges V02.1},F_UA01_{UG All Colleges V02}{INT01}_C07,668.1,8,7,0,0,84,1,0,-,-,-,13%,0
Meta Ads,,FaceBook_University_Admit,2026-02-25,F_UA1_All Colleges_MBA_Aryan v1.3,F_UA1_All Colleges_MBA_(INTO1)_Aryan v1.3_03,706.28,1,1,0,0,706,1,0,-,-,-,0%,0
Meta Ads,,FaceBook_University_Admit,2026-02-25,F_UA1_All Colleges_MBA_Aryan v1.1,F_UA1_All Colleges_MBA_Aryan (INT 03)_ 1.1,4.14,1,1,0,0,4,1,0,-,-,-,0%,0
Meta Ads,,FaceBook_University_Admit,2026-02-25,F_UA1_All Colleges_MBA_Aryan v1.1,F_UA1_All Colleges_MBA_Aryan (INT 03)_ 1.3,0.61,,,0,0,1,,0,-,-,-,0%,0
Meta Ads,,FaceBook_University_Admit,2026-02-25,F_UA1_All Colleges_MBA_Aryan v1.1,F_UA1_All Colleges_MBA_Aryan (INT 03)_ 1.2,4.12,,,0,0,4,,0,-,-,-,0%,0
Meta Ads,,FaceBook_University_Admit,2026-02-25,F_UA1_All Colleges_MBA_Aryan v1.1,F_UA1_All Colleges_MBA_Aryan (INT 03)_ 1.4,1038.4,9,9,0,0,115,1,0,-,-,-,0%,0
Meta Ads,,FaceBook_Degreefyd_B,2026-02-25,Galgotias_Lead_2026,Galgotias_Leads_2026_P_Ad_01,550.16,8,10,1,1,69,1,16500,550.16,550.16,3.33%,-25%,33000
Meta Ads,,FaceBook_Degreefyd_B,2026-02-25,UG_Online_Admission_2026,UG_Online_Admission_Ad_Set01_Ad02,1238.87,22,19,0,0,56,1,0,-,-,-,14%,0
Meta Ads,,FaceBook_Degreefyd_B,2026-02-25,IGNOU_Online_Courses_Admission_DFYD,IGNOU_Online_Courses_Admission_DFYD_Delhi_NCR_Ad01,424.73,19,19,1,0,22,1,0,424.73,-,-,0%,0
Meta Ads,,FaceBook_Degreefyd_B,2026-02-25,IGNOU_Online_Courses_Admission_DFYD,IGNOU_Online_Courses_Admission_DFYD_Rest_Ad01,499.6,13,10,0,0,38,1,0,-,-,-,23%,0
Meta Ads,,FaceBook_Degreefyd_B,2026-02-25,PG_UG_Online_G_Admission,PG_UG_Online_G_Admission_AD_Set1_Core,292.35,3,2,0,0,97,2,0,-,-,-,33%,0
Google Ads,DSA,Degreefyd_Generic_Regular,2026-02-25,DSA_Admission_Online_Distance,23349276370,1892,46.32,53,0,0,41,1,0,-,-,-,-14%,0
Google Ads,Brand,EP_Partnere_Shoolini_DFYD,2026-02-25,Shoolini_Online_Delta,23534722448,1488.78,1,1,0,0,1489,1,0,-,-,-,0%,0
Google Ads,Brand,EP_CU_Online_DFYD,2026-02-25,CU_Online_Admission_Delta,23502437890,2380.99,4,5,1,1,595,1,40329.45,2380.99,2380.99,5.90%,-25%,46462.5
Google Ads,Brand,Amity_Partner_001,2026-02-25,Partner_Amity_Online_2026,23228113322,2370.67,6,5,1,1,395,1,11424,2370.67,2370.67,20.75%,17%,87584
Google Ads,DSA,Core_Online_DSA,2026-02-25,DSA_Admission_Core_Online_Colleges_Courses,23500139647,90.11,2,4,0,0,45,1,0,-,-,-,-100%,0
Google Ads,Brand,EP_Partner_LPU_Online_DFYD,2026-02-25,LPU_Online_Delta,23512571403,2303.27,5,5,0,0,461,1,0,-,-,-,0%,0
Google Ads,Brand,EP_Partner_Amity_Online_DFYD,2026-02-25,Amity_Online_Admission_COS,23492797149,1906.59,4,3,1,1,477,1,32917.5,1906.59,1906.59,5.79%,25%,32917.5
Google Ads,Brand,EP_GLA_Online_DFYD,2026-02-25,GLA_Online_Delta,23469079822,1032.47,1,1,0,0,1032,1,0,-,-,-,0%,0
Meta Ads,,FaceBook_University_Admit,2026-02-26,F_UA01_{UG All Colleges V02.1},F_UA01_{UG All Colleges V02}{INT01}_C02,455.41,10,7,1,1,46,1,47250,455.41,455.41,0.96%,30%,47250
Meta Ads,,FaceBook_University_Admit,2026-02-26,F_UA1_All Colleges_MBA_Aryan v1.1,F_UA1_All Colleges_MBA_Aryan (INT 01)_ 1.3,0.76,,,0,0,1,,0,-,-,-,0%,0
Meta Ads,,FaceBook_University_Admit,2026-02-26,F_UA1_All Colleges_MBA_Aryan v1.1,F_UA1_All Colleges_MBA_Aryan (INT 01)_ 1.4,781.08,3,3,0,0,260,1,0,-,-,-,0%,0
Meta Ads,,FaceBook_University_Admit,2026-02-26,F_UA01_{UG All Colleges V03.1},F_UA01_{UG All Colleges 3.1} {INT 01} {C1.3},122.35,,,0,0,122,,0,-,-,-,0%,0
Meta Ads,,FaceBook_University_Admit,2026-02-26,F_UA01_{UG All Colleges V02.1},F_UA01_{UG All Colleges V02}{INT01}_C05,2.39,,,0,0,2,,0,-,-,-,0%,0
Meta Ads,,FaceBook_University_Admit,2026-02-26,LAL_UA01_(All Colleges UG) LAL0.1,LAL_UA01_(All Colleges UG)_INT01_C01,1027.97,10,8,0,0,103,1,0,-,-,-,20%,0
Meta Ads,,FaceBook_University_Admit,2026-02-26,F_UA01_{UG All Colleges V02.1},F_UA01_{UG All Colleges V02}{INT01}_C07,718.1,10,8,0,0,72,1,0,-,-,-,20%,0
Meta Ads,,FaceBook_University_Admit,2026-02-26,F_UA1_All Colleges_MBA_Aryan v1.3,F_UA1_All Colleges_MBA_(INTO1)_Aryan v1.3_03,754.24,5,5,0,0,151,1,0,-,-,-,0%,0
Meta Ads,,FaceBook_University_Admit,2026-02-26,F_UA1_All Colleges_MBA_Aryan v1.1,F_UA1_All Colleges_MBA_Aryan (INT 03)_ 1.1,3.91,,,0,0,4,,0,-,-,-,0%,0
Meta Ads,,FaceBook_University_Admit,2026-02-26,F_UA1_All Colleges_MBA_Aryan v1.1,F_UA1_All Colleges_MBA_Aryan (INT 03)_ 1.3,0.27,,,0,0,0,,0,-,-,-,0%,0
Meta Ads,,FaceBook_University_Admit,2026-02-26,F_UA1_All Colleges_MBA_Aryan v1.1,F_UA1_All Colleges_MBA_Aryan (INT 03)_ 1.2,18.73,,,0,0,19,,0,-,-,-,0%,0
Meta Ads,,FaceBook_University_Admit,2026-02-26,F_UA1_All Colleges_MBA_Aryan v1.1,F_UA1_All Colleges_MBA_Aryan (INT 03)_ 1.4,813.26,7,7,0,0,116,1,0,-,-,-,0%,0
Meta Ads,,FaceBook_Degreefyd_B,2026-02-26,UG_Online_Admission_2026,UG_Online_Admission_Ad_Set01_Ad02,1471.26,44,38,0,0,33,1,0,-,-,-,14%,0
Meta Ads,,FaceBook_Degreefyd_B,2026-02-26,IGNOU_Online_Courses_Admission_DFYD,IGNOU_Online_Courses_Admission_DFYD_Delhi_NCR_Ad01,450.63,21,21,1,1,21,1,4375,450.63,450.63,10.30%,0%,26250
Meta Ads,,FaceBook_Degreefyd_B,2026-02-26,IGNOU_Online_Courses_Admission_DFYD,IGNOU_Online_Courses_Admission_DFYD_Rest_Ad01,495.45,12,12,0,0,41,1,0,-,-,-,0%,0
Meta Ads,,FaceBook_Degreefyd_B,2026-02-26,PG_UG_Online_G_Admission,PG_UG_Online_G_Admission_AD_Set1_Core,496.97,14,14,0,0,35,1,0,-,-,-,0%,0
Google Ads,Brand,EP_Partner_Amity_Online_DFYD,2026-02-26,Amity_Online_Admission_COS,23492797149,1860.89,3,3,1,1,620,1,39900,1860.89,1860.89,4.66%,0%,39900
Google Ads,Brand,EP_Partnere_Shoolini_DFYD,2026-02-26,Shoolini_Online_Delta,23534722448,603.1,0,,0,0,603,0,0,-,-,-,0%,0
Google Ads,Brand,EP_CU_Online_DFYD,2026-02-26,CU_Online_Admission_Delta,23502437890,2331.83,1,1,0,0,2332,1,0,-,-,-,0%,0
Google Ads,DSA,Degreefyd_Generic_Regular,2026-02-26,DSA_Admission_Online_Distance,23349276370,1610.45,54,49,0,0,30,1,0,-,-,-,9%,0
Google Ads,DSA,Core_Online_DSA,2026-02-26,DSA_Admission_Core_Online_Colleges_Courses,23500139647,123.19,1,1,0,0,123,1,0,-,-,-,0%,0
Google Ads,Brand,EP_Partner_LPU_Online_DFYD,2026-02-26,LPU_Online_Delta,23512571403,1980.12,2,1,0,0,990,2,0,-,-,-,50%,0
Google Ads,Brand,Amity_Partner_001,2026-02-26,Partner_Amity_Online_2026,23228113322,2318.75,7,7,0,0,331,1,0,-,-,-,0%,0
Google Ads,Brand,EP_GLA_Online_DFYD,2026-02-26,GLA_Online_Delta,23469079822,1098.97,2,2,1,1,549,1,13875,1098.97,1098.97,7.92%,0%,55500
Meta Ads,,FaceBook_University_Admit,2026-02-27,F_UA01_{UG All Colleges V02.1},F_UA01_{UG All Colleges V02}{INT01}_C02,821.33,15,12,1,0,55,1,0,821.33,-,-,20%,0
Meta Ads,,FaceBook_University_Admit,2026-02-27,F_UA1_All Colleges_MBA_Aryan v1.1,F_UA1_All Colleges_MBA_Aryan (INT 01)_ 1.4,767.32,10,10,1,0,77,1,0,767.32,-,-,0%,0
Meta Ads,,FaceBook_University_Admit,2026-02-27,F_UA01_{UG All Colleges V02.1},F_UA01_{UG All Colleges V02}{INT01}_C05,0.94,,,0,0,1,,0,-,-,-,0%,0
Meta Ads,,FaceBook_University_Admit,2026-02-27,F_UA1_All Colleges_MBA_Aryan v1.3,F_UA1_All Colleges_MBA_Aryan V1.3 (INT 01)_ 1.4,694.62,3,3,0,0,232,1,0,-,-,-,0%,0
Meta Ads,,FaceBook_University_Admit,2026-02-27,F_UA1_All Colleges_MBA_Aryan v1.3,F_UA1_All Colleges_MBA_Aryan V1.3 (INT 01)_ 1.5,626.36,,,0,0,626,,0,-,-,-,0%,0
Meta Ads,,FaceBook_University_Admit,2026-02-27,LAL_UA01_(All Colleges UG) LAL0.1,LAL_UA01_(All Colleges UG)_INT01_C01,1083.7,19,17,0,0,57,1,0,-,-,-,11%,0
Meta Ads,,FaceBook_University_Admit,2026-02-27,RT_UA 01_ All Colleges_0.1,RT_UA 01_ All Colleges_C0.1,161.98,1,1,0,0,162,1,0,-,-,-,0%,0
Meta Ads,,FaceBook_University_Admit,2026-02-27,F_UA01_{UG All Colleges V02.1},F_UA01_{UG All Colleges V02}{INT01}_C07,225.13,4,3,0,0,56,1,0,-,-,-,25%,0
Meta Ads,,FaceBook_University_Admit,2026-02-27,F_UA1_All Colleges_MBA_Aryan v1.3,F_UA1_All Colleges_MBA_(INTO1)_Aryan v1.3_03,319.58,,,0,0,320,,0,-,-,-,0%,0
Meta Ads,,FaceBook_University_Admit,2026-02-27,F_UA1_All Colleges_MBA_Aryan v1.1,F_UA1_All Colleges_MBA_Aryan (INT 03)_ 1.1,46.58,1,1,0,0,47,1,0,-,-,-,0%,0
Meta Ads,,FaceBook_University_Admit,2026-02-27,F_UA1_All Colleges_MBA_Aryan v1.1,F_UA1_All Colleges_MBA_Aryan (INT 03)_ 1.3,5.42,,,0,0,5,,0,-,-,-,0%,0
Meta Ads,,FaceBook_University_Admit,2026-02-27,F_UA1_All Colleges_MBA_Aryan v1.1,F_UA1_All Colleges_MBA_Aryan (INT 03)_ 1.4,770.96,8,8,0,0,96,1,0,-,-,-,0%,0
Meta Ads,,FaceBook_University_Admit,2026-02-27,RT_UA 01_ All Colleges_0.1,RT_UA 01_ All Colleges_C0.2,848.07,1,,0,0,848,1,0,-,-,-,100%,0
Meta Ads,,FaceBook_University_Admit,2026-02-27,RT_UA 01_ All Colleges_0.1,RT_UA 01_ All Colleges_C0.3,310.37,1,1,0,0,310,1,0,-,-,-,0%,0
Meta Ads,,FaceBook_University_Admit,2026-02-27,RT_UA 01_ All Colleges_0.1,RT_UA 01_ All Colleges_C0.4,287.3,,,0,0,287,,0,-,-,-,0%,0
Meta Ads,,FaceBook_Degreefyd_B,2026-02-27,Galgotias_Lead_2026,Galgotias_Leads_2026_P_Ad_01,1601.53,14,12,0,0,114,1,0,-,-,-,14%,0
Meta Ads,,FaceBook_Degreefyd_B,2026-02-27,UG_Online_Admission_2026,UG_Online_Admission_Ad_Set01_Ad02,1310.62,24,21,1,0,55,1,0,1310.62,-,-,13%,0
Meta Ads,,FaceBook_Degreefyd_B,2026-02-27,IGNOU_Online_Courses_Admission_DFYD,IGNOU_Online_Courses_Admission_DFYD_Delhi_NCR_Ad01,386.59,13,12,0,0,30,1,0,-,-,-,8%,0
Meta Ads,,FaceBook_Degreefyd_B,2026-02-27,IGNOU_Online_Courses_Admission_DFYD,IGNOU_Online_Courses_Admission_DFYD_Rest_Ad01,454.57,10,9,0,0,45,1,0,-,-,-,10%,0
Meta Ads,,FaceBook_Degreefyd_B,2026-02-27,PG_UG_Online_G_Admission,PG_UG_Online_G_Admission_AD_Set1_Core,90.47,3,3,0,0,30,1,0,-,-,-,0%,0
Google Ads,Brand,Amity_Partner_001,2026-02-27,Partner_Amity_Online_2026,23228113322,2375.63,16,16,1,0,148,1,0,2375.63,-,-,0%,0
Google Ads,DSA,Core_Online_DSA,2026-02-27,DSA_Admission_Core_Online_Colleges_Courses,23500139647,77.81,2,2,0,0,39,1,0,-,-,-,0%,0
Google Ads,Brand,EP_Partner_LPU_Online_DFYD,2026-02-27,LPU_Online_Delta,23512571403,2269.67,3,3,0,0,757,1,0,-,-,-,0%,0
Google Ads,Brand,EP_Partnere_Shoolini_DFYD,2026-02-27,Shoolini_Online_Delta,23534722448,1736.65,1,1,0,0,1737,1,0,-,-,-,0%,0
Google Ads,DSA,Degreefyd_Generic_Regular,2026-02-27,DSA_Admission_Online_Distance,23349276370,2811.52,80.97,73,1,0,35,1,0,2811.52,-,-,10%,0
Google Ads,Brand,EP_GLA_Online_DFYD,2026-02-27,GLA_Online_Delta,23469079822,907.89,0,,0,0,908,0,0,-,-,-,0%,0
Google Ads,Brand,EP_CU_Online_DFYD,2026-02-27,CU_Online_Admission_Delta,23502437890,3629.1,5.5,4,0,0,660,1,0,-,-,-,27%,0
Meta Ads,,FaceBook_University_Admit,2026-02-28,F_UA01_{UG All Colleges V02.1},F_UA01_{UG All Colleges V02}{INT01}_C02,1101.02,17,14,0,0,65,1,0,-,-,-,18%,0
Meta Ads,,FaceBook_University_Admit,2026-02-28,F_UA1_All Colleges_MBA_Aryan v1.1,F_UA1_All Colleges_MBA_Aryan (INT 01)_ 1.1,0.18,,,0,0,0,,0,-,-,-,0%,0
Meta Ads,,FaceBook_University_Admit,2026-02-28,F_UA1_All Colleges_MBA_Aryan v1.1,F_UA1_All Colleges_MBA_Aryan (INT 01)_ 1.4,770.92,10,9,0,0,77,1,0,-,-,-,10%,0
Meta Ads,,FaceBook_University_Admit,2026-02-28,F_UA01_{UG All Colleges V02.1},F_UA01_{UG All Colleges V02}{INT01}_C05,1.79,,,0,0,2,,0,-,-,-,0%,0
Meta Ads,,FaceBook_University_Admit,2026-02-28,F_UA1_All Colleges_MBA_Aryan v1.3,F_UA1_All Colleges_MBA_Aryan V1.3 (INT 01)_ 1.4,1026.4,6,6,2,1,171,1,18287.5,513.2,1026.4,5.61%,0%,37537.5
Meta Ads,,FaceBook_University_Admit,2026-02-28,F_UA1_All Colleges_MBA_Aryan v1.3,F_UA1_All Colleges_MBA_Aryan V1.3 (INT 01)_ 1.1,301.64,2,2,0,0,151,1,0,-,-,-,0%,0
Meta Ads,,FaceBook_University_Admit,2026-02-28,F_UA1_All Colleges_MBA_Aryan v1.3,F_UA1_All Colleges_MBA_Aryan V1.3 (INT 01)_ 1.5,44.87,,,0,0,45,,0,-,-,-,0%,0
Meta Ads,,FaceBook_University_Admit,2026-02-28,LAL_UA01_(All Colleges UG) LAL0.1,LAL_UA01_(All Colleges UG)_INT01_C01,862.1,13,13,0,0,66,1,0,-,-,-,0%,0
Meta Ads,,FaceBook_University_Admit,2026-02-28,RT_UA 01_ All Colleges_0.1,RT_UA 01_ All Colleges_C0.1,148.12,,,0,0,148,,0,-,-,-,0%,0
Meta Ads,,FaceBook_University_Admit,2026-02-28,F_UA1_All Colleges_MBA_Aryan v1.1,F_UA1_All Colleges_MBA_Aryan (INT 03)_ 1.1,64.06,,,0,0,64,,0,-,-,-,0%,0
Meta Ads,,FaceBook_University_Admit,2026-02-28,F_UA1_All Colleges_MBA_Aryan v1.1,F_UA1_All Colleges_MBA_Aryan (INT 03)_ 1.3,6.22,1,1,0,0,6,1,0,-,-,-,0%,0
Meta Ads,,FaceBook_University_Admit,2026-02-28,F_UA1_All Colleges_MBA_Aryan v1.1,F_UA1_All Colleges_MBA_Aryan (INT 03)_ 1.2,5.31,,,0,0,5,,0,-,-,-,0%,0
Meta Ads,,FaceBook_University_Admit,2026-02-28,F_UA1_All Colleges_MBA_Aryan v1.1,F_UA1_All Colleges_MBA_Aryan (INT 03)_ 1.4,867.45,8,6,0,0,108,1,0,-,-,-,25%,0
Meta Ads,,FaceBook_University_Admit,2026-02-28,RT_UA 01_ All Colleges_0.1,RT_UA 01_ All Colleges_C0.2,112.29,,,0,0,112,,0,-,-,-,0%,0
Meta Ads,,FaceBook_University_Admit,2026-02-28,RT_UA 01_ All Colleges_0.1,RT_UA 01_ All Colleges_C0.3,11.09,,,0,0,11,,0,-,-,-,0%,0
Meta Ads,,FaceBook_University_Admit,2026-02-28,RT_UA 01_ All Colleges_0.1,RT_UA 01_ All Colleges_C0.4,34.97,,,0,0,35,,0,-,-,-,0%,0
Meta Ads,,FaceBook_University_Admit,2026-03-01,F_UA01_{UG All Colleges V02.1},F_UA01_{UG All Colleges V02}{INT01}_C02,1273.72,20,15,0,0,64,1,0,-,-,-,25%,0
Meta Ads,,FaceBook_University_Admit,2026-03-01,F_UA1_All Colleges_MBA_Aryan v1.1,F_UA1_All Colleges_MBA_Aryan (INT 01)_ 1.1,0.33,,,0,0,0,,0,-,-,-,0%,0
Meta Ads,,FaceBook_University_Admit,2026-03-01,F_UA1_All Colleges_MBA_Aryan v1.1,F_UA1_All Colleges_MBA_Aryan (INT 01)_ 1.3,0.92,,,0,0,1,,0,-,-,-,0%,0
Meta Ads,,FaceBook_University_Admit,2026-03-01,F_UA1_All Colleges_MBA_Aryan v1.1,F_UA1_All Colleges_MBA_Aryan (INT 01)_ 1.4,873.67,7,8,0,0,125,1,0,-,-,-,-14%,0
Meta Ads,,FaceBook_University_Admit,2026-03-01,F_UA01_{UG All Colleges V02.1},F_UA01_{UG All Colleges V02}{INT01}_C05,4,,,0,0,4,,0,-,-,-,0%,0
Meta Ads,,FaceBook_University_Admit,2026-03-01,F_UA1_All Colleges_MBA_Aryan v1.3,F_UA1_All Colleges_MBA_Aryan V1.3 (INT 01)_ 1.4,488.76,5,5,0,0,98,1,0,-,-,-,0%,0
Meta Ads,,FaceBook_University_Admit,2026-03-01,F_UA1_All Colleges_MBA_Aryan v1.3,F_UA1_All Colleges_MBA_Aryan V1.3 (INT 01)_ 1.1,482.05,6,6,0,0,80,1,0,-,-,-,0%,0
Meta Ads,,FaceBook_University_Admit,2026-03-01,F_UA1_All Colleges_MBA_Aryan v1.3,F_UA1_All Colleges_MBA_Aryan V1.3 (INT 01)_ 1.5,7.96,,,0,0,8,,0,-,-,-,0%,0
Meta Ads,,FaceBook_University_Admit,2026-03-01,LAL_UA01_(All Colleges UG) LAL0.1,LAL_UA01_(All Colleges UG)_INT01_C01,1478.79,25,25,1,0,59,1,0,1478.79,-,-,0%,0
Meta Ads,,FaceBook_University_Admit,2026-03-01,F_UA1_All Colleges_MBA_Aryan v1.1,F_UA1_All Colleges_MBA_Aryan (INT 03)_ 1.1,22.52,,,0,0,23,,0,-,-,-,0%,0
Meta Ads,,FaceBook_University_Admit,2026-03-01,F_UA1_All Colleges_MBA_Aryan v1.1,F_UA1_All Colleges_MBA_Aryan (INT 03)_ 1.3,10.31,,,0,0,10,,0,-,-,-,0%,0
Meta Ads,,FaceBook_University_Admit,2026-03-01,F_UA1_All Colleges_MBA_Aryan v1.1,F_UA1_All Colleges_MBA_Aryan (INT 03)_ 1.4,1114.15,10,9,0,0,111,1,0,-,-,-,10%,0
Meta Ads,,FaceBook_Degreefyd_B,2026-02-28,Galgotias_Lead_2026,Galgotias_Leads_2026_P_Ad_01,2031.62,39,36,0,0,52,1,0,-,-,-,8%,0
Meta Ads,,FaceBook_Degreefyd_B,2026-02-28,UG_Online_Admission_2026,UG_Online_Admission_Ad_Set01_Ad02,1325.43,24,24,0,0,55,1,0,-,-,-,0%,0
Meta Ads,,FaceBook_Degreefyd_B,2026-02-28,IGNOU_Online_Courses_Admission_DFYD,IGNOU_Online_Courses_Admission_DFYD_Delhi_NCR_Ad01,415.19,14,13,0,0,30,1,0,-,-,-,7%,0
Meta Ads,,FaceBook_Degreefyd_B,2026-02-28,IGNOU_Online_Courses_Admission_DFYD,IGNOU_Online_Courses_Admission_DFYD_Rest_Ad01,512.25,16,14,1,1,32,1,7437.5,512.25,512.25,6.89%,13%,52500
Meta Ads,,FaceBook_Degreefyd_B,2026-03-01,Galgotias_Lead_2026,Galgotias_Leads_2026_P_Ad_01,1241.67,17,17,0,0,73,1,0,-,-,-,0%,0
Meta Ads,,FaceBook_Degreefyd_B,2026-03-01,UG_Online_Admission_2026,UG_Online_Admission_Ad_Set01_Ad02,1652.71,37,36,0,0,45,1,0,-,-,-,3%,0
Meta Ads,,FaceBook_Degreefyd_B,2026-03-01,IGNOU_Online_Courses_Admission_DFYD,IGNOU_Online_Courses_Admission_DFYD_Delhi_NCR_Ad01,509.24,10,8,0,0,51,1,0,-,-,-,20%,0
Meta Ads,,FaceBook_Degreefyd_B,2026-03-01,IGNOU_Online_Courses_Admission_DFYD,IGNOU_Online_Courses_Admission_DFYD_Rest_Ad01,588.44,20,18,1,1,29,1,36210,588.44,588.44,1.63%,10%,42600
Google Ads,Brand,Amity_Partner_001,2026-02-28,Partner_Amity_Online_2026,23228113322,2012.03,11,9,0,0,183,1,0,-,-,-,18%,0
Google Ads,DSA,Core_Online_DSA,2026-02-28,DSA_Admission_Core_Online_Colleges_Courses,23500139647,53.82,2,1,0,0,27,2,0,-,-,-,50%,0
Google Ads,Brand,EP_Partner_LPU_Online_DFYD,2026-02-28,LPU_Online_Delta,23512571403,2153.99,2,2,0,0,1077,1,0,-,-,-,0%,0
Google Ads,Brand,EP_CU_Online_DFYD,2026-02-28,CU_Online_Admission_Delta,23502437890,3044.59,5,4,1,0,609,1,0,3044.59,-,-,20%,0
Google Ads,Brand,EP_Partnere_Shoolini_DFYD,2026-02-28,Shoolini_Online_Delta,23534722448,2101.64,3,3,0,0,701,1,0,-,-,-,0%,0
Google Ads,DSA,Degreefyd_Generic_Regular,2026-02-28,DSA_Admission_Online_Distance,23349276370,2387.74,66.47,62,0,0,36,1,0,-,-,-,7%,0
Google Ads,Brand,EP_Partner_Amity_Online_DFYD,2026-02-28,Amity_Online_Admission_COS,23492797149,1248.54,3,3,0,0,416,1,0,-,-,-,0%,0
Google Ads,Brand,EP_GLA_Online_DFYD,2026-02-28,GLA_Online_Delta,23469079822,946.22,1,1,0,0,946,1,0,-,-,-,0%,0
Google Ads,Brand,Amity_Partner_001,2026-03-01,Partner_Amity_Online_2026,23228113322,2851.1,16,10,2,2,178,2,18900,1425.55,1425.55,15.09%,38%,113400
Google Ads,DSA,Core_Online_DSA,2026-03-01,DSA_Admission_Core_Online_Colleges_Courses,23500139647,40.23,0,,0,0,40,0,0,-,-,-,0%,0
Google Ads,Brand,EP_Partner_LPU_Online_DFYD,2026-03-01,LPU_Online_Delta,23512571403,2319.08,2,2,0,0,1160,1,0,-,-,-,0%,0
Google Ads,Brand,EP_CU_Online_DFYD,2026-03-01,CU_Online_Admission_Delta,23502437890,2979.79,12,9,0,0,248,1,0,-,-,-,25%,0
Google Ads,Brand,EP_Partnere_Shoolini_DFYD,2026-03-01,Shoolini_Online_Delta,23534722448,1706.78,1,1,0,0,1707,1,0,-,-,-,0%,0
Google Ads,DSA,Degreefyd_Generic_Regular,2026-03-01,DSA_Admission_Online_Distance,23349276370,2729.58,69.49,62,0,0,39,1,0,-,-,-,11%,0
Google Ads,Brand,EP_Partner_Amity_Online_DFYD,2026-03-01,Amity_Online_Admission_COS,23492797149,1059.77,0,,0,0,1060,0,0,-,-,-,0%,0
Google Ads,Brand,EP_Partner_Amity_Online_DFYD,2026-03-01,Amity_Online_Admission_TAN,23610318125,92.53,0,,0,0,93,0,0,-,-,-,0%,0
Google Ads,Brand,EP_GLA_Online_DFYD,2026-03-01,GLA_Online_Delta,23469079822,503.16,0,,0,0,503,0,0,-,-,-,0%,0
Meta Ads,,FaceBook_University_Admit,2026-03-02,F_UA01_{UG All Colleges V02.1},F_UA01_{UG All Colleges V02}{INT01}_C02,1025.42,13,13,0,0,79,1,0,-,-,-,0%,0
Meta Ads,,FaceBook_University_Admit,2026-03-02,F_UA1_All Colleges_MBA_Aryan v1.1,F_UA1_All Colleges_MBA_Aryan (INT 01)_ 1.4,729.7,8,7,0,0,91,1,0,-,-,-,13%,0
Meta Ads,,FaceBook_University_Admit,2026-03-02,F_UA1_All Colleges_MBA_Aryan v1.3,F_UA1_All Colleges_MBA_Aryan V1.3 (INT 01)_ 1.4,168.12,1,1,0,0,168,1,0,-,-,-,0%,0
Meta Ads,,FaceBook_University_Admit,2026-03-02,F_UA1_All Colleges_MBA_Aryan v1.3,F_UA1_All Colleges_MBA_Aryan V1.3 (INT 01)_ 1.1,581.02,6,4,0,0,97,2,0,-,-,-,33%,0
Meta Ads,,FaceBook_University_Admit,2026-03-02,F_UA1_All Colleges_MBA_Aryan v1.3,F_UA1_All Colleges_MBA_Aryan V1.3 (INT 01)_ 1.5,0.67,,,0,0,1,,0,-,-,-,0%,0
Meta Ads,,FaceBook_University_Admit,2026-03-02,LAL_UA01_(All Colleges UG) LAL0.1,LAL_UA01_(All Colleges UG)_INT01_C01,1069.06,13,13,0,0,82,1,0,-,-,-,0%,0
Meta Ads,,FaceBook_University_Admit,2026-03-02,F_UA1_All Colleges_MBA_Aryan v1.1,F_UA1_All Colleges_MBA_Aryan (INT 03)_ 1.1,6.32,,,0,0,6,,0,-,-,-,0%,0
Meta Ads,,FaceBook_University_Admit,2026-03-02,F_UA1_All Colleges_MBA_Aryan v1.1,F_UA1_All Colleges_MBA_Aryan (INT 03)_ 1.3,8.78,,,0,0,9,,0,-,-,-,0%,0
Meta Ads,,FaceBook_University_Admit,2026-03-02,F_UA1_All Colleges_MBA_Aryan v1.1,F_UA1_All Colleges_MBA_Aryan (INT 03)_ 1.2,0.12,,,0,0,0,,0,-,-,-,0%,0
Meta Ads,,FaceBook_University_Admit,2026-03-02,F_UA1_All Colleges_MBA_Aryan v1.1,F_UA1_All Colleges_MBA_Aryan (INT 03)_ 1.4,886.03,3,3,0,0,295,1,0,-,-,-,0%,0
Meta Ads,,FaceBook_University_Admit,2026-03-02,WA_Leads_MBA_March,WA_leads_INT01_C01,164.79,,,0,0,165,,0,-,-,-,0%,0
Meta Ads,,FaceBook_University_Admit,2026-03-02,WA_Leads_MBA_March,WA_leads_INT01_C02,281.13,,,0,0,281,,0,-,-,-,0%,0
Meta Ads,,FaceBook_University_Admit,2026-03-02,WA_Leads_MBA_March,WA_leads_INT01_C03,56.8,,,0,0,57,,0,-,-,-,0%,0
Meta Ads,,FaceBook_Degreefyd_B,2026-03-02,Galgotias_Lead_2026,Galgotias_Leads_2026_P_Ad_01,1131.89,16,13,1,0,71,1,0,1131.89,-,-,19%,0
Meta Ads,,FaceBook_Degreefyd_B,2026-03-02,UG_Online_Admission_2026,UG_Online_Admission_Ad_Set01_Ad02,1243.36,14,13,1,0,89,1,0,1243.36,-,-,7%,0
Meta Ads,,FaceBook_Degreefyd_B,2026-03-02,IGNOU_Online_Courses_Admission_DFYD,IGNOU_Online_Courses_Admission_DFYD_Delhi_NCR_Ad01,402.96,15,14,0,0,27,1,0,-,-,-,7%,0
Meta Ads,,FaceBook_Degreefyd_B,2026-03-02,IGNOU_Online_Courses_Admission_DFYD,IGNOU_Online_Courses_Admission_DFYD_Rest_Ad01,454.54,12,12,0,0,38,1,0,-,-,-,0%,0
Google Ads,Brand,EP_GLA_Online_DFYD,2026-03-02,GLA_Online_Delta,23469079822,1409.19,0,,0,0,1409,0,0,-,-,-,0%,0
Google Ads,Brand,EP_Partnere_Shoolini_DFYD,2026-03-02,Shoolini_Online_Delta,23534722448,1235.57,1,1,0,0,1236,1,0,-,-,-,0%,0
Google Ads,DSA,Degreefyd_Generic_Regular,2026-03-02,DSA_Admission_Online_Distance,23349276370,2379.16,50.99,43,0,0,47,1,0,-,-,-,16%,0
Google Ads,Brand,Amity_Partner_001,2026-03-02,Partner_Amity_Online_2026,23228113322,2513.41,14,13,0,0,180,1,0,-,-,-,7%,0
Google Ads,Brand,EP_CU_Online_DFYD,2026-03-02,CU_Online_Admission_Delta,23502437890,2389.64,5.33,5,1,0,448,1,0,2389.64,-,-,6%,0
Google Ads,DSA,Core_Online_DSA,2026-03-02,DSA_Admission_Core_Online_Colleges_Courses,23500139647,91.25,2,2,0,0,46,1,0,-,-,-,0%,0
Google Ads,Brand,EP_Partner_LPU_Online_DFYD,2026-03-02,LPU_Online_Delta,23512571403,1515.72,3.33,3,0,0,455,1,0,-,-,-,10%,0
Google Ads,Brand,EP_Partner_Amity_Online_DFYD,2026-03-02,Amity_Online_Admission_COS,23492797149,858.46,1,1,0,0,858,1,0,-,-,-,0%,0
Google Ads,Brand,EP_Partner_Amity_Online_DFYD,2026-03-02,Amity_Online_Admission_TAN,23610318125,673.21,3,3,1,0,224,1,0,673.21,-,-,0%,0
Meta Ads,,FaceBook_University_Admit,2026-03-03,F_UA01_{UG All Colleges V02.1},F_UA01_{UG All Colleges V02}{INT01}_C02,888.69,13,10,0,0,68,1,0,-,-,-,23%,0
Meta Ads,,FaceBook_University_Admit,2026-03-03,F_UA1_All Colleges_MBA_Aryan v1.1,F_UA1_All Colleges_MBA_Aryan (INT 01)_ 1.3,1.73,,,0,0,2,,0,-,-,-,0%,0
Meta Ads,,FaceBook_University_Admit,2026-03-03,F_UA1_All Colleges_MBA_Aryan v1.1,F_UA1_All Colleges_MBA_Aryan (INT 01)_ 1.4,658.39,7,7,0,0,94,1,0,-,-,-,0%,0
Meta Ads,,FaceBook_University_Admit,2026-03-03,F_UA1_All Colleges_MBA_Aryan v1.3,F_UA1_All Colleges_MBA_Aryan V1.3 (INT 01)_ 1.4,109.03,5,5,0,0,22,1,0,-,-,-,0%,0
Meta Ads,,FaceBook_University_Admit,2026-03-03,F_UA1_All Colleges_MBA_Aryan v1.3,F_UA1_All Colleges_MBA_Aryan V1.3 (INT 01)_ 1.1,653,7,7,0,0,93,1,0,-,-,-,0%,0
Meta Ads,,FaceBook_University_Admit,2026-03-03,F_UA1_All Colleges_MBA_Aryan v1.3,F_UA1_All Colleges_MBA_Aryan V1.3 (INT 01)_ 1.5,2.8,,,0,0,3,,0,-,-,-,0%,0
Meta Ads,,FaceBook_University_Admit,2026-03-03,LAL_UA01_(All Colleges UG) LAL0.1,LAL_UA01_(All Colleges UG)_INT01_C01,956.09,16,16,0,0,60,1,0,-,-,-,0%,0
Meta Ads,,FaceBook_University_Admit,2026-03-03,F_UA1_All Colleges_MBA_Aryan v1.1,F_UA1_All Colleges_MBA_Aryan (INT 03)_ 1.1,21.42,,,0,0,21,,0,-,-,-,0%,0
Meta Ads,,FaceBook_University_Admit,2026-03-03,F_UA1_All Colleges_MBA_Aryan v1.1,F_UA1_All Colleges_MBA_Aryan (INT 03)_ 1.3,28.9,,,0,0,29,,0,-,-,-,0%,0
Meta Ads,,FaceBook_University_Admit,2026-03-03,F_UA1_All Colleges_MBA_Aryan v1.1,F_UA1_All Colleges_MBA_Aryan (INT 03)_ 1.2,30.19,,,0,0,30,,0,-,-,-,0%,0
Meta Ads,,FaceBook_University_Admit,2026-03-03,F_UA1_All Colleges_MBA_Aryan v1.1,F_UA1_All Colleges_MBA_Aryan (INT 03)_ 1.4,514.57,4,4,0,0,129,1,0,-,-,-,0%,0
Meta Ads,,FaceBook_University_Admit,2026-03-03,WA_Leads_MBA_March,WA_leads_INT01_C01,219.14,,,0,0,219,,0,-,-,-,0%,0
Meta Ads,,FaceBook_University_Admit,2026-03-03,WA_Leads_MBA_March,WA_leads_INT01_C02,270.18,,,0,0,270,,0,-,-,-,0%,0
Meta Ads,,FaceBook_University_Admit,2026-03-03,WA_Leads_MBA_March,WA_leads_INT01_C03,27.85,,,0,0,28,,0,-,-,-,0%,0
Meta Ads,,FaceBook_University_Admit,2026-03-04,F_UA01_{UG All Colleges V02.1},F_UA01_{UG All Colleges V02}{INT01}_C02,1311.49,16,17,0,0,82,1,0,-,-,-,-6%,0
Meta Ads,,FaceBook_University_Admit,2026-03-04,F_UA01_{UG All Colleges V02.1},F_UA01_{UG All Colleges V02}{INT01}_C04,0.39,,,0,0,0,,0,-,-,-,0%,0
Meta Ads,,FaceBook_University_Admit,2026-03-04,F_UA1_All Colleges_MBA_Aryan v1.1,F_UA1_All Colleges_MBA_Aryan (INT 01)_ 1.4,859.86,11,10,0,0,78,1,0,-,-,-,9%,0
Meta Ads,,FaceBook_University_Admit,2026-03-04,F_UA01_{UG All Colleges V02.1},F_UA01_{UG All Colleges V02}{INT01}_C05,0.2,,,0,0,0,,0,-,-,-,0%,0
Meta Ads,,FaceBook_University_Admit,2026-03-04,F_UA1_All Colleges_MBA_Aryan v1.3,F_UA1_All Colleges_MBA_Aryan V1.3 (INT 01)_ 1.4,292.68,2,2,0,0,146,1,0,-,-,-,0%,0
Meta Ads,,FaceBook_University_Admit,2026-03-04,F_UA1_All Colleges_MBA_Aryan v1.3,F_UA1_All Colleges_MBA_Aryan V1.3 (INT 01)_ 1.1,907.06,10,10,1,1,91,1,26031.25,907.06,907.06,3.48%,0%,52062.5
Meta Ads,,FaceBook_University_Admit,2026-03-04,LAL_UA01_(All Colleges UG) LAL0.1,LAL_UA01_(All Colleges UG)_INT01_C01,6.85,,,0,0,7,,0,-,-,-,0%,0
Meta Ads,,FaceBook_University_Admit,2026-03-04,F_UA1_All Colleges_MBA_Aryan v1.1,F_UA1_All Colleges_MBA_Aryan (INT 03)_ 1.1,110.18,,,0,0,110,,0,-,-,-,0%,0
Meta Ads,,FaceBook_University_Admit,2026-03-04,F_UA1_All Colleges_MBA_Aryan v1.1,F_UA1_All Colleges_MBA_Aryan (INT 03)_ 1.3,899.7,9,9,0,0,100,1,0,-,-,-,0%,0
Meta Ads,,FaceBook_University_Admit,2026-03-04,F_UA1_All Colleges_MBA_Aryan v1.1,F_UA1_All Colleges_MBA_Aryan (INT 03)_ 1.2,70.6,,,0,0,71,,0,-,-,-,0%,0
Meta Ads,,FaceBook_University_Admit,2026-03-04,WA_Leads_MBA_March,WA_leads_INT01_C01,302.81,,,0,0,303,,0,-,-,-,0%,0
Meta Ads,,FaceBook_University_Admit,2026-03-04,WA_Leads_MBA_March,WA_leads_INT01_C02,100.56,,,0,0,101,,0,-,-,-,0%,0
Meta Ads,,FaceBook_University_Admit,2026-03-04,WA_Leads_MBA_March,WA_leads_INT01_C03,67.99,,,0,0,68,,0,-,-,-,0%,0
Meta Ads,,FaceBook_University_Admit,2026-03-04,F_UA1_FEB_MBA_Aryan v1.4,F_UA1_FEB_MBA_Aryan (INT 01)_ 1.1,303.17,6,6,0,0,51,1,0,-,-,-,0%,0
Meta Ads,,FaceBook_University_Admit,2026-03-04,F_UA1_FEB_MBA_Aryan v1.4,F_UA1_FEB_MBA_Aryan (INT 01)_ 1.2,170.36,,,0,0,170,,0,-,-,-,0%,0
Meta Ads,,FaceBook_University_Admit,2026-03-04,F_UA1_FEB_MBA_Aryan v1.4,F_UA1_FEB_MBA_Aryan (INT 01)_ 1.1 – Copy,59.42,,,0,0,59,,0,-,-,-,0%,0
Meta Ads,,FaceBook_University_Admit,2026-03-04,WA_Leads_MBA_March 02,WA_leads_INT01_C01,44.33,,,0,0,44,,0,-,-,-,0%,0
Meta Ads,,FaceBook_University_Admit,2026-03-04,WA_Leads_MBA_March 02,WA_leads_INT01_C02,20.68,,,0,0,21,,0,-,-,-,0%,0
Meta Ads,,FaceBook_University_Admit,2026-03-04,WA_Leads_MBA_March 02,WA_leads_INT01_C03,257.31,,,0,0,257,,0,-,-,-,0%,0
Meta Ads,,FaceBook_University_Admit,2026-03-04,F_UA1_FEB_MBA_Aryan v1.5,F_UA1_FEB_MBA_Aryan v1.5 C1.1,69.51,,,0,0,70,,0,-,-,-,0%,0
Meta Ads,,FaceBook_University_Admit,2026-03-04,F_UA1_FEB_MBA_Aryan v1.5,F_UA1_FEB_MBA_Aryan v1.5 C1.2,157.67,1,1,0,0,158,1,0,-,-,-,0%,0
Meta Ads,,FaceBook_University_Admit,2026-03-04,F_UA1_FEB_MBA_Aryan v1.5,F_UA1_FEB_MBA_Aryan v1.5 C1.3,127.29,2,2,0,0,64,1,0,-,-,-,0%,0
Meta Ads,,FaceBook_Degreefyd_B,2026-03-03,Galgotias_Lead_2026,Galgotias_Leads_2026_P_Ad_01,975.11,13,12,1,1,75,1,19250,975.11,975.11,5.07%,8%,38500
Meta Ads,,FaceBook_Degreefyd_B,2026-03-03,UG_Online_Admission_2026,UG_Online_Admission_Ad_Set01_Ad02,1277.73,22,20,1,1,58,1,8750,1277.73,1277.73,14.60%,9%,26250
Meta Ads,,FaceBook_Degreefyd_B,2026-03-03,IGNOU_Online_Courses_Admission_DFYD,IGNOU_Online_Courses_Admission_DFYD_Delhi_NCR_Ad01,401.83,13,9,1,0,31,1,0,401.83,-,-,31%,0
Meta Ads,,FaceBook_Degreefyd_B,2026-03-03,IGNOU_Online_Courses_Admission_DFYD,IGNOU_Online_Courses_Admission_DFYD_Rest_Ad01,464.72,20,19,0,0,23,1,0,-,-,-,5%,0
Meta Ads,,FaceBook_Degreefyd_B,2026-03-04,Galgotias_Lead_2026,Galgotias_Leads_2026_P_Ad_01,381.31,3,2,0,0,127,2,0,-,-,-,33%,0
Meta Ads,,FaceBook_Degreefyd_B,2026-03-04,UG_Online_Admission_2026,UG_Online_Admission_Ad_Set01_Ad02,460.68,4,4,0,0,115,1,0,-,-,-,0%,0
Meta Ads,,FaceBook_Degreefyd_B,2026-03-04,IGNOU_Online_Courses_Admission_DFYD,IGNOU_Online_Courses_Admission_DFYD_Delhi_NCR_Ad01,124.19,4,4,0,0,31,1,0,-,-,-,0%,0
Meta Ads,,FaceBook_Degreefyd_B,2026-03-04,IGNOU_Online_Courses_Admission_DFYD,IGNOU_Online_Courses_Admission_DFYD_Rest_Ad01,152.01,5,5,0,0,30,1,0,-,-,-,0%,0
Google Ads,Brand,EP_Partnere_Shoolini_DFYD,2026-03-03,Shoolini_Online_Delta,23534722448,1212.11,0,,0,0,1212,0,0,-,-,-,0%,0
Google Ads,Brand,Amity_Partner_001,2026-03-03,Partner_Amity_Online_2026,23228113322,2435.76,6,6,0,0,406,1,0,-,-,-,0%,0
Google Ads,Brand,EP_CU_Online_DFYD,2026-03-03,CU_Online_Admission_Delta,23502437890,1897.36,7,6,1,1,271,1,7743.75,1897.36,1897.36,24.50%,14%,46462.5
Google Ads,Generic,Degreefyd_Generic_Online_IU,2026-03-03,Online_MBA_Delta,23615579909,1154.85,0,2,0,0,1155,0,0,-,-,-,0%,0
Google Ads,Brand,EP_GLA_Online_DFYD,2026-03-03,GLA_Online_Delta,23469079822,1201.57,0,,0,0,1202,0,0,-,-,-,0%,0
Google Ads,DSA,Degreefyd_Generic_Regular,2026-03-03,DSA_Admission_Online_Distance,23349276370,1636.2,49.99,39,1,0,33,1,0,1636.2,-,-,22%,0
Google Ads,DSA,Core_Online_DSA,2026-03-03,DSA_Admission_Core_Online_Colleges_Courses,23500139647,40.47,1,1,0,0,40,1,0,-,-,-,0%,0
Google Ads,Brand,EP_Partner_LPU_Online_DFYD,2026-03-03,LPU_Online_Delta,23512571403,1025.08,1,1,0,0,1025,1,0,-,-,-,0%,0
Google Ads,Brand,EP_Partner_Amity_Online_DFYD,2026-03-03,Amity_Online_Admission_COS,23492797149,812.03,1,1,0,0,812,1,0,-,-,-,0%,0
Google Ads,Brand,EP_Partner_Amity_Online_DFYD,2026-03-03,Amity_Online_Admission_TAN,23610318125,2054.43,5,5,0,0,411,1,0,-,-,-,0%,0
Google Ads,Brand,EP_Partnere_Shoolini_DFYD,2026-03-04,Shoolini_Online_Delta,23534722448,173.34,0,,0,0,173,0,0,-,-,-,0%,0
Google Ads,Brand,Amity_Partner_001,2026-03-04,Partner_Amity_Online_2026,23228113322,2669.56,9,8,2,2,297,1,101990,1334.78,1334.78,2.62%,11%,121240
Google Ads,Brand,EP_CU_Online_DFYD,2026-03-04,CU_Online_Admission_Delta,23502437890,1612.56,2,2,0,0,806,1,0,-,-,-,0%,0
Google Ads,Generic,Degreefyd_Generic_Online_IU,2026-03-04,Online_MBA_Delta,23615579909,1099.61,0,,0,0,1100,0,0,-,-,-,0%,0
Google Ads,Brand,EP_GLA_Online_DFYD,2026-03-04,GLA_Online_Delta,23469079822,128.37,0,,0,0,128,0,0,-,-,-,0%,0
Google Ads,DSA,Degreefyd_Generic_Regular,2026-03-04,DSA_Admission_Online_Distance,23349276370,1315.45,39,32,1,1,34,1,8750,1315.45,1315.45,15.03%,18%,26250
Google Ads,DSA,Core_Online_DSA,2026-03-04,DSA_Admission_Core_Online_Colleges_Courses,23500139647,17.47,0,,0,0,17,0,0,-,-,-,0%,0
Google Ads,Brand,EP_Partner_LPU_Online_DFYD,2026-03-04,LPU_Online_Delta,23512571403,825.97,3,3,0,0,275,1,0,-,-,-,0%,0
Google Ads,Brand,EP_Partner_Amity_Online_DFYD,2026-03-04,Amity_Online_Admission_COS,23492797149,663.96,0,,0,0,664,0,0,-,-,-,0%,0
Google Ads,Brand,EP_Partner_Amity_Online_DFYD,2026-03-04,Amity_Online_Admission_TAN,23610318125,1284.48,2,2,0,0,642,1,0,-,-,-,0%,0
Meta Ads,,FaceBook_University_Admit,2026-03-05,F_UA01_{UG All Colleges V02.1},F_UA01_{UG All Colleges V02}{INT01}_C02,798.45,10,8,0,0,80,1,0,-,-,-,20%,0
Meta Ads,,FaceBook_University_Admit,2026-03-05,F_UA1_All Colleges_MBA_Aryan v1.1,F_UA1_All Colleges_MBA_Aryan (INT 01)_ 1.1,1.21,,,0,0,1,,0,-,-,-,0%,0
Meta Ads,,FaceBook_University_Admit,2026-03-05,F_UA1_All Colleges_MBA_Aryan v1.1,F_UA1_All Colleges_MBA_Aryan (INT 01)_ 1.4,602.43,6,6,0,0,100,1,0,-,-,-,0%,0
Meta Ads,,FaceBook_University_Admit,2026-03-05,F_UA01_{UG All Colleges V02.1},F_UA01_{UG All Colleges V02}{INT01}_C05,2.76,,,0,0,3,,0,-,-,-,0%,0
Meta Ads,,FaceBook_University_Admit,2026-03-05,F_UA1_All Colleges_MBA_Aryan v1.3,F_UA1_All Colleges_MBA_Aryan V1.3 (INT 01)_ 1.4,56.4,,,0,0,56,,0,-,-,-,0%,0
Meta Ads,,FaceBook_University_Admit,2026-03-05,F_UA1_All Colleges_MBA_Aryan v1.3,F_UA1_All Colleges_MBA_Aryan V1.3 (INT 01)_ 1.1,746.59,11,11,0,0,68,1,0,-,-,-,0%,0
Meta Ads,,FaceBook_University_Admit,2026-03-05,F_UA1_All Colleges_MBA_Aryan v1.1,F_UA1_All Colleges_MBA_Aryan (INT 03)_ 1.1,13.58,,,0,0,14,,0,-,-,-,0%,0
Meta Ads,,FaceBook_University_Admit,2026-03-05,F_UA1_All Colleges_MBA_Aryan v1.1,F_UA1_All Colleges_MBA_Aryan (INT 03)_ 1.3,846.3,6,6,0,0,141,1,0,-,-,-,0%,0
Meta Ads,,FaceBook_University_Admit,2026-03-05,F_UA1_All Colleges_MBA_Aryan v1.1,F_UA1_All Colleges_MBA_Aryan (INT 03)_ 1.2,3.06,,,0,0,3,,0,-,-,-,0%,0
Meta Ads,,FaceBook_University_Admit,2026-03-05,WA_Leads_MBA_March,WA_leads_INT01_C01,206.5,,,0,0,207,,0,-,-,-,0%,0
Meta Ads,,FaceBook_University_Admit,2026-03-05,WA_Leads_MBA_March,WA_leads_INT01_C02,85.08,,,0,0,85,,0,-,-,-,0%,0
Meta Ads,,FaceBook_University_Admit,2026-03-05,WA_Leads_MBA_March,WA_leads_INT01_C03,49.37,,,0,0,49,,0,-,-,-,0%,0
Meta Ads,,FaceBook_University_Admit,2026-03-05,F_UA1_FEB_MBA_Aryan v1.4,F_UA1_FEB_MBA_Aryan (INT 01)_ 1.1,718.31,3,4,1,1,239,1,21000,718.31,718.31,3.42%,-33%,42000
Meta Ads,,FaceBook_University_Admit,2026-03-05,F_UA1_FEB_MBA_Aryan v1.4,F_UA1_FEB_MBA_Aryan (INT 01)_ 1.2,32.56,,,0,0,33,,0,-,-,-,0%,0
Meta Ads,,FaceBook_University_Admit,2026-03-05,F_UA1_FEB_MBA_Aryan v1.4,F_UA1_FEB_MBA_Aryan (INT 01)_ 1.1 – Copy,6.09,,,0,0,6,,0,-,-,-,0%,0
Meta Ads,,FaceBook_University_Admit,2026-03-05,WA_Leads_MBA_March 02,WA_leads_INT01_C01,65.94,,,0,0,66,,0,-,-,-,0%,0
Meta Ads,,FaceBook_University_Admit,2026-03-05,WA_Leads_MBA_March 02,WA_leads_INT01_C02,57.43,,,0,0,57,,0,-,-,-,0%,0
Meta Ads,,FaceBook_University_Admit,2026-03-05,WA_Leads_MBA_March 02,WA_leads_INT01_C03,374.69,,,0,0,375,,0,-,-,-,0%,0
Meta Ads,,FaceBook_University_Admit,2026-03-05,F_UA1_FEB_MBA_Aryan v1.5,F_UA1_FEB_MBA_Aryan v1.5 C1.1,270.52,,,0,0,271,,0,-,-,-,0%,0
Meta Ads,,FaceBook_University_Admit,2026-03-05,F_UA1_FEB_MBA_Aryan v1.5,F_UA1_FEB_MBA_Aryan v1.5 C1.2,236.46,1,1,0,0,236,1,0,-,-,-,0%,0
Meta Ads,,FaceBook_University_Admit,2026-03-05,F_UA1_FEB_MBA_Aryan v1.5,F_UA1_FEB_MBA_Aryan v1.5 C1.3,359.84,3,2,0,0,120,2,0,-,-,-,33%,0
Meta Ads,,FaceBook_Degreefyd_B,2026-03-05,Galgotias_Lead_2026,Galgotias_Leads_2026_P_Ad_01,1565.32,18,16,0,0,87,1,0,-,-,-,11%,0
Meta Ads,,FaceBook_Degreefyd_B,2026-03-05,UG_Online_Admission_2026,UG_Online_Admission_Ad_Set01_Ad02,2058.05,39,32,0,0,53,1,0,-,-,-,18%,0
Meta Ads,,FaceBook_Degreefyd_B,2026-03-05,IGNOU_Online_Courses_Admission_DFYD,IGNOU_Online_Courses_Admission_DFYD_Delhi_NCR_Ad01,586.48,20,18,0,0,29,1,0,-,-,-,10%,0
Meta Ads,,FaceBook_Degreefyd_B,2026-03-05,IGNOU_Online_Courses_Admission_DFYD,IGNOU_Online_Courses_Admission_DFYD_Rest_Ad01,689.81,15,14,1,1,46,1,8750,689.81,689.81,7.88%,7%,26250
Meta Ads,,FaceBook_Degreefyd_B,2026-03-05,MBA_Online_Mar_2026,MBA_Online_Mar_2026_AdG1_Ad1,70.4,,,0,0,70,,0,-,-,-,0%,0
Meta Ads,,FaceBook_Degreefyd_B,2026-03-05,MBA_Online_Mar_2026,MBA_Online_Mar_2026_AdG1_Ad2LB,7.61,,,0,0,8,,0,-,-,-,0%,0
Google Ads,Brand,EP_CU_Online_DFYD,2026-03-05,CU_Online_Admission_Delta,23502437890,2975.56,4,4,0,0,744,1,0,-,-,-,0%,0
Google Ads,Generic,Degreefyd_Generic_Online_IU,2026-03-05,Online_MBA_Delta,23615579909,595.22,0,,0,0,595,0,0,-,-,-,0%,0
Google Ads,Brand,EP_Partner_Amity_Online_DFYD,2026-03-05,Amity_Online_Admission_COS,23492797149,472.54,0,,0,0,473,0,0,-,-,-,0%,0
Google Ads,Brand,EP_Partner_Amity_Online_DFYD,2026-03-05,Amity_Online_Admission_TAN,23610318125,1556.82,4,4,0,0,389,1,0,-,-,-,0%,0
Google Ads,Brand,EP_Partnere_Shoolini_DFYD,2026-03-05,Shoolini_Online_Delta,23534722448,320.04,0,1,0,0,320,0,0,-,-,-,0%,0
Google Ads,DSA,Core_Online_DSA,2026-03-05,DSA_Admission_Core_Online_Colleges_Courses,23500139647,49.52,1,1,0,0,50,1,0,-,-,-,0%,0
Google Ads,Brand,EP_Partner_LPU_Online_DFYD,2026-03-05,LPU_Online_Delta,23512571403,1296.78,2,2,0,0,648,1,0,-,-,-,0%,0
Google Ads,Brand,EP_GLA_Online_DFYD,2026-03-05,GLA_Online_Delta,23469079822,348.94,0,,0,0,349,0,0,-,-,-,0%,0
Google Ads,DSA,Degreefyd_Generic_Regular,2026-03-05,DSA_Admission_Online_Distance,23349276370,1923.53,47,41,1,1,41,1,47250,1923.53,1923.53,4.07%,13%,47250
Google Ads,Brand,Amity_Partner_001,2026-03-05,Partner_Amity_Online_2026,23228113322,2336.73,15,13,1,1,156,1,8750,2336.73,2336.73,26.71%,13%,26250
Meta Ads,,FaceBook_University_Admit,2026-03-06,F_UA01_{UG All Colleges V02.1},F_UA01_{UG All Colleges V02}{INT01}_C02,698.65,7,7,0,0,100,1,0,-,-,-,0%,0
Meta Ads,,FaceBook_University_Admit,2026-03-06,F_UA01_{UG All Colleges V02.1},F_UA01_{UG All Colleges V02}{INT01}_C04,0.14,,,0,0,0,,0,-,-,-,0%,0
Meta Ads,,FaceBook_University_Admit,2026-03-06,F_UA1_All Colleges_MBA_Aryan v1.1,F_UA1_All Colleges_MBA_Aryan (INT 01)_ 1.4,388.74,4,4,0,0,97,1,0,-,-,-,0%,0
Meta Ads,,FaceBook_University_Admit,2026-03-06,F_UA01_{UG All Colleges V02.1},F_UA01_{UG All Colleges V02}{INT01}_C05,0.56,,,0,0,1,,0,-,-,-,0%,0
Meta Ads,,FaceBook_University_Admit,2026-03-06,F_UA1_All Colleges_MBA_Aryan v1.3,F_UA1_All Colleges_MBA_Aryan V1.3 (INT 01)_ 1.4,596.57,3,2,0,0,199,2,0,-,-,-,33%,0
Meta Ads,,FaceBook_University_Admit,2026-03-06,F_UA1_All Colleges_MBA_Aryan v1.3,F_UA1_All Colleges_MBA_Aryan V1.3 (INT 01)_ 1.1,423.75,5,5,0,0,85,1,0,-,-,-,0%,0
Meta Ads,,FaceBook_University_Admit,2026-03-06,F_UA1_All Colleges_MBA_Aryan v1.1,F_UA1_All Colleges_MBA_Aryan (INT 03)_ 1.1,3.52,,,0,0,4,,0,-,-,-,0%,0
Meta Ads,,FaceBook_University_Admit,2026-03-06,F_UA1_All Colleges_MBA_Aryan v1.1,F_UA1_All Colleges_MBA_Aryan (INT 03)_ 1.3,461.06,2,2,0,0,231,1,0,-,-,-,0%,0
Meta Ads,,FaceBook_University_Admit,2026-03-06,WA_Leads_MBA_March,WA_leads_INT01_C01,324.15,,,0,0,324,,0,-,-,-,0%,0
Meta Ads,,FaceBook_University_Admit,2026-03-06,WA_Leads_MBA_March,WA_leads_INT01_C02,139.75,,,0,0,140,,0,-,-,-,0%,0
Meta Ads,,FaceBook_University_Admit,2026-03-06,WA_Leads_MBA_March,WA_leads_INT01_C03,62.72,,,0,0,63,,0,-,-,-,0%,0
Meta Ads,,FaceBook_University_Admit,2026-03-06,F_UA1_FEB_MBA_Aryan v1.4,F_UA1_FEB_MBA_Aryan (INT 01)_ 1.1,951.72,7,7,0,0,136,1,0,-,-,-,0%,0
Meta Ads,,FaceBook_University_Admit,2026-03-06,F_UA1_FEB_MBA_Aryan v1.4,F_UA1_FEB_MBA_Aryan (INT 01)_ 1.2,71.5,,,0,0,72,,0,-,-,-,0%,0
Meta Ads,,FaceBook_University_Admit,2026-03-06,F_UA1_FEB_MBA_Aryan v1.4,F_UA1_FEB_MBA_Aryan (INT 01)_ 1.1 – Copy,25.87,,,0,0,26,,0,-,-,-,0%,0
Meta Ads,,FaceBook_University_Admit,2026-03-06,WA_Leads_MBA_March 02,WA_leads_INT01_C01,26.39,,,0,0,26,,0,-,-,-,0%,0
Meta Ads,,FaceBook_University_Admit,2026-03-06,WA_Leads_MBA_March 02,WA_leads_INT01_C02,63.4,,,0,0,63,,0,-,-,-,0%,0
Meta Ads,,FaceBook_University_Admit,2026-03-06,WA_Leads_MBA_March 02,WA_leads_INT01_C03,481.41,,,0,0,481,,0,-,-,-,0%,0
Meta Ads,,FaceBook_University_Admit,2026-03-06,F_UA1_FEB_MBA_Aryan v1.5,F_UA1_FEB_MBA_Aryan v1.5 C1.1,39.1,,,0,0,39,,0,-,-,-,0%,0
Meta Ads,,FaceBook_University_Admit,2026-03-06,F_UA1_FEB_MBA_Aryan v1.5,F_UA1_FEB_MBA_Aryan v1.5 C1.2,96.96,1,,0,0,97,1,0,-,-,-,100%,0
Meta Ads,,FaceBook_University_Admit,2026-03-06,F_UA1_FEB_MBA_Aryan v1.5,F_UA1_FEB_MBA_Aryan v1.5 C1.3,926.21,10,7,1,1,93,1,19250,926.21,926.21,4.81%,30%,38500
Meta Ads,,FaceBook_Degreefyd_B,2026-03-06,Galgotias_Lead_2026,Galgotias_Leads_2026_P_Ad_01,1301.4,18,17,2,2,72,1,32750,650.7,650.7,3.97%,6%,79000
Meta Ads,,FaceBook_Degreefyd_B,2026-03-06,UG_Online_Admission_2026,UG_Online_Admission_Ad_Set01_Ad02,1618.77,29,25,0,0,56,1,0,-,-,-,14%,0
Meta Ads,,FaceBook_Degreefyd_B,2026-03-06,IGNOU_Online_Courses_Admission_DFYD,IGNOU_Online_Courses_Admission_DFYD_Delhi_NCR_Ad01,603.5,15,15,0,0,40,1,0,-,-,-,0%,0
Meta Ads,,FaceBook_Degreefyd_B,2026-03-06,IGNOU_Online_Courses_Admission_DFYD,IGNOU_Online_Courses_Admission_DFYD_Rest_Ad01,594.83,22,23,1,1,27,1,18900,594.83,594.83,3.15%,-5%,56700
Meta Ads,,FaceBook_Degreefyd_B,2026-03-06,MBA_Online_Mar_2026,MBA_Online_Mar_2026_AdG1_Ad1,135.81,,,0,0,136,,0,-,-,-,0%,0
Meta Ads,,FaceBook_Degreefyd_B,2026-03-06,MBA_Online_Mar_2026,MBA_Online_Mar_2026_AdG1_Ad2LB,97.72,1,,0,0,98,1,0,-,-,-,100%,0
Google Ads,Brand,EP_Partnere_Shoolini_DFYD,2026-03-06,Shoolini_Online_Delta,23534722448,493.14,2,2,0,0,247,1,0,-,-,-,0%,0
Google Ads,Brand,EP_CU_Online_DFYD,2026-03-06,CU_Online_Admission_Delta,23502437890,1845.95,3,3,0,0,615,1,0,-,-,-,0%,0
Google Ads,Generic,Degreefyd_Generic_Online_IU,2026-03-06,Online_MBA_Alpha,23620181025,1024.73,0,,0,0,1025,0,0,-,-,-,0%,0
Google Ads,Brand,EP_Partner_Amity_Online_DFYD,2026-03-06,Amity_Online_Admission_COS,23492797149,1404.01,1,,0,0,1404,1,0,-,-,-,100%,0
Google Ads,Brand,EP_Partner_Amity_Online_DFYD,2026-03-06,Amity_Online_Admission_TAN,23610318125,1567.23,1,1,0,0,1567,1,0,-,-,-,0%,0
Google Ads,DSA,Core_Online_DSA,2026-03-06,DSA_Admission_Core_Online_Colleges_Courses,23500139647,62.39,1,1,0,0,62,1,0,-,-,-,0%,0
Google Ads,Brand,EP_Partner_LPU_Online_DFYD,2026-03-06,LPU_Online_Delta,23512571403,1820.23,5.5,5,0,0,331,1,0,-,-,-,9%,0
Google Ads,Brand,Amity_Partner_001,2026-03-06,Partner_Amity_Online_2026,23228113322,2884.88,10,7,3,0,288,1,0,961.6266667,-,-,30%,0
Google Ads,DSA,Degreefyd_Generic_Regular,2026-03-06,DSA_Admission_Online_Distance,23349276370,2054.48,48.99,47,0,0,42,1,0,-,-,-,4%,0
Google Ads,Brand,EP_GLA_Online_DFYD,2026-03-06,GLA_Online_Delta,23469079822,680.39,1,1,0,0,680,1,0,-,-,-,0%,0
Meta Ads,,FaceBook_University_Admit,2026-03-07,F_UA1_All Colleges_MBA_Aryan v1.3,F_UA1_All Colleges_MBA_Aryan V1.3 (INT 01)_ 1.4,1398.72,12,12,0,0,117,1,0,-,-,-,0%,0
Meta Ads,,FaceBook_University_Admit,2026-03-07,WA_Leads_MBA_March,WA_leads_INT01_C01,422,,,0,0,422,,0,-,-,-,0%,0
Meta Ads,,FaceBook_University_Admit,2026-03-07,WA_Leads_MBA_March,WA_leads_INT01_C02,141.7,,,0,0,142,,0,-,-,-,0%,0
Meta Ads,,FaceBook_University_Admit,2026-03-07,WA_Leads_MBA_March,WA_leads_INT01_C03,43.56,,,0,0,44,,0,-,-,-,0%,0
Meta Ads,,FaceBook_University_Admit,2026-03-07,F_UA1_FEB_MBA_Aryan v1.4,F_UA1_FEB_MBA_Aryan (INT 01)_ 1.1,794.8,5,3,0,0,159,2,0,-,-,-,40%,0
Meta Ads,,FaceBook_University_Admit,2026-03-07,F_UA1_FEB_MBA_Aryan v1.4,F_UA1_FEB_MBA_Aryan (INT 01)_ 1.2,88.84,,,0,0,89,,0,-,-,-,0%,0
Meta Ads,,FaceBook_University_Admit,2026-03-07,F_UA1_FEB_MBA_Aryan v1.4,F_UA1_FEB_MBA_Aryan (INT 01)_ 1.1 – Copy,14.98,,,0,0,15,,0,-,-,-,0%,0
Meta Ads,,FaceBook_University_Admit,2026-03-07,WA_Leads_MBA_March 02,WA_leads_INT01_C01,59.11,,,0,0,59,,0,-,-,-,0%,0
Meta Ads,,FaceBook_University_Admit,2026-03-07,WA_Leads_MBA_March 02,WA_leads_INT01_C02,74.58,,,0,0,75,,0,-,-,-,0%,0
Meta Ads,,FaceBook_University_Admit,2026-03-07,WA_Leads_MBA_March 02,WA_leads_INT01_C03,406.61,,,0,0,407,,0,-,-,-,0%,0
Meta Ads,,FaceBook_University_Admit,2026-03-07,F_UA1_FEB_MBA_Aryan v1.5,F_UA1_FEB_MBA_Aryan v1.5 C1.1,6.9,,,0,0,7,,0,-,-,-,0%,0
Meta Ads,,FaceBook_University_Admit,2026-03-07,F_UA1_FEB_MBA_Aryan v1.5,F_UA1_FEB_MBA_Aryan v1.5 C1.2,74.82,1,1,0,0,75,1,0,-,-,-,0%,0
Meta Ads,,FaceBook_University_Admit,2026-03-07,F_UA1_FEB_MBA_Aryan v1.5,F_UA1_FEB_MBA_Aryan v1.5 C1.3,723.3,9,6,0,0,80,2,0,-,-,-,33%,0
Meta Ads,,FaceBook_University_Admit,2026-03-08,F_UA1_All Colleges_MBA_Aryan v1.3,F_UA1_All Colleges_MBA_Aryan V1.3 (INT 01)_ 1.4,780.34,8,7,0,0,98,1,0,-,-,-,13%,0
Meta Ads,,FaceBook_University_Admit,2026-03-08,WA_Leads_MBA_March,WA_leads_INT01_C01,115.03,,,0,0,115,,0,-,-,-,0%,0
Meta Ads,,FaceBook_University_Admit,2026-03-08,WA_Leads_MBA_March,WA_leads_INT01_C02,36.1,,,0,0,36,,0,-,-,-,0%,0
Meta Ads,,FaceBook_University_Admit,2026-03-08,WA_Leads_MBA_March,WA_leads_INT01_C03,9.9,,,0,0,10,,0,-,-,-,0%,0
Meta Ads,,FaceBook_University_Admit,2026-03-08,F_UA1_FEB_MBA_Aryan v1.4,F_UA1_FEB_MBA_Aryan (INT 01)_ 1.1,772.41,9,7,0,0,86,1,0,-,-,-,22%,0
Meta Ads,,FaceBook_University_Admit,2026-03-08,F_UA1_FEB_MBA_Aryan v1.4,F_UA1_FEB_MBA_Aryan (INT 01)_ 1.2,30.97,,,0,0,31,,0,-,-,-,0%,0
Meta Ads,,FaceBook_University_Admit,2026-03-08,F_UA1_FEB_MBA_Aryan v1.4,F_UA1_FEB_MBA_Aryan (INT 01)_ 1.1 – Copy,2.39,,,0,0,2,,0,-,-,-,0%,0
Meta Ads,,FaceBook_University_Admit,2026-03-08,WA_Leads_MBA_March 02,WA_leads_INT01_C01,24.64,,,0,0,25,,0,-,-,-,0%,0
Meta Ads,,FaceBook_University_Admit,2026-03-08,WA_Leads_MBA_March 02,WA_leads_INT01_C02,38.54,,,0,0,39,,0,-,-,-,0%,0
Meta Ads,,FaceBook_University_Admit,2026-03-08,WA_Leads_MBA_March 02,WA_leads_INT01_C03,136.88,,,0,0,137,,0,-,-,-,0%,0
Meta Ads,,FaceBook_University_Admit,2026-03-08,F_UA1_FEB_MBA_Aryan v1.5,F_UA1_FEB_MBA_Aryan v1.5 C1.1,7.78,,,0,0,8,,0,-,-,-,0%,0
Meta Ads,,FaceBook_University_Admit,2026-03-08,F_UA1_FEB_MBA_Aryan v1.5,F_UA1_FEB_MBA_Aryan v1.5 C1.2,54.25,,,0,0,54,,0,-,-,-,0%,0
Meta Ads,,FaceBook_University_Admit,2026-03-08,F_UA1_FEB_MBA_Aryan v1.5,F_UA1_FEB_MBA_Aryan v1.5 C1.3,720.86,6,5,0,0,120,1,0,-,-,-,17%,0
Meta Ads,,FaceBook_Degreefyd_B,2026-03-07,Galgotias_Lead_2026,Galgotias_Leads_2026_P_Ad_01,1152.21,27,23,0,0,43,1,0,-,-,-,15%,0
Meta Ads,,FaceBook_Degreefyd_B,2026-03-07,UG_Online_Admission_2026,UG_Online_Admission_Ad_Set01_Ad02,1537.61,28,28,2,0,55,1,0,768.805,-,-,0%,0
Meta Ads,,FaceBook_Degreefyd_B,2026-03-07,IGNOU_Online_Courses_Admission_DFYD,IGNOU_Online_Courses_Admission_DFYD_Delhi_NCR_Ad01,507.77,16,15,0,0,32,1,0,-,-,-,6%,0
Meta Ads,,FaceBook_Degreefyd_B,2026-03-07,IGNOU_Online_Courses_Admission_DFYD,IGNOU_Online_Courses_Admission_DFYD_Rest_Ad01,499.57,13,15,1,0,38,1,0,499.57,-,-,-15%,0
Meta Ads,,FaceBook_Degreefyd_B,2026-03-07,MBA_Online_Mar_2026,MBA_Online_Mar_2026_AdG1_Ad1,180.78,1,,0,0,181,1,0,-,-,-,100%,0
Meta Ads,,FaceBook_Degreefyd_B,2026-03-07,MBA_Online_Mar_2026,MBA_Online_Mar_2026_AdG1_Ad2LB,42.48,,,0,0,42,,0,-,-,-,0%,0
Meta Ads,,FaceBook_Degreefyd_B,2026-03-08,Galgotias_Lead_2026,Galgotias_Leads_2026_P_Ad_01,998.92,13,10,0,0,77,1,0,-,-,-,23%,0
Meta Ads,,FaceBook_Degreefyd_B,2026-03-08,UG_Online_Admission_2026,UG_Online_Admission_Ad_Set01_Ad02,1246.57,17,17,0,0,73,1,0,-,-,-,0%,0
Meta Ads,,FaceBook_Degreefyd_B,2026-03-08,IGNOU_Online_Courses_Admission_DFYD,IGNOU_Online_Courses_Admission_DFYD_Delhi_NCR_Ad01,330.88,12,12,1,1,28,1,47250,330.88,330.88,0.70%,0%,47250
Meta Ads,,FaceBook_Degreefyd_B,2026-03-08,IGNOU_Online_Courses_Admission_DFYD,IGNOU_Online_Courses_Admission_DFYD_Rest_Ad01,474.11,19,12,0,0,25,2,0,-,-,-,37%,0
Meta Ads,,FaceBook_Degreefyd_B,2026-03-08,MBA_Online_Mar_2026,MBA_Online_Mar_2026_AdG1_Ad1,132.11,,,0,0,132,,0,-,-,-,0%,0
Meta Ads,,FaceBook_Degreefyd_B,2026-03-08,MBA_Online_Mar_2026,MBA_Online_Mar_2026_AdG1_Ad2LB,1.09,,,0,0,1,,0,-,-,-,0%,0
Google Ads,Brand,EP_Partner_Amity_Online_DFYD,2026-03-07,Amity_Online_Admission_COS,23492797149,541.58,1,1,0,0,542,1,0,-,-,-,0%,0
Google Ads,Brand,EP_Partner_Amity_Online_DFYD,2026-03-07,Amity_Online_Admission_TAN,23610318125,1426.71,5,4,0,0,285,1,0,-,-,-,20%,0
Google Ads,Brand,EP_CU_Online_DFYD,2026-03-07,CU_Online_Admission_Delta,23502437890,2523.63,2.2,3,0,0,1147,1,0,-,-,-,-36%,0
Google Ads,Generic,Degreefyd_Generic_Online_IU,2026-03-07,Online_MBA_Alpha,23620181025,953.6,0,,0,0,954,0,0,-,-,-,0%,0
Google Ads,Brand,EP_GLA_Online_DFYD,2026-03-07,GLA_Online_Delta,23469079822,441.82,0,,0,0,442,0,0,-,-,-,0%,0
Google Ads,Brand,Amity_Partner_001,2026-03-07,Partner_Amity_Online_2026,23228113322,2318.37,15,12,0,0,155,1,0,-,-,-,20%,0
Google Ads,Brand,EP_Partnere_Shoolini_DFYD,2026-03-07,Shoolini_Online_Delta,23534722448,314.93,0,,0,0,315,0,0,-,-,-,0%,0
Google Ads,DSA,Degreefyd_Generic_Regular,2026-03-07,DSA_Admission_Online_Distance,23349276370,2617.85,66.98,61,1,1,39,1,7291.9,2617.85,2617.85,35.90%,9%,43751.4
Google Ads,DSA,Core_Online_DSA,2026-03-07,DSA_Admission_Core_Online_Colleges_Courses,23500139647,96.23,1,1,0,0,96,1,0,-,-,-,0%,0
Google Ads,Brand,EP_Partner_LPU_Online_DFYD,2026-03-07,LPU_Online_Delta,23512571403,1549.79,2,2,0,0,775,1,0,-,-,-,0%,0
Google Ads,Brand,EP_Partner_Amity_Online_DFYD,2026-03-08,Amity_Online_Admission_COS,23492797149,390.71,1,1,0,0,391,1,0,-,-,-,0%,0
Google Ads,Brand,EP_Partner_Amity_Online_DFYD,2026-03-08,Amity_Online_Admission_TAN,23610318125,1610.29,0,,0,0,1610,0,0,-,-,-,0%,0
Google Ads,Brand,EP_CU_Online_DFYD,2026-03-08,CU_Online_Admission_Delta,23502437890,2564.72,6,6,0,0,427,1,0,-,-,-,0%,0
Google Ads,Brand,Amity_Partner_001,2026-03-08,Partner_Amity_Online_2026,23228113322,2690.33,11,6,0,0,245,2,0,-,-,-,45%,0
Google Ads,Brand,EP_Partnere_Shoolini_DFYD,2026-03-08,Shoolini_Online_Delta,23534722448,187.06,0,1,1,0,187,0,0,187.06,-,-,0%,0
Google Ads,DSA,Degreefyd_Generic_Regular,2026-03-08,DSA_Admission_Online_Distance,23349276370,1953.07,63.99,55,1,0,31,1,0,1953.07,-,-,14%,0
Google Ads,DSA,Core_Online_DSA,2026-03-08,DSA_Admission_Core_Online_Colleges_Courses,23500139647,82.42,0,,0,0,82,0,0,-,-,-,0%,0
Google Ads,Brand,EP_Partner_LPU_Online_DFYD,2026-03-08,LPU_Online_Delta,23512571403,1670.79,1,1,0,0,1671,1,0,-,-,-,0%,0
Meta Ads,,FaceBook_University_Admit,2026-03-09,F_UA1_All Colleges_MBA_Aryan v1.3,F_UA1_All Colleges_MBA_Aryan V1.3 (INT 01)_ 1.4,1404.82,13,13,0,0,108,1,0,-,-,-,0%,0
Meta Ads,,FaceBook_University_Admit,2026-03-09,WA_Leads_MBA_March,WA_leads_INT01_C01,165.62,,,0,0,166,,0,-,-,-,0%,0
Meta Ads,,FaceBook_University_Admit,2026-03-09,WA_Leads_MBA_March,WA_leads_INT01_C02,42.78,,,0,0,43,,0,-,-,-,0%,0
Meta Ads,,FaceBook_University_Admit,2026-03-09,WA_Leads_MBA_March,WA_leads_INT01_C03,2.77,,,0,0,3,,0,-,-,-,0%,0
Meta Ads,,FaceBook_University_Admit,2026-03-09,F_UA1_FEB_MBA_Aryan v1.4,F_UA1_FEB_MBA_Aryan (INT 01)_ 1.1,1148.61,7,8,0,0,164,1,0,-,-,-,-14%,0
Meta Ads,,FaceBook_University_Admit,2026-03-09,F_UA1_FEB_MBA_Aryan v1.4,F_UA1_FEB_MBA_Aryan (INT 01)_ 1.2,33.61,,,0,0,34,,0,-,-,-,0%,0
Meta Ads,,FaceBook_University_Admit,2026-03-09,F_UA1_FEB_MBA_Aryan v1.4,F_UA1_FEB_MBA_Aryan (INT 01)_ 1.1 – Copy,12.5,,,0,0,13,,0,-,-,-,0%,0
Meta Ads,,FaceBook_University_Admit,2026-03-09,WA_Leads_MBA_March 02,WA_leads_INT01_C01,21.24,,,0,0,21,,0,-,-,-,0%,0
Meta Ads,,FaceBook_University_Admit,2026-03-09,WA_Leads_MBA_March 02,WA_leads_INT01_C02,15.56,,,0,0,16,,0,-,-,-,0%,0
Meta Ads,,FaceBook_University_Admit,2026-03-09,WA_Leads_MBA_March 02,WA_leads_INT01_C03,266.24,,,0,0,266,,0,-,-,-,0%,0
Meta Ads,,FaceBook_University_Admit,2026-03-09,F_UA1_FEB_MBA_Aryan v1.5,F_UA1_FEB_MBA_Aryan v1.5 C1.1,17.79,,,0,0,18,,0,-,-,-,0%,0
Meta Ads,,FaceBook_University_Admit,2026-03-09,F_UA1_FEB_MBA_Aryan v1.5,F_UA1_FEB_MBA_Aryan v1.5 C1.2,63.34,,,0,0,63,,0,-,-,-,0%,0
Meta Ads,,FaceBook_University_Admit,2026-03-09,F_UA1_FEB_MBA_Aryan v1.5,F_UA1_FEB_MBA_Aryan v1.5 C1.3,1104.1,12,7,0,0,92,2,0,-,-,-,42%,0
Meta Ads,,FaceBook_University_Admit,2026-03-09,F_UA1_MBADeadline_Aryan v1.5,F_UA1_MBADeadline_Aryan v1.5 C01,436.11,3,3,1,1,145,1,58936.104,436.11,436.11,0.74%,0%,72716.4
Meta Ads,,FaceBook_Degreefyd_B,2026-03-09,Galgotias_Lead_2026,Galgotias_Leads_2026_P_Ad_01,1626.99,22,21,0,0,74,1,0,-,-,-,5%,0
Meta Ads,,FaceBook_Degreefyd_B,2026-03-09,UG_Online_Admission_2026,UG_Online_Admission_Ad_Set01_Ad02,2116.89,32,33,0,0,66,1,0,-,-,-,-3%,0
Meta Ads,,FaceBook_Degreefyd_B,2026-03-09,IGNOU_Online_Courses_Admission_DFYD,IGNOU_Online_Courses_Admission_DFYD_Delhi_NCR_Ad01,566.08,15,11,0,0,38,1,0,-,-,-,27%,0
Meta Ads,,FaceBook_Degreefyd_B,2026-03-09,IGNOU_Online_Courses_Admission_DFYD,IGNOU_Online_Courses_Admission_DFYD_Rest_Ad01,739.54,17,16,0,0,44,1,0,-,-,-,6%,0
Meta Ads,,FaceBook_Degreefyd_B,2026-03-09,IGNOU_Leads_2026,IGNOU_MBA_2026_Int_Ad01,300.84,7,5,0,0,43,1,0,-,-,-,29%,0
Google Ads,DSA,Degreefyd_Generic_Regular,2026-03-09,DSA_Admission_Online_Distance,23349276370,2198.77,44.33,42,1,0,50,1,0,2198.77,-,-,5%,0
Google Ads,Brand,EP_GLA_Online_DFYD,2026-03-09,GLA_Online_Delta,23469079822,137.73,0,,0,0,138,0,0,-,-,-,0%,0
Google Ads,Brand,EP_Partner_Amity_Online_DFYD,2026-03-09,Amity_Online_Admission_COS,23492797149,4077.01,6,6,1,1,680,1,42393.75,4077.01,4077.01,9.62%,0%,42393.75
Google Ads,Brand,EP_Partner_Amity_Online_DFYD,2026-03-09,Amity_Online_Admission_TAN,23610318125,1877.47,4,4,0,0,469,1,0,-,-,-,0%,0
Google Ads,Brand,EP_CU_Online_DFYD,2026-03-09,CU_Online_Admission_Delta,23502437890,3912.23,12,9,1,0,326,1,0,3912.23,-,-,25%,0
Google Ads,Brand,Amity_Partner_001,2026-03-09,Partner_Amity_Online_2026,23228113322,2461.52,7,4,0,0,352,2,0,-,-,-,43%,0
Google Ads,Brand,EP_Partnere_Shoolini_DFYD,2026-03-09,Shoolini_Online_Delta,23534722448,318.59,0,,0,0,319,0,0,-,-,-,0%,0
Google Ads,DSA,Core_Online_DSA,2026-03-09,DSA_Admission_Core_Online_Colleges_Courses,23500139647,95.28,4,3,0,0,24,1,0,-,-,-,25%,0
Google Ads,Brand,EP_Partner_LPU_Online_DFYD,2026-03-09,LPU_Online_Delta,23512571403,2519.22,2,3,0,0,1260,1,0,-,-,-,-50%,0
Meta Ads,,FaceBook_University_Admit,2026-03-10,F_UA1_All Colleges_MBA_Aryan v1.3,F_UA1_All Colleges_MBA_Aryan V1.3 (INT 01)_ 1.4,1222.48,11,11,0,0,111,1,0,-,-,-,0%,0
Meta Ads,,FaceBook_University_Admit,2026-03-10,F_UA1_FEB_MBA_Aryan v1.4,F_UA1_FEB_MBA_Aryan (INT 01)_ 1.1,983.18,8,6,0,0,123,1,0,-,-,-,25%,0
Meta Ads,,FaceBook_University_Admit,2026-03-10,F_UA1_FEB_MBA_Aryan v1.4,F_UA1_FEB_MBA_Aryan (INT 01)_ 1.2,41.51,,,0,0,42,,0,-,-,-,0%,0
Meta Ads,,FaceBook_University_Admit,2026-03-10,F_UA1_FEB_MBA_Aryan v1.4,F_UA1_FEB_MBA_Aryan (INT 01)_ 1.1 – Copy,5.2,,,0,0,5,,0,-,-,-,0%,0
Meta Ads,,FaceBook_University_Admit,2026-03-10,F_UA1_FEB_MBA_Aryan v1.5,F_UA1_FEB_MBA_Aryan v1.5 C1.1,6.78,,,0,0,7,,0,-,-,-,0%,0
Meta Ads,,FaceBook_University_Admit,2026-03-10,F_UA1_FEB_MBA_Aryan v1.5,F_UA1_FEB_MBA_Aryan v1.5 C1.2,70.72,,,0,0,71,,0,-,-,-,0%,0
Meta Ads,,FaceBook_University_Admit,2026-03-10,F_UA1_FEB_MBA_Aryan v1.5,F_UA1_FEB_MBA_Aryan v1.5 C1.3,1070.33,9,5,0,0,119,2,0,-,-,-,44%,0
Meta Ads,,FaceBook_University_Admit,2026-03-10,F_UA1_MBADeadline_Aryan v1.5,F_UA1_MBADeadline_Aryan v1.5 C01,1105.79,4,3,0,0,276,1,0,-,-,-,25%,0
Meta Ads,,FaceBook_Degreefyd_B,2026-03-10,Galgotias_Lead_2026,Galgotias_Leads_2026_P_Ad_01,1322.05,18,14,0,0,73,1,0,-,-,-,22%,0
Meta Ads,,FaceBook_Degreefyd_B,2026-03-10,UG_Online_Admission_2026,UG_Online_Admission_Ad_Set01_Ad02,1838.63,34,32,0,0,54,1,0,-,-,-,6%,0
Meta Ads,,FaceBook_Degreefyd_B,2026-03-10,IGNOU_Online_Courses_Admission_DFYD,IGNOU_Online_Courses_Admission_DFYD_Delhi_NCR_Ad01,458.74,14,14,0,0,33,1,0,-,-,-,0%,0
Meta Ads,,FaceBook_Degreefyd_B,2026-03-10,IGNOU_Online_Courses_Admission_DFYD,IGNOU_Online_Courses_Admission_DFYD_Rest_Ad01,604.75,14,13,1,1,43,1,19250,604.75,604.75,3.14%,7%,38500
Meta Ads,,FaceBook_Degreefyd_B,2026-03-10,IGNOU_Leads_2026,IGNOU_MBA_2026_Int_Ad01,297.4,7,6,0,0,42,1,0,-,-,-,14%,0
Google Ads,DSA,Core_Online_DSA,2026-03-10,DSA_Admission_Core_Online_Colleges_Courses,23500139647,116.63,1,1,0,0,117,1,0,-,-,-,0%,0
Google Ads,Brand,EP_Partner_LPU_Online_DFYD,2026-03-10,LPU_Online_Delta,23512571403,2053.95,2,3,0,0,1027,1,0,-,-,-,-50%,0
Google Ads,Brand,EP_Partner_Amity_Online_DFYD,2026-03-10,Amity_Online_Admission_COS,23492797149,2971.48,3,3,0,0,990,1,0,-,-,-,0%,0
Google Ads,Brand,EP_Partner_Amity_Online_DFYD,2026-03-10,Amity_Online_Admission_TAN,23610318125,2365.87,4,4,0,0,591,1,0,-,-,-,0%,0
Google Ads,Brand,EP_CU_Online_DFYD,2026-03-10,CU_Online_Admission_Delta,23502437890,4209.73,10,10,1,0,421,1,0,4209.73,-,-,0%,0
Google Ads,DSA,Degreefyd_Generic_Regular,2026-03-10,DSA_Admission_Online_Distance,23349276370,2913.2,77.98,67,2,2,37,1,45500,1456.6,1456.6,6.40%,14%,64750
Google Ads,Brand,EP_Partnere_Shoolini_DFYD,2026-03-10,Shoolini_Online_Delta,23534722448,104.79,0,,0,0,105,0,0,-,-,-,0%,0
Google Ads,Brand,Amity_Partner_001,2026-03-10,Partner_Amity_Online_2026,23228113322,2577.21,10,7,1,1,258,1,99417.5,2577.21,2577.21,2.59%,30%,99417.5
Meta Ads,,FaceBook_University_Admit,2026-03-11,F_UA1_All Colleges_MBA_Aryan v1.3,F_UA1_All Colleges_MBA_Aryan V1.3 (INT 01)_ 1.4,1244.63,9,8,0,0,138,1,0,-,-,-,11%,0
Meta Ads,,FaceBook_University_Admit,2026-03-11,F_UA1_FEB_MBA_Aryan v1.4,F_UA1_FEB_MBA_Aryan (INT 01)_ 1.1,1011.02,6,6,2,1,169,1,16500,505.51,1011.02,6.13%,0%,33000
Meta Ads,,FaceBook_University_Admit,2026-03-11,F_UA1_FEB_MBA_Aryan v1.4,F_UA1_FEB_MBA_Aryan (INT 01)_ 1.2,8.79,,,0,0,9,,0,-,-,-,0%,0
Meta Ads,,FaceBook_University_Admit,2026-03-11,F_UA1_FEB_MBA_Aryan v1.4,F_UA1_FEB_MBA_Aryan (INT 01)_ 1.1 – Copy,0.86,,,0,0,1,,0,-,-,-,0%,0
Meta Ads,,FaceBook_University_Admit,2026-03-11,F_UA1_FEB_MBA_Aryan v1.5,F_UA1_FEB_MBA_Aryan v1.5 C1.1,2.82,,,0,0,3,,0,-,-,-,0%,0
Meta Ads,,FaceBook_University_Admit,2026-03-11,F_UA1_FEB_MBA_Aryan v1.5,F_UA1_FEB_MBA_Aryan v1.5 C1.2,44.15,,,0,0,44,,0,-,-,-,0%,0
Meta Ads,,FaceBook_University_Admit,2026-03-11,F_UA1_FEB_MBA_Aryan v1.5,F_UA1_FEB_MBA_Aryan v1.5 C1.3,950.44,10,7,1,1,95,1,64078,950.44,950.44,1.48%,30%,64078
Meta Ads,,FaceBook_University_Admit,2026-03-11,F_UA1_MBADeadline_Aryan v1.5,F_UA1_MBADeadline_Aryan v1.5 C01,385.33,1,1,0,0,385,1,0,-,-,-,0%,0
Meta Ads,,FaceBook_Degreefyd_B,2026-03-11,Galgotias_Lead_2026,Galgotias_Leads_2026_P_Ad_01,1281.88,13,13,0,0,99,1,0,-,-,-,0%,0
Meta Ads,,FaceBook_Degreefyd_B,2026-03-11,UG_Online_Admission_2026,UG_Online_Admission_Ad_Set01_Ad02,1536.07,22,22,0,0,70,1,0,-,-,-,0%,0
Meta Ads,,FaceBook_Degreefyd_B,2026-03-11,IGNOU_Online_Courses_Admission_DFYD,IGNOU_Online_Courses_Admission_DFYD_Delhi_NCR_Ad01,411.04,9,8,0,0,46,1,0,-,-,-,11%,0
Meta Ads,,FaceBook_Degreefyd_B,2026-03-11,IGNOU_Online_Courses_Admission_DFYD,IGNOU_Online_Courses_Admission_DFYD_Rest_Ad01,517.89,13,12,0,0,40,1,0,-,-,-,8%,0
Meta Ads,,FaceBook_Degreefyd_B,2026-03-11,IGNOU_Leads_2026,IGNOU_MBA_2026_Int_Ad01,222.86,3,2,0,0,74,2,0,-,-,-,33%,0
Meta Ads,,FaceBook_Degreefyd_B,2026-03-11,S6M_UG_PG_Online_Admission_2026,S6M_UG_PG_Online_Admission_2026_Ad_Set01_InstAd01,98.04,1,1,0,0,98,1,0,-,-,-,0%,0
Meta Ads,,FaceBook_Degreefyd_B,2026-03-11,UG_PG_Online_Admission_2026_Remarketing,UG_PG_Online_Admission_2026_Ad_Set01_InstAd01_Remarketing,85.7,1,0,0,0,86,1,0,-,-,-,100%,0
Google Ads,Brand,EP_CU_Online_DFYD,2026-03-11,CU_Online_Admission_Delta,23502437890,2734.37,2,2,0,0,1367,1,0,-,-,-,0%,0
Google Ads,DSA,Core_Online_DSA,2026-03-11,DSA_Admission_Core_Online_Colleges_Courses,23500139647,97.91,3.98,3,0,0,25,1,0,-,-,-,25%,0
Google Ads,Brand,EP_Partner_Amity_Online_DFYD,2026-03-11,Amity_Online_Admission_COS,23492797149,1547.09,3,3,0,0,516,1,0,-,-,-,0%,0
Google Ads,Brand,EP_Partner_Amity_Online_DFYD,2026-03-11,Amity_Online_Admission_TAN,23610318125,1358.43,7,7,1,1,194,1,13125,1358.43,1358.43,10.35%,0%,78750
Google Ads,DSA,Degreefyd_Generic_Regular,2026-03-11,DSA_Admission_Online_Distance,23349276370,3967.62,102.48,89,0,0,39,1,0,-,-,-,13%,0
Google Ads,Brand,Amity_Partner_001,2026-03-11,Partner_Amity_Online_2026,23228113322,2406.89,7,5,1,1,344,1,8181.25,2406.89,2406.89,29.42%,29%,52500
Meta Ads,,FaceBook_University_Admit,2026-03-12,F_UA1_All Colleges_MBA_Aryan v1.3,F_UA1_All Colleges_MBA_Aryan V1.3 (INT 01)_ 1.4,785.54,3,3,0,0,262,1,0,-,-,-,0%,0
Meta Ads,,FaceBook_University_Admit,2026-03-12,F_UA1_FEB_MBA_Aryan v1.4,F_UA1_FEB_MBA_Aryan (INT 01)_ 1.1,703.07,2,2,0,0,352,1,0,-,-,-,0%,0
Meta Ads,,FaceBook_University_Admit,2026-03-12,F_UA1_FEB_MBA_Aryan v1.4,F_UA1_FEB_MBA_Aryan (INT 01)_ 1.2,7.4,,,0,0,7,,0,-,-,-,0%,0
Meta Ads,,FaceBook_University_Admit,2026-03-12,F_UA1_FEB_MBA_Aryan v1.4,F_UA1_FEB_MBA_Aryan (INT 01)_ 1.1 – Copy,0.66,,,0,0,1,,0,-,-,-,0%,0
Meta Ads,,FaceBook_University_Admit,2026-03-12,F_UA1_FEB_MBA_Aryan v1.5,F_UA1_FEB_MBA_Aryan v1.5 C1.2,9.86,,,0,0,10,,0,-,-,-,0%,0
Meta Ads,,FaceBook_University_Admit,2026-03-12,F_UA1_FEB_MBA_Aryan v1.5,F_UA1_FEB_MBA_Aryan v1.5 C1.3,943.42,4,4,0,0,236,1,0,-,-,-,0%,0
Meta Ads,,FaceBook_Degreefyd_B,2026-03-12,Galgotias_Lead_2026,Galgotias_Leads_2026_P_Ad_01,1186.92,15,13,0,0,79,1,0,-,-,-,13%,0
Meta Ads,,FaceBook_Degreefyd_B,2026-03-12,UG_Online_Admission_2026,UG_Online_Admission_Ad_Set01_Ad02,1623.68,36,33,0,0,45,1,0,-,-,-,8%,0
Meta Ads,,FaceBook_Degreefyd_B,2026-03-12,IGNOU_Online_Courses_Admission_DFYD,IGNOU_Online_Courses_Admission_DFYD_Delhi_NCR_Ad01,414.89,14,14,1,1,30,1,7200,414.89,414.89,5.76%,0%,29000
Meta Ads,,FaceBook_Degreefyd_B,2026-03-12,IGNOU_Online_Courses_Admission_DFYD,IGNOU_Online_Courses_Admission_DFYD_Rest_Ad01,591.93,15,14,1,1,39,1,8750,591.93,591.93,6.76%,7%,26250
Meta Ads,,FaceBook_Degreefyd_B,2026-03-12,S6M_UG_PG_Online_Admission_2026,S6M_UG_PG_Online_Admission_2026_Ad_Set01_InstAd01,261.78,1,,0,0,262,1,0,-,-,-,100%,0
Meta Ads,,FaceBook_Degreefyd_B,2026-03-12,UG_PG_Online_Admission_2026_Remarketing,UG_PG_Online_Admission_2026_Ad_Set01_InstAd01_Remarketing,162.25,1,1,0,0,162,1,0,-,-,-,0%,0
Meta Ads,,FaceBook_Degreefyd_B,2026-03-12,IGNOU_Leads_2026,IGNOU_MBA_2026_Int_Ad01,238.01,5,4,0,0,48,1,0,-,-,-,20%,0
Google Ads,Brand,EP_CU_Online_DFYD,2026-03-12,CU_Online_Admission_Delta,23502437890,2056.1,5,4,1,0,411,1,0,2056.1,-,-,20%,0
Google Ads,DSA,Degreefyd_Generic_Regular,2026-03-12,DSA_Admission_Online_Distance,23349276370,3246.17,79.15,65,1,1,41,1,47250,3246.17,3246.17,6.87%,18%,47250
Google Ads,Brand,EP_Partner_Amity_Online_DFYD,2026-03-12,Amity_Online_Admission_COS,23492797149,1556.79,4,3,1,1,389,1,11203.5,1556.79,1556.79,13.90%,25%,33610.5
Google Ads,Brand,EP_Partner_Amity_Online_DFYD,2026-03-12,Amity_Online_Admission_TAN,23610318125,1328.37,4,4,0,0,332,1,0,-,-,-,0%,0
Google Ads,DSA,Core_Online_DSA,2026-03-12,DSA_Admission_Core_Online_Colleges_Courses,23500139647,38.65,0,,0,0,39,0,0,-,-,-,0%,0
Google Ads,Brand,Amity_Partner_001,2026-03-12,Partner_Amity_Online_2026,23228113322,2488.17,7,6,0,0,355,1,0,-,-,-,14%,0
Meta Ads,,FaceBook_University_Admit,2026-03-13,F_UA01_{UG All Colleges V02.1},F_UA01_{UG All Colleges V02}{INT01}_C02,132.92,,,0,0,133,,0,-,-,-,0%,0
Meta Ads,,FaceBook_University_Admit,2026-03-13,F_UA01_{UG All Colleges V02.1},F_UA01_{UG All Colleges V02}{INT01}_C04,0.76,,,0,0,1,,0,-,-,-,0%,0
Meta Ads,,FaceBook_University_Admit,2026-03-13,F_UA1_All Colleges_MBA_Aryan v1.1,F_UA1_All Colleges_MBA_Aryan (INT 01)_ 1.3,5.52,,,0,0,6,,0,-,-,-,0%,0
Meta Ads,,FaceBook_University_Admit,2026-03-13,F_UA1_All Colleges_MBA_Aryan v1.1,F_UA1_All Colleges_MBA_Aryan (INT 01)_ 1.4,1136.25,10,11,0,0,114,1,0,-,-,-,-10%,0
Meta Ads,,FaceBook_University_Admit,2026-03-13,F_UA01_{UG All Colleges V02.1},F_UA01_{UG All Colleges V02}{INT01}_C05,1770.4,16,13,0,0,111,1,0,-,-,-,19%,0
Meta Ads,,FaceBook_University_Admit,2026-03-13,F_UA1_All Colleges_MBA_Aryan v1.3,F_UA1_All Colleges_MBA_Aryan V1.3 (INT 01)_ 1.4,528.14,4,3,1,1,132,1,54805.52,528.14,528.14,0.96%,25%,63140
Meta Ads,,FaceBook_University_Admit,2026-03-13,F_UA1_All Colleges_MBA_Aryan v1.3,F_UA1_All Colleges_MBA_Aryan V1.3 (INT 01)_ 1.1,775.84,10,10,0,0,78,1,0,-,-,-,0%,0
Meta Ads,,FaceBook_University_Admit,2026-03-13,F_UA1_All Colleges_MBA_Aryan v1.1,F_UA1_All Colleges_MBA_Aryan (INT 03)_ 1.1,107.47,,,0,0,107,,0,-,-,-,0%,0
Meta Ads,,FaceBook_University_Admit,2026-03-13,F_UA1_All Colleges_MBA_Aryan v1.1,F_UA1_All Colleges_MBA_Aryan (INT 03)_ 1.3,1235.64,4,4,0,0,309,1,0,-,-,-,0%,0
Meta Ads,,FaceBook_University_Admit,2026-03-13,F_UA1_All Colleges_MBA_Aryan v1.1,F_UA1_All Colleges_MBA_Aryan (INT 03)_ 1.2,24.73,,,0,0,25,,0,-,-,-,0%,0
Meta Ads,,FaceBook_University_Admit,2026-03-13,F_UA1_FEB_MBA_Aryan v1.4,F_UA1_FEB_MBA_Aryan (INT 01)_ 1.1,1074.1,5,4,0,0,215,1,0,-,-,-,20%,0
Meta Ads,,FaceBook_University_Admit,2026-03-13,F_UA1_FEB_MBA_Aryan v1.4,F_UA1_FEB_MBA_Aryan (INT 01)_ 1.2,22.42,,,0,0,22,,0,-,-,-,0%,0
Meta Ads,,FaceBook_University_Admit,2026-03-13,F_UA1_FEB_MBA_Aryan v1.4,F_UA1_FEB_MBA_Aryan (INT 01)_ 1.1 – Copy,1.53,,,0,0,2,,0,-,-,-,0%,0
Meta Ads,,FaceBook_University_Admit,2026-03-13,F_UA1_FEB_MBA_Aryan v1.5,F_UA1_FEB_MBA_Aryan v1.5 C1.1,1.3,,,0,0,1,,0,-,-,-,0%,0
Meta Ads,,FaceBook_University_Admit,2026-03-13,F_UA1_FEB_MBA_Aryan v1.5,F_UA1_FEB_MBA_Aryan v1.5 C1.3,1526.55,7,4,0,0,218,2,0,-,-,-,43%,0
Meta Ads,,FaceBook_University_Admit,2026-03-13,F_UA1_MBADeadline_Aryan v1.5,F_UA1_MBADeadline_Aryan v1.5 C01,1230.67,6,2,0,0,205,3,0,-,-,-,67%,0
Meta Ads,,FaceBook_Degreefyd_B,2026-03-13,Galgotias_Lead_2026,Galgotias_Leads_2026_P_Ad_01,1418.82,15,13,2,1,95,1,12875,709.41,1418.82,11.02%,13%,51500
Meta Ads,,FaceBook_Degreefyd_B,2026-03-13,UG_Online_Admission_2026,UG_Online_Admission_Ad_Set01_Ad02,1963.81,36,34,1,0,55,1,0,1963.81,-,-,6%,0
Meta Ads,,FaceBook_Degreefyd_B,2026-03-13,IGNOU_Online_Courses_Admission_DFYD,IGNOU_Online_Courses_Admission_DFYD_Delhi_NCR_Ad01,492.47,13,13,0,0,38,1,0,-,-,-,0%,0
Meta Ads,,FaceBook_Degreefyd_B,2026-03-13,IGNOU_Online_Courses_Admission_DFYD,IGNOU_Online_Courses_Admission_DFYD_Rest_Ad01,692.76,20,20,0,0,35,1,0,-,-,-,0%,0
Meta Ads,,FaceBook_Degreefyd_B,2026-03-13,IGNOU_Leads_2026,IGNOU_MBA_2026_Int_Ad01,333.08,5,3,0,0,67,2,0,-,-,-,40%,0
Meta Ads,,FaceBook_Degreefyd_B,2026-03-13,S6M_UG_PG_Online_Admission_2026,S6M_UG_PG_Online_Admission_2026_Ad_Set01_InstAd01,236.78,3,2,0,0,79,2,0,-,-,-,33%,0
Meta Ads,,FaceBook_Degreefyd_B,2026-03-13,UG_PG_Online_Admission_2026_Remarketing,UG_PG_Online_Admission_2026_Ad_Set01_InstAd01_Remarketing,144.46,3,1,0,0,48,3,0,-,-,-,67%,0
Google Ads,Brand,Amity_Partner_001,2026-03-13,Partner_Amity_Online_2026,23228113322,2109.46,8,5,0,0,264,2,0,-,-,-,38%,0
Google Ads,DSA,Degreefyd_Generic_Regular,2026-03-13,DSA_Admission_Online_Distance,23349276370,2929.76,102.49,98,0,0,29,1,0,-,-,-,4%,0
Google Ads,Brand,EP_CU_Online_DFYD,2026-03-13,CU_Online_Admission_Delta,23502437890,2433.19,7.33,7,0,0,332,1,0,-,-,-,5%,0
Google Ads,Brand,EP_Partner_Amity_Online_DFYD,2026-03-13,Amity_Online_Admission_COS,23492797149,1856.54,2,3,0,0,928,1,0,-,-,-,-50%,0
Google Ads,Brand,EP_Partner_Amity_Online_DFYD,2026-03-13,Amity_Online_Admission_TAN,23610318125,1300.76,4.33,4,1,0,300,1,0,1300.76,-,-,8%,0
Google Ads,DSA,Core_Online_DSA,2026-03-13,DSA_Admission_Core_Online_Colleges_Courses,23500139647,68.14,1,1,0,0,68,1,0,-,-,-,0%,0
Meta Ads,,FaceBook_University_Admit,2026-03-14,F_UA01_{UG All Colleges V02.1},F_UA01_{UG All Colleges V02}{INT01}_C04,0.71,,,0,0,1,,0,-,-,-,0%,0
Meta Ads,,FaceBook_University_Admit,2026-03-14,F_UA1_All Colleges_MBA_Aryan v1.1,F_UA1_All Colleges_MBA_Aryan (INT 01)_ 1.1,0.53,,,0,0,1,,0,-,-,-,0%,0
Meta Ads,,FaceBook_University_Admit,2026-03-14,F_UA1_All Colleges_MBA_Aryan v1.1,F_UA1_All Colleges_MBA_Aryan (INT 01)_ 1.4,1157.5,4,4,1,1,289,1,51600,1157.5,1157.5,2.24%,0%,60000
Meta Ads,,FaceBook_University_Admit,2026-03-14,F_UA01_{UG All Colleges V02.1},F_UA01_{UG All Colleges V02}{INT01}_C05,1846.43,17,11,0,0,109,2,0,-,-,-,35%,0
Meta Ads,,FaceBook_University_Admit,2026-03-14,F_UA1_All Colleges_MBA_Aryan v1.3,F_UA1_All Colleges_MBA_Aryan V1.3 (INT 01)_ 1.1,1125.64,9,10,2,2,125,1,57750,562.82,562.82,1.95%,-11%,77000
Meta Ads,,FaceBook_University_Admit,2026-03-14,F_UA1_All Colleges_MBA_Aryan v1.1,F_UA1_All Colleges_MBA_Aryan (INT 03)_ 1.1,79.92,,,0,0,80,,0,-,-,-,0%,0
Meta Ads,,FaceBook_University_Admit,2026-03-14,F_UA1_All Colleges_MBA_Aryan v1.1,F_UA1_All Colleges_MBA_Aryan (INT 03)_ 1.3,1437.4,7,7,1,1,205,1,26031.25,1437.4,1437.4,5.52%,0%,52062.5
Meta Ads,,FaceBook_University_Admit,2026-03-14,F_UA1_All Colleges_MBA_Aryan v1.1,F_UA1_All Colleges_MBA_Aryan (INT 03)_ 1.2,0.27,,,0,0,0,,0,-,-,-,0%,0
Meta Ads,,FaceBook_University_Admit,2026-03-14,F_UA1_FEB_MBA_Aryan v1.4,F_UA1_FEB_MBA_Aryan (INT 01)_ 1.1,1011.14,4,3,0,0,253,1,0,-,-,-,25%,0
Meta Ads,,FaceBook_University_Admit,2026-03-14,F_UA1_FEB_MBA_Aryan v1.4,F_UA1_FEB_MBA_Aryan (INT 01)_ 1.2,5.73,,,0,0,6,,0,-,-,-,0%,0
Meta Ads,,FaceBook_University_Admit,2026-03-14,F_UA1_FEB_MBA_Aryan v1.4,F_UA1_FEB_MBA_Aryan (INT 01)_ 1.1 – Copy,5.46,,,0,0,5,,0,-,-,-,0%,0
Meta Ads,,FaceBook_University_Admit,2026-03-14,F_UA1_FEB_MBA_Aryan v1.5,F_UA1_FEB_MBA_Aryan v1.5 C1.3,798.9,8,5,0,0,100,2,0,-,-,-,38%,0
Meta Ads,,FaceBook_University_Admit,2026-03-14,F_UA1_MBADeadline_Aryan v1.5,F_UA1_MBADeadline_Aryan v1.5 C01,1540.36,9,5,0,0,171,2,0,-,-,-,44%,0
Meta Ads,,FaceBook_University_Admit,2026-03-15,F_UA1_All Colleges_MBA_Aryan v1.1,F_UA1_All Colleges_MBA_Aryan (INT 01)_ 1.1,0.35,,,0,0,0,,0,-,-,-,0%,0
Meta Ads,,FaceBook_University_Admit,2026-03-15,F_UA1_All Colleges_MBA_Aryan v1.1,F_UA1_All Colleges_MBA_Aryan (INT 01)_ 1.4,889.21,11,9,0,0,81,1,0,-,-,-,18%,0
Meta Ads,,FaceBook_University_Admit,2026-03-15,F_UA01_{UG All Colleges V02.1},F_UA01_{UG All Colleges V02}{INT01}_C05,1303.46,20,16,0,0,65,1,0,-,-,-,20%,0
Meta Ads,,FaceBook_University_Admit,2026-03-15,F_UA1_All Colleges_MBA_Aryan v1.3,F_UA1_All Colleges_MBA_Aryan V1.3 (INT 01)_ 1.1,1284.97,13,13,0,0,99,1,0,-,-,-,0%,0
Meta Ads,,FaceBook_University_Admit,2026-03-15,F_UA1_All Colleges_MBA_Aryan v1.1,F_UA1_All Colleges_MBA_Aryan (INT 03)_ 1.1,56.78,,,0,0,57,,0,-,-,-,0%,0
Meta Ads,,FaceBook_University_Admit,2026-03-15,F_UA1_All Colleges_MBA_Aryan v1.1,F_UA1_All Colleges_MBA_Aryan (INT 03)_ 1.3,1075.67,3,3,0,0,359,1,0,-,-,-,0%,0
Meta Ads,,FaceBook_University_Admit,2026-03-15,F_UA1_All Colleges_MBA_Aryan v1.1,F_UA1_All Colleges_MBA_Aryan (INT 03)_ 1.2,17.65,,,0,0,18,,0,-,-,-,0%,0
Meta Ads,,FaceBook_University_Admit,2026-03-15,F_UA1_FEB_MBA_Aryan v1.4,F_UA1_FEB_MBA_Aryan (INT 01)_ 1.1,1140.73,8,8,0,0,143,1,0,-,-,-,0%,0
Meta Ads,,FaceBook_University_Admit,2026-03-15,F_UA1_FEB_MBA_Aryan v1.4,F_UA1_FEB_MBA_Aryan (INT 01)_ 1.2,7.23,,,0,0,7,,0,-,-,-,0%,0
Meta Ads,,FaceBook_University_Admit,2026-03-15,F_UA1_FEB_MBA_Aryan v1.4,F_UA1_FEB_MBA_Aryan (INT 01)_ 1.1 – Copy,0.94,,,0,0,1,,0,-,-,-,0%,0
Meta Ads,,FaceBook_University_Admit,2026-03-15,F_UA1_FEB_MBA_Aryan v1.5,F_UA1_FEB_MBA_Aryan v1.5 C1.1,5.47,,,0,0,5,,0,-,-,-,0%,0
Meta Ads,,FaceBook_University_Admit,2026-03-15,F_UA1_FEB_MBA_Aryan v1.5,F_UA1_FEB_MBA_Aryan v1.5 C1.3,1384.99,14,9,0,0,99,2,0,-,-,-,36%,0
Meta Ads,,FaceBook_University_Admit,2026-03-15,F_UA1_MBADeadline_Aryan v1.5,F_UA1_MBADeadline_Aryan v1.5 C01,1124.81,8,5,0,0,141,2,0,-,-,-,38%,0
Meta Ads,,FaceBook_Degreefyd_B,2026-03-14,Galgotias_Lead_2026,Galgotias_Leads_2026_P_Ad_01,1456.16,18,16,0,0,81,1,0,-,-,-,11%,0
Meta Ads,,FaceBook_Degreefyd_B,2026-03-14,UG_Online_Admission_2026,UG_Online_Admission_Ad_Set01_Ad02,1100.73,20,19,1,1,55,1,36210,1100.73,1100.73,3.04%,5%,42600
Meta Ads,,FaceBook_Degreefyd_B,2026-03-14,IGNOU_Online_Courses_Admission_DFYD,IGNOU_Online_Courses_Admission_DFYD_Delhi_NCR_Ad01,455.83,16,17,0,0,28,1,0,-,-,-,-6%,0
Meta Ads,,FaceBook_Degreefyd_B,2026-03-14,IGNOU_Online_Courses_Admission_DFYD,IGNOU_Online_Courses_Admission_DFYD_Rest_Ad01,631.08,18,14,0,0,35,1,0,-,-,-,22%,0
Meta Ads,,FaceBook_Degreefyd_B,2026-03-14,IGNOU_Leads_2026,IGNOU_MBA_2026_Int_Ad01,294.28,16,11,0,0,18,1,0,-,-,-,31%,0
Meta Ads,,FaceBook_Degreefyd_B,2026-03-14,S6M_UG_PG_Online_Admission_2026,S6M_UG_PG_Online_Admission_2026_Ad_Set01_InstAd01,226.25,5,4,0,0,45,1,0,-,-,-,20%,0
Meta Ads,,FaceBook_Degreefyd_B,2026-03-14,UG_PG_Online_Admission_2026_Remarketing,UG_PG_Online_Admission_2026_Ad_Set01_InstAd01_Remarketing,115.66,1,1,0,0,116,1,0,-,-,-,0%,0
Meta Ads,,FaceBook_Degreefyd_B,2026-03-15,Galgotias_Lead_2026,Galgotias_Leads_2026_P_Ad_01,1288.15,11,9,0,0,117,1,0,-,-,-,18%,0
Meta Ads,,FaceBook_Degreefyd_B,2026-03-15,UG_Online_Admission_2026,UG_Online_Admission_Ad_Set01_Ad02,1095.44,25,20,0,0,44,1,0,-,-,-,20%,0
Meta Ads,,FaceBook_Degreefyd_B,2026-03-15,IGNOU_Online_Courses_Admission_DFYD,IGNOU_Online_Courses_Admission_DFYD_Delhi_NCR_Ad01,451.21,15,12,0,0,30,1,0,-,-,-,20%,0
Meta Ads,,FaceBook_Degreefyd_B,2026-03-15,IGNOU_Online_Courses_Admission_DFYD,IGNOU_Online_Courses_Admission_DFYD_Rest_Ad01,635.43,15,14,0,0,42,1,0,-,-,-,7%,0
Meta Ads,,FaceBook_Degreefyd_B,2026-03-15,IGNOU_Leads_2026,IGNOU_MBA_2026_Int_Ad01,343.18,10,7,0,0,34,1,0,-,-,-,30%,0
Meta Ads,,FaceBook_Degreefyd_B,2026-03-15,S6M_UG_PG_Online_Admission_2026,S6M_UG_PG_Online_Admission_2026_Ad_Set01_InstAd01,251.1,,,0,0,251,,0,-,-,-,0%,0
Meta Ads,,FaceBook_Degreefyd_B,2026-03-15,UG_PG_Online_Admission_2026_Remarketing,UG_PG_Online_Admission_2026_Ad_Set01_InstAd01_Remarketing,150.84,1,,0,0,151,1,0,-,-,-,100%,0
Google Ads,Brand,EP_Partner_Amity_Online_DFYD,2026-03-14,Amity_Online_Admission_COS,23492797149,1467.9,1,1,0,0,1468,1,0,-,-,-,0%,0
Google Ads,Brand,EP_Partner_Amity_Online_DFYD,2026-03-14,Amity_Online_Admission_TAN,23610318125,1322.61,2,2,0,0,661,1,0,-,-,-,0%,0
Google Ads,Brand,EP_CU_Online_DFYD,2026-03-14,CU_Online_Admission_Delta,23502437890,1848.63,3,3,2,0,616,1,0,924.315,-,-,0%,0
Google Ads,DSA,Core_Online_DSA,2026-03-14,DSA_Admission_Core_Online_Colleges_Courses,23500139647,44.18,0,,0,0,44,0,0,-,-,-,0%,0
Google Ads,Brand,EP_Partner_LPU_Online_DFYD,2026-03-14,LPU_Online_Delta,23512571403,2340.85,2,1,0,0,1170,2,0,-,-,-,50%,0
Google Ads,DSA,Degreefyd_Generic_Regular,2026-03-14,DSA_Admission_Online_Distance,23349276370,3954.9,122.17,111,1,0,32,1,0,3954.9,-,-,9%,0
Google Ads,Brand,Amity_Partner_001,2026-03-14,Partner_Amity_Online_2026,23228113322,3455.58,13,10,0,0,266,1,0,-,-,-,23%,0
Google Ads,Brand,EP_Partner_Amity_Online_DFYD,2026-03-15,Amity_Online_Admission_COS,23492797149,1285.2,2,2,0,0,643,1,0,-,-,-,0%,0
Google Ads,Brand,EP_Partner_Amity_Online_DFYD,2026-03-15,Amity_Online_Admission_TAN,23610318125,873.99,2,2,0,0,437,1,0,-,-,-,0%,0
Google Ads,Brand,EP_Partner_Amity_Online_DFYD,2026-03-15,Amity_Online_Admission_MBA,23659350616,175.4,1,1,0,0,175,1,0,-,-,-,0%,0
Google Ads,Brand,EP_CU_Online_DFYD,2026-03-15,CU_Online_Admission_Delta,23502437890,1732.61,2,1,1,0,866,2,0,1732.61,-,-,50%,0
Google Ads,DSA,Core_Online_DSA,2026-03-15,DSA_Admission_Core_Online_Colleges_Courses,23500139647,31.89,0,,0,0,32,0,0,-,-,-,0%,0
Google Ads,Brand,EP_Partner_LPU_Online_DFYD,2026-03-15,LPU_Online_Delta,23512571403,1476.76,4,4,0,0,369,1,0,-,-,-,0%,0
Google Ads,DSA,Degreefyd_Generic_Regular,2026-03-15,DSA_Admission_Online_Distance,23349276370,3800.09,87.47,76,1,1,43,1,33038.25,3800.09,3800.09,11.50%,13%,38062.5
Google Ads,Brand,Amity_Partner_001,2026-03-15,Partner_Amity_Online_2026,23228113322,3551.7,16,12,1,1,222,1,54862.5,3551.7,3551.7,6.47%,25%,54862.5
Meta Ads,,FaceBook_University_Admit,2026-03-16,F_UA01_{UG All Colleges V02.1},F_UA01_{UG All Colleges V02}{INT01}_C04,8.57,,,0,0,9,,0,-,-,-,0%,0
Meta Ads,,FaceBook_University_Admit,2026-03-16,F_UA1_All Colleges_MBA_Aryan v1.1,F_UA1_All Colleges_MBA_Aryan (INT 01)_ 1.1,0.54,,,0,0,1,,0,-,-,-,0%,0
Meta Ads,,FaceBook_University_Admit,2026-03-16,F_UA1_All Colleges_MBA_Aryan v1.1,F_UA1_All Colleges_MBA_Aryan (INT 01)_ 1.3,1.14,,,0,0,1,,0,-,-,-,0%,0
Meta Ads,,FaceBook_University_Admit,2026-03-16,F_UA1_All Colleges_MBA_Aryan v1.1,F_UA1_All Colleges_MBA_Aryan (INT 01)_ 1.4,843.1,9,9,1,1,94,1,38500,843.1,843.1,2.19%,0%,38500
Meta Ads,,FaceBook_University_Admit,2026-03-16,F_UA01_{UG All Colleges V02.1},F_UA01_{UG All Colleges V02}{INT01}_C05,1250.2,26,26,0,0,48,1,0,-,-,-,0%,0
Meta Ads,,FaceBook_University_Admit,2026-03-16,F_UA1_All Colleges_MBA_Aryan v1.3,F_UA1_All Colleges_MBA_Aryan V1.3 (INT 01)_ 1.1,1204.18,11,11,0,0,109,1,0,-,-,-,0%,0
Meta Ads,,FaceBook_University_Admit,2026-03-16,F_UA1_All Colleges_MBA_Aryan v1.1,F_UA1_All Colleges_MBA_Aryan (INT 03)_ 1.1,146.27,1,1,0,0,146,1,0,-,-,-,0%,0
Meta Ads,,FaceBook_University_Admit,2026-03-16,F_UA1_All Colleges_MBA_Aryan v1.1,F_UA1_All Colleges_MBA_Aryan (INT 03)_ 1.3,867.91,1,1,0,0,868,1,0,-,-,-,0%,0
Meta Ads,,FaceBook_University_Admit,2026-03-16,F_UA1_FEB_MBA_Aryan v1.4,F_UA1_FEB_MBA_Aryan (INT 01)_ 1.1,998.82,6,6,0,0,166,1,0,-,-,-,0%,0
Meta Ads,,FaceBook_University_Admit,2026-03-16,F_UA1_FEB_MBA_Aryan v1.4,F_UA1_FEB_MBA_Aryan (INT 01)_ 1.2,3.62,,,0,0,4,,0,-,-,-,0%,0
Meta Ads,,FaceBook_University_Admit,2026-03-16,F_UA1_FEB_MBA_Aryan v1.4,F_UA1_FEB_MBA_Aryan (INT 01)_ 1.1 – Copy,3.45,,,0,0,3,,0,-,-,-,0%,0
Meta Ads,,FaceBook_University_Admit,2026-03-16,F_UA1_FEB_MBA_Aryan v1.5,F_UA1_FEB_MBA_Aryan v1.5 C1.1,5.39,,,0,0,5,,0,-,-,-,0%,0
Meta Ads,,FaceBook_University_Admit,2026-03-16,F_UA1_FEB_MBA_Aryan v1.5,F_UA1_FEB_MBA_Aryan v1.5 C1.3,1219.35,8,8,1,1,152,1,19250,1219.35,1219.35,6.33%,0%,38500
Meta Ads,,FaceBook_University_Admit,2026-03-16,F_UA1_MBADeadline_Aryan v1.5,F_UA1_MBADeadline_Aryan v1.5 C01,1064.3,5,5,0,0,213,1,0,-,-,-,0%,0
Meta Ads,,FaceBook_Degreefyd_B,2026-03-16,Galgotias_Lead_2026,Galgotias_Leads_2026_P_Ad_01,1416.44,17,16,2,2,83,1,29000,708.22,708.22,4.88%,6%,70500
Meta Ads,,FaceBook_Degreefyd_B,2026-03-16,UG_Online_Admission_2026,UG_Online_Admission_Ad_Set01_Ad02,1054.03,21,18,0,0,50,1,0,-,-,-,14%,0
Meta Ads,,FaceBook_Degreefyd_B,2026-03-16,IGNOU_Online_Courses_Admission_DFYD,IGNOU_Online_Courses_Admission_DFYD_Delhi_NCR_Ad01,483.17,10,7,0,0,48,1,0,-,-,-,30%,0
Meta Ads,,FaceBook_Degreefyd_B,2026-03-16,IGNOU_Online_Courses_Admission_DFYD,IGNOU_Online_Courses_Admission_DFYD_Rest_Ad01,635.32,22,20,0,0,29,1,0,-,-,-,9%,0
Meta Ads,,FaceBook_Degreefyd_B,2026-03-16,IGNOU_Leads_2026,IGNOU_MBA_2026_Int_Ad01,317.79,11,11,0,0,29,1,0,-,-,-,0%,0
Meta Ads,,FaceBook_Degreefyd_B,2026-03-16,S6M_UG_PG_Online_Admission_2026,S6M_UG_PG_Online_Admission_2026_Ad_Set01_InstAd01,194.05,1,1,0,0,194,1,0,-,-,-,0%,0
Meta Ads,,FaceBook_Degreefyd_B,2026-03-16,UG_PG_Online_Admission_2026_Remarketing,UG_PG_Online_Admission_2026_Ad_Set01_InstAd01_Remarketing,51.94,,,0,0,52,,0,-,-,-,0%,0
Google Ads,Brand,EP_Partner_Amity_Online_DFYD,2026-03-16,Amity_Online_Admission_COS,23492797149,1872.22,1,1,0,0,1872,1,0,-,-,-,0%,0
Google Ads,Brand,EP_Partner_Amity_Online_DFYD,2026-03-16,Amity_Online_Admission_TAN,23610318125,1409.35,6,5,0,0,235,1,0,-,-,-,17%,0
Google Ads,Brand,Amity_Partner_001,2026-03-16,Partner_Amity_Online_2026,23228113322,4108.11,15,11,1,0,274,1,0,4108.11,-,-,27%,0
Google Ads,DSA,Core_Online_DSA,2026-03-16,DSA_Admission_Core_Online_Colleges_Courses,23500139647,51.02,1,1,0,0,51,1,0,-,-,-,0%,0
Google Ads,Brand,EP_Partner_LPU_Online_DFYD,2026-03-16,LPU_Online_Delta,23512571403,1540.18,3,3,0,0,513,1,0,-,-,-,0%,0
Google Ads,DSA,Degreefyd_Generic_Regular,2026-03-16,DSA_Admission_Online_Distance,23349276370,2312.23,81.48,74,0,0,28,1,0,-,-,-,9%,0
Google Ads,Brand,EP_CU_Online_DFYD,2026-03-16,CU_Online_Admission_Delta,23502437890,2603.13,1,1,0,0,2603,1,0,-,-,-,0%,0
Meta Ads,,FaceBook_University_Admit,2026-03-17,F_UA01_{UG All Colleges V02.1},F_UA01_{UG All Colleges V02}{INT01}_C04,186.67,3,2,0,0,62,2,0,-,-,-,33%,0
Meta Ads,,FaceBook_University_Admit,2026-03-17,F_UA1_All Colleges_MBA_Aryan v1.1,F_UA1_All Colleges_MBA_Aryan (INT 01)_ 1.4,789.03,9,9,0,0,88,1,0,-,-,-,0%,0
Meta Ads,,FaceBook_University_Admit,2026-03-17,F_UA01_{UG All Colleges V02.1},F_UA01_{UG All Colleges V02}{INT01}_C05,637.96,12,10,0,0,53,1,0,-,-,-,17%,0
Meta Ads,,FaceBook_University_Admit,2026-03-17,F_UA1_All Colleges_MBA_Aryan v1.3,F_UA1_All Colleges_MBA_Aryan V1.3 (INT 01)_ 1.4,51.03,,,0,0,51,,0,-,-,-,0%,0
Meta Ads,,FaceBook_University_Admit,2026-03-17,F_UA1_All Colleges_MBA_Aryan v1.3,F_UA1_All Colleges_MBA_Aryan V1.3 (INT 01)_ 1.1,1324.14,13,13,0,0,102,1,0,-,-,-,0%,0
Meta Ads,,FaceBook_University_Admit,2026-03-17,F_UA1_All Colleges_MBA_Aryan v1.1,F_UA1_All Colleges_MBA_Aryan (INT 03)_ 1.1,414.81,1,1,0,0,415,1,0,-,-,-,0%,0
Meta Ads,,FaceBook_University_Admit,2026-03-17,F_UA1_All Colleges_MBA_Aryan v1.1,F_UA1_All Colleges_MBA_Aryan (INT 03)_ 1.3,482.99,3,3,0,0,161,1,0,-,-,-,0%,0
Meta Ads,,FaceBook_University_Admit,2026-03-17,F_UA1_All Colleges_MBA_Aryan v1.1,F_UA1_All Colleges_MBA_Aryan (INT 03)_ 1.2,2.59,,,0,0,3,,0,-,-,-,0%,0
Meta Ads,,FaceBook_University_Admit,2026-03-17,F_UA1_FEB_MBA_Aryan v1.4,F_UA1_FEB_MBA_Aryan (INT 01)_ 1.1,873.29,4,5,0,0,218,1,0,-,-,-,-25%,0
Meta Ads,,FaceBook_University_Admit,2026-03-17,F_UA1_FEB_MBA_Aryan v1.4,F_UA1_FEB_MBA_Aryan (INT 01)_ 1.2,3.87,,,0,0,4,,0,-,-,-,0%,0
Meta Ads,,FaceBook_University_Admit,2026-03-17,F_UA1_FEB_MBA_Aryan v1.4,F_UA1_FEB_MBA_Aryan (INT 01)_ 1.1 – Copy,1.62,,,0,0,2,,0,-,-,-,0%,0
Meta Ads,,FaceBook_University_Admit,2026-03-17,F_UA1_FEB_MBA_Aryan v1.5,F_UA1_FEB_MBA_Aryan v1.5 C1.1,8.94,,,0,0,9,,0,-,-,-,0%,0
Meta Ads,,FaceBook_University_Admit,2026-03-17,F_UA1_FEB_MBA_Aryan v1.5,F_UA1_FEB_MBA_Aryan v1.5 C1.3,1445.72,18,16,0,0,80,1,0,-,-,-,11%,0
Meta Ads,,FaceBook_University_Admit,2026-03-17,F_UA1_MBADeadline_Aryan v1.5,F_UA1_MBADeadline_Aryan v1.5 C01,1026.05,6,5,0,0,171,1,0,-,-,-,17%,0
Meta Ads,,FaceBook_Degreefyd_B,2026-03-17,Galgotias_Lead_2026,Galgotias_Leads_2026_P_Ad_01,1353.02,19,14,0,0,71,1,0,-,-,-,26%,0
Meta Ads,,FaceBook_Degreefyd_B,2026-03-17,UG_Online_Admission_2026,UG_Online_Admission_Ad_Set01_Ad02,959.12,18,18,1,0,53,1,0,959.12,-,-,0%,0
Meta Ads,,FaceBook_Degreefyd_B,2026-03-17,IGNOU_Online_Courses_Admission_DFYD,IGNOU_Online_Courses_Admission_DFYD_Delhi_NCR_Ad01,569.94,21,20,1,0,27,1,0,569.94,-,-,5%,0
Meta Ads,,FaceBook_Degreefyd_B,2026-03-17,IGNOU_Online_Courses_Admission_DFYD,IGNOU_Online_Courses_Admission_DFYD_Rest_Ad01,735.64,27,29,0,0,27,1,0,-,-,-,-7%,0
Meta Ads,,FaceBook_Degreefyd_B,2026-03-17,IGNOU_Leads_2026,IGNOU_MBA_2026_Int_Ad01,153.53,5,4,0,0,31,1,0,-,-,-,20%,0
Meta Ads,,FaceBook_Degreefyd_B,2026-03-17,S6M_UG_PG_Online_Admission_2026,S6M_UG_PG_Online_Admission_2026_Ad_Set01_InstAd01,314.07,2,1,0,0,157,2,0,-,-,-,50%,0
Google Ads,Brand,Amity_Partner_001,2026-03-17,Partner_Amity_Online_2026,23228113322,3531.32,12,6,0,0,294,2,0,-,-,-,50%,0
Google Ads,Brand,EP_Partner_Amity_Online_DFYD,2026-03-17,Amity_Online_Admission_COS,23492797149,1945.08,4,4,0,0,486,1,0,-,-,-,0%,0
Google Ads,Brand,EP_Partner_Amity_Online_DFYD,2026-03-17,Amity_Online_Admission_TAN,23610318125,1297.93,2,2,0,0,649,1,0,-,-,-,0%,0
Google Ads,Brand,EP_Partner_Amity_Online_DFYD,2026-03-17,Amity_Online_Admission_MBA,23659350616,144.34,0,,0,0,144,0,0,-,-,-,0%,0
Google Ads,DSA,Degreefyd_Generic_Regular,2026-03-17,DSA_Admission_Online_Distance,23349276370,2865.79,87.48,80,2,2,33,1,11550,1432.895,1432.895,24.81%,9%,69300
Google Ads,DSA,Core_Online_DSA,2026-03-17,DSA_Admission_Core_Online_Colleges_Courses,23500139647,124.87,3,2,0,0,42,2,0,-,-,-,33%,0
Google Ads,Brand,EP_Partner_LPU_Online_DFYD,2026-03-17,LPU_Online_Delta,23512571403,1424.34,2,2,0,0,712,1,0,-,-,-,0%,0
Google Ads,Brand,EP_CU_Online_DFYD,2026-03-17,CU_Online_Admission_Delta,23502437890,2201.26,3,3,0,0,734,1,0,-,-,-,0%,0
Meta Ads,,FaceBook_University_Admit,2026-03-18,F_UA01_{UG All Colleges V02.1},F_UA01_{UG All Colleges V02}{INT01}_C04,608.36,5,5,0,0,122,1,0,-,-,-,0%,0
Meta Ads,,FaceBook_University_Admit,2026-03-18,F_UA1_All Colleges_MBA_Aryan v1.1,F_UA1_All Colleges_MBA_Aryan (INT 01)_ 1.3,0.29,,,0,0,0,,0,-,-,-,0%,0
Meta Ads,,FaceBook_University_Admit,2026-03-18,F_UA1_All Colleges_MBA_Aryan v1.1,F_UA1_All Colleges_MBA_Aryan (INT 01)_ 1.4,617.61,3,2,0,0,206,2,0,-,-,-,33%,0
Meta Ads,,FaceBook_University_Admit,2026-03-18,F_UA1_All Colleges_MBA_Aryan v1.3,F_UA1_All Colleges_MBA_Aryan V1.3 (INT 01)_ 1.4,157.31,1,1,1,0,157,1,0,157.31,-,-,0%,0
Meta Ads,,FaceBook_University_Admit,2026-03-18,F_UA1_All Colleges_MBA_Aryan v1.3,F_UA1_All Colleges_MBA_Aryan V1.3 (INT 01)_ 1.1,1260.74,14,15,1,1,90,1,26031.25,1260.74,1260.74,4.84%,-7%,52062.5
Meta Ads,,FaceBook_University_Admit,2026-03-18,F_UA1_All Colleges_MBA_Aryan v1.1,F_UA1_All Colleges_MBA_Aryan (INT 03)_ 1.1,644.79,3,3,0,0,215,1,0,-,-,-,0%,0
Meta Ads,,FaceBook_University_Admit,2026-03-18,F_UA1_All Colleges_MBA_Aryan v1.1,F_UA1_All Colleges_MBA_Aryan (INT 03)_ 1.2,66.87,1,1,0,0,67,1,0,-,-,-,0%,0
Meta Ads,,FaceBook_University_Admit,2026-03-18,F_UA1_FEB_MBA_Aryan v1.4,F_UA1_FEB_MBA_Aryan (INT 01)_ 1.1,553.81,5,5,1,1,111,1,19250,553.81,553.81,2.88%,0%,38500
Meta Ads,,FaceBook_University_Admit,2026-03-18,F_UA1_FEB_MBA_Aryan v1.4,F_UA1_FEB_MBA_Aryan (INT 01)_ 1.2,4.86,,,0,0,5,,0,-,-,-,0%,0
Meta Ads,,FaceBook_University_Admit,2026-03-18,F_UA1_FEB_MBA_Aryan v1.4,F_UA1_FEB_MBA_Aryan (INT 01)_ 1.1 – Copy,0.52,,,0,0,1,,0,-,-,-,0%,0
Meta Ads,,FaceBook_University_Admit,2026-03-18,F_UA1_FEB_MBA_Aryan v1.5,F_UA1_FEB_MBA_Aryan v1.5 C1.1,10.66,,,0,0,11,,0,-,-,-,0%,0
Meta Ads,,FaceBook_University_Admit,2026-03-18,F_UA1_FEB_MBA_Aryan v1.5,F_UA1_FEB_MBA_Aryan v1.5 C1.3,1312.8,7,6,0,0,188,1,0,-,-,-,14%,0
Meta Ads,,FaceBook_University_Admit,2026-03-18,F_UA1_MBADeadline_Aryan v1.5,F_UA1_MBADeadline_Aryan v1.5 C01,711.19,4,4,0,0,178,1,0,-,-,-,0%,0
Meta Ads,,FaceBook_Degreefyd_B,2026-03-18,Galgotias_Lead_2026,Galgotias_Leads_2026_P_Ad_01,1346.23,10,7,0,0,135,1,0,-,-,-,30%,0
Meta Ads,,FaceBook_Degreefyd_B,2026-03-18,UG_Online_Admission_2026,UG_Online_Admission_Ad_Set01_Ad02,665.01,13,11,0,0,51,1,0,-,-,-,15%,0
Meta Ads,,FaceBook_Degreefyd_B,2026-03-18,IGNOU_Online_Courses_Admission_DFYD,IGNOU_Online_Courses_Admission_DFYD_Delhi_NCR_Ad01,503.02,20,19,1,0,25,1,0,503.02,-,-,5%,0
Meta Ads,,FaceBook_Degreefyd_B,2026-03-18,IGNOU_Online_Courses_Admission_DFYD,IGNOU_Online_Courses_Admission_DFYD_Rest_Ad01,709.32,31,27,0,0,23,1,0,-,-,-,13%,0
Meta Ads,,FaceBook_Degreefyd_B,2026-03-18,S6M_UG_PG_Online_Admission_2026,S6M_UG_PG_Online_Admission_2026_Ad_Set01_InstAd01,112.09,,,0,0,112,,0,-,-,-,0%,0
Google Ads,Brand,EP_Partner_Amity_Online_DFYD,2026-03-18,Amity_Online_Admission_COS,23492797149,1666.15,3,1,1,0,555,3,0,1666.15,-,-,67%,0
Google Ads,Brand,EP_Partner_Amity_Online_DFYD,2026-03-18,Amity_Online_Admission_TAN,23610318125,1179.52,3,3,0,0,393,1,0,-,-,-,0%,0
Google Ads,Brand,EP_Partner_Amity_Online_DFYD,2026-03-18,Amity_Online_Admission_MBA,23659350616,1018.96,3,2,0,0,340,2,0,-,-,-,33%,0
Google Ads,Brand,EP_CU_Online_DFYD,2026-03-18,CU_Online_Admission_Delta,23502437890,1734.89,4,2,1,0,434,2,0,1734.89,-,-,50%,0
Google Ads,Brand,Amity_Partner_001,2026-03-18,Partner_Amity_Online_2026,23228113322,3454.37,8,8,0,0,432,1,0,-,-,-,0%,0
Google Ads,DSA,Core_Online_DSA,2026-03-18,DSA_Admission_Core_Online_Colleges_Courses,23500139647,134.6,2,2,0,0,67,1,0,-,-,-,0%,0
Google Ads,Brand,EP_Partner_LPU_Online_DFYD,2026-03-18,LPU_Online_Delta,23512571403,1338.85,2,2,0,0,669,1,0,-,-,-,0%,0
Google Ads,DSA,Degreefyd_Generic_Regular,2026-03-18,DSA_Admission_Online_Distance,23349276370,2326.32,71.98,68,0,0,32,1,0,-,-,-,6%,0
Meta Ads,,FaceBook_University_Admit,2026-03-19,F_UA01_{UG All Colleges V02.1},F_UA01_{UG All Colleges V02}{INT01}_C04,1065.25,10,8,1,1,107,1,34650,1065.25,1065.25,3.07%,20%,34650
Meta Ads,,FaceBook_University_Admit,2026-03-19,F_UA1_All Colleges_MBA_Aryan v1.1,F_UA1_All Colleges_MBA_Aryan (INT 01)_ 1.4,826.27,7,7,1,1,118,1,56700,826.27,826.27,1.46%,0%,56700
Meta Ads,,FaceBook_University_Admit,2026-03-19,F_UA1_All Colleges_MBA_Aryan v1.3,F_UA1_All Colleges_MBA_Aryan V1.3 (INT 01)_ 1.4,141.68,2,2,0,0,71,1,0,-,-,-,0%,0
Meta Ads,,FaceBook_University_Admit,2026-03-19,F_UA1_All Colleges_MBA_Aryan v1.3,F_UA1_All Colleges_MBA_Aryan V1.3 (INT 01)_ 1.1,964.18,10,9,0,0,96,1,0,-,-,-,10%,0
Meta Ads,,FaceBook_University_Admit,2026-03-19,F_UA1_All Colleges_MBA_Aryan v1.1,F_UA1_All Colleges_MBA_Aryan (INT 03)_ 1.1,268.71,,,0,0,269,,0,-,-,-,0%,0
Meta Ads,,FaceBook_University_Admit,2026-03-19,F_UA1_All Colleges_MBA_Aryan v1.1,F_UA1_All Colleges_MBA_Aryan (INT 03)_ 1.2,938.19,5,5,1,1,188,1,26031.25,938.19,938.19,3.60%,0%,52062.5
Meta Ads,,FaceBook_University_Admit,2026-03-19,F_UA1_FEB_MBA_Aryan v1.4,F_UA1_FEB_MBA_Aryan (INT 01)_ 1.1,522.72,1,1,0,0,523,1,0,-,-,-,0%,0
Meta Ads,,FaceBook_University_Admit,2026-03-19,F_UA1_FEB_MBA_Aryan v1.4,F_UA1_FEB_MBA_Aryan (INT 01)_ 1.2,4.81,,,0,0,5,,0,-,-,-,0%,0
Meta Ads,,FaceBook_University_Admit,2026-03-19,F_UA1_FEB_MBA_Aryan v1.4,F_UA1_FEB_MBA_Aryan (INT 01)_ 1.1 – Copy,0.81,,,0,0,1,,0,-,-,-,0%,0
Meta Ads,,FaceBook_University_Admit,2026-03-19,F_UA1_FEB_MBA_Aryan v1.5,F_UA1_FEB_MBA_Aryan v1.5 C1.1,3.26,,,0,0,3,,0,-,-,-,0%,0
Meta Ads,,FaceBook_University_Admit,2026-03-19,F_UA1_FEB_MBA_Aryan v1.5,F_UA1_FEB_MBA_Aryan v1.5 C1.3,1126.74,15,10,1,1,75,2,16500,1126.74,1126.74,6.83%,33%,33000
Meta Ads,,FaceBook_University_Admit,2026-03-19,F_UA1_MBADeadline_Aryan v1.5,F_UA1_MBADeadline_Aryan v1.5 C01,1063.73,5,3,0,0,213,2,0,-,-,-,40%,0
Meta Ads,,FaceBook_Degreefyd_B,2026-03-19,Galgotias_Lead_2026,Galgotias_Leads_2026_P_Ad_01,1346.27,16,15,0,0,84,1,0,-,-,-,6%,0
Meta Ads,,FaceBook_Degreefyd_B,2026-03-19,UG_Online_Admission_2026,UG_Online_Admission_Ad_Set01_Ad02,617.59,22,21,0,0,28,1,0,-,-,-,5%,0
Meta Ads,,FaceBook_Degreefyd_B,2026-03-19,IGNOU_Online_Courses_Admission_DFYD,IGNOU_Online_Courses_Admission_DFYD_Delhi_NCR_Ad01,498.09,17,17,0,0,29,1,0,-,-,-,0%,0
Meta Ads,,FaceBook_Degreefyd_B,2026-03-19,IGNOU_Online_Courses_Admission_DFYD,IGNOU_Online_Courses_Admission_DFYD_Rest_Ad01,660.92,22,22,0,0,30,1,0,-,-,-,0%,0
Google Ads,Brand,EP_Partner_Amity_Online_DFYD,2026-03-19,Amity_Online_Admission_COS,23492797149,1804.51,2,2,0,0,902,1,0,-,-,-,0%,0
Google Ads,Brand,EP_Partner_Amity_Online_DFYD,2026-03-19,Amity_Online_Admission_TAN,23610318125,1174.07,3,2,0,0,391,2,0,-,-,-,33%,0
Google Ads,Brand,EP_Partner_Amity_Online_DFYD,2026-03-19,Amity_Online_Admission_MBA,23659350616,919,1,1,1,1,919,1,13930,919,919,6.60%,0%,66430
Google Ads,DSA,Core_Online_DSA,2026-03-19,DSA_Admission_Core_Online_Colleges_Courses,23500139647,110.52,1,,0,0,111,1,0,-,-,-,100%,0
Google Ads,Brand,EP_Partner_LPU_Online_DFYD,2026-03-19,LPU_Online_Delta,23512571403,2094.41,7.17,6,0,0,292,1,0,-,-,-,16%,0
Google Ads,DSA,Degreefyd_Generic_Regular,2026-03-19,DSA_Admission_Online_Distance,23349276370,2630.65,71.96,67,0,0,37,1,0,-,-,-,7%,0
Google Ads,Brand,Amity_Partner_001,2026-03-19,Partner_Amity_Online_2026,23228113322,4899.87,11,6,1,1,445,2,18593.75,4899.87,4899.87,26.35%,45%,84218.75
Google Ads,Brand,EP_CU_Online_DFYD,2026-03-19,CU_Online_Admission_Delta,23502437890,2183.88,5,4,0,0,437,1,0,-,-,-,20%,0
Meta Ads,,FaceBook_University_Admit,2026-03-20,F_UA01_{UG All Colleges V02.1},F_UA01_{UG All Colleges V02}{INT01}_C04,1274.15,10,9,0,0,127,1,0,-,-,-,10%,0
Meta Ads,,FaceBook_University_Admit,2026-03-20,F_UA1_All Colleges_MBA_Aryan v1.1,F_UA1_All Colleges_MBA_Aryan (INT 01)_ 1.1,0.01,,,0,0,0,,0,-,-,-,0%,0
Meta Ads,,FaceBook_University_Admit,2026-03-20,F_UA1_All Colleges_MBA_Aryan v1.1,F_UA1_All Colleges_MBA_Aryan (INT 01)_ 1.4,733.48,5,5,0,0,147,1,0,-,-,-,0%,0
Meta Ads,,FaceBook_University_Admit,2026-03-20,F_UA1_All Colleges_MBA_Aryan v1.3,F_UA1_All Colleges_MBA_Aryan V1.3 (INT 01)_ 1.4,151.4,3,3,0,0,50,1,0,-,-,-,0%,0
Meta Ads,,FaceBook_University_Admit,2026-03-20,F_UA1_All Colleges_MBA_Aryan v1.3,F_UA1_All Colleges_MBA_Aryan V1.3 (INT 01)_ 1.1,899.61,8,6,0,0,112,1,0,-,-,-,25%,0
Meta Ads,,FaceBook_University_Admit,2026-03-20,F_UA1_All Colleges_MBA_Aryan v1.1,F_UA1_All Colleges_MBA_Aryan (INT 03)_ 1.1,158.81,,,0,0,159,,0,-,-,-,0%,0
Meta Ads,,FaceBook_University_Admit,2026-03-20,F_UA1_All Colleges_MBA_Aryan v1.1,F_UA1_All Colleges_MBA_Aryan (INT 03)_ 1.2,639.44,3,3,0,0,213,1,0,-,-,-,0%,0
Meta Ads,,FaceBook_University_Admit,2026-03-20,F_UA1_FEB_MBA_Aryan v1.4,F_UA1_FEB_MBA_Aryan (INT 01)_ 1.1,520.32,2,,0,0,260,2,0,-,-,-,100%,0
Meta Ads,,FaceBook_University_Admit,2026-03-20,F_UA1_FEB_MBA_Aryan v1.4,F_UA1_FEB_MBA_Aryan (INT 01)_ 1.2,3.22,,,0,0,3,,0,-,-,-,0%,0
Meta Ads,,FaceBook_University_Admit,2026-03-20,F_UA1_FEB_MBA_Aryan v1.4,F_UA1_FEB_MBA_Aryan (INT 01)_ 1.1 – Copy,4.06,,,0,0,4,,0,-,-,-,0%,0
Meta Ads,,FaceBook_University_Admit,2026-03-20,F_UA1_FEB_MBA_Aryan v1.5,F_UA1_FEB_MBA_Aryan v1.5 C1.1,8.4,,,0,0,8,,0,-,-,-,0%,0
Meta Ads,,FaceBook_University_Admit,2026-03-20,F_UA1_FEB_MBA_Aryan v1.5,F_UA1_FEB_MBA_Aryan v1.5 C1.3,1228.28,7,7,0,0,175,1,0,-,-,-,0%,0
Meta Ads,,FaceBook_University_Admit,2026-03-20,F_UA1_MBADeadline_Aryan v1.5,F_UA1_MBADeadline_Aryan v1.5 C01,415.85,1,,0,0,416,1,0,-,-,-,100%,0
Meta Ads,,FaceBook_University_Admit,2026-03-20,F_UA1_MBADeadline_Aryan v1.5,F_UA1_MBADeadline_Aryan v1.5 C04,93.85,1,1,0,0,94,1,0,-,-,-,0%,0
Meta Ads,,FaceBook_University_Admit,2026-03-20,F_UA1_MBADeadline_Aryan v1.5,F_UA1_MBADeadline_Aryan v1.5 C05,131.72,2,2,0,0,66,1,0,-,-,-,0%,0
Meta Ads,,FaceBook_Degreefyd_B,2026-03-20,Galgotias_Lead_2026,Galgotias_Leads_2026_P_Ad_01,1305.49,14,14,1,1,93,1,16500,1305.49,1305.49,7.91%,0%,33000
Meta Ads,,FaceBook_Degreefyd_B,2026-03-20,UG_Online_Admission_2026,UG_Online_Admission_Ad_Set01_Ad02,667.75,13,11,0,0,51,1,0,-,-,-,15%,0
Meta Ads,,FaceBook_Degreefyd_B,2026-03-20,IGNOU_Online_Courses_Admission_DFYD,IGNOU_Online_Courses_Admission_DFYD_Delhi_NCR_Ad01,514.36,23,21,2,2,22,1,46042.5,257.18,257.18,1.12%,9%,59167.5
Meta Ads,,FaceBook_Degreefyd_B,2026-03-20,IGNOU_Online_Courses_Admission_DFYD,IGNOU_Online_Courses_Admission_DFYD_Rest_Ad01,730.41,25,24,0,0,29,1,0,-,-,-,4%,0
Google Ads,Brand,EP_Partner_Amity_Online_DFYD,2026-03-20,Amity_Online_Admission_COS,23492797149,1434.61,2,2,0,0,717,1,0,-,-,-,0%,0
Google Ads,Brand,EP_Partner_Amity_Online_DFYD,2026-03-20,Amity_Online_Admission_TAN,23610318125,1082.93,6,6,0,0,180,1,0,-,-,-,0%,0
Google Ads,Brand,EP_Partner_Amity_Online_DFYD,2026-03-20,Amity_Online_Admission_MBA,23659350616,1071.87,0,,0,0,1072,0,0,-,-,-,0%,0
Google Ads,DSA,Core_Online_DSA,2026-03-20,DSA_Admission_Core_Online_Colleges_Courses,23500139647,47.57,0.99,,0,0,48,1,0,-,-,-,100%,0
Google Ads,Brand,EP_Partner_LPU_Online_DFYD,2026-03-20,LPU_Online_Delta,23512571403,1943.05,3,3,0,0,648,1,0,-,-,-,0%,0
Google Ads,Brand,Amity_Partner_001,2026-03-20,Partner_Amity_Online_2026,23228113322,3167.1,8,7,1,0,396,1,0,3167.1,-,-,13%,0
Google Ads,Brand,EP_CU_Online_DFYD,2026-03-20,CU_Online_Admission_Delta,23502437890,1852.53,2.83,2,0,0,655,1,0,-,-,-,29%,0
Google Ads,DSA,Degreefyd_Generic_Regular,2026-03-20,DSA_Admission_Online_Distance,23349276370,2589.01,88.95,84,0,0,29,1,0,-,-,-,6%,0
Meta Ads,,FaceBook_University_Admit,2026-03-21,F_UA01_{UG All Colleges V02.1},F_UA01_{UG All Colleges V02}{INT01}_C04,1362.85,12,9,0,0,114,1,0,-,-,-,25%,0
Meta Ads,,FaceBook_University_Admit,2026-03-21,F_UA1_All Colleges_MBA_Aryan v1.1,F_UA1_All Colleges_MBA_Aryan (INT 01)_ 1.4,885.88,9,8,1,1,98,1,38500,885.88,885.88,2.30%,11%,38500
Meta Ads,,FaceBook_University_Admit,2026-03-21,F_UA1_All Colleges_MBA_Aryan v1.3,F_UA1_All Colleges_MBA_Aryan V1.3 (INT 01)_ 1.4,137.42,3,3,0,0,46,1,0,-,-,-,0%,0
Meta Ads,,FaceBook_University_Admit,2026-03-21,F_UA1_All Colleges_MBA_Aryan v1.3,F_UA1_All Colleges_MBA_Aryan V1.3 (INT 01)_ 1.1,1330.33,13,13,0,0,102,1,0,-,-,-,0%,0
Meta Ads,,FaceBook_University_Admit,2026-03-21,F_UA1_All Colleges_MBA_Aryan v1.1,F_UA1_All Colleges_MBA_Aryan (INT 03)_ 1.1,304.36,1,1,0,0,304,1,0,-,-,-,0%,0
Meta Ads,,FaceBook_University_Admit,2026-03-21,F_UA1_All Colleges_MBA_Aryan v1.1,F_UA1_All Colleges_MBA_Aryan (INT 03)_ 1.2,876.5,2,,0,0,438,2,0,-,-,-,100%,0
Meta Ads,,FaceBook_University_Admit,2026-03-21,F_UA1_FEB_MBA_Aryan v1.4,F_UA1_FEB_MBA_Aryan (INT 01)_ 1.1,497.29,3,2,0,0,166,2,0,-,-,-,33%,0
Meta Ads,,FaceBook_University_Admit,2026-03-21,F_UA1_FEB_MBA_Aryan v1.4,F_UA1_FEB_MBA_Aryan (INT 01)_ 1.2,83.7,,,0,0,84,,0,-,-,-,0%,0
Meta Ads,,FaceBook_University_Admit,2026-03-21,F_UA1_FEB_MBA_Aryan v1.4,F_UA1_FEB_MBA_Aryan (INT 01)_ 1.1 – Copy,21.07,,,0,0,21,,0,-,-,-,0%,0
Meta Ads,,FaceBook_University_Admit,2026-03-21,F_UA1_FEB_MBA_Aryan v1.5,F_UA1_FEB_MBA_Aryan v1.5 C1.1,15.31,,,0,0,15,,0,-,-,-,0%,0
Meta Ads,,FaceBook_University_Admit,2026-03-21,F_UA1_FEB_MBA_Aryan v1.5,F_UA1_FEB_MBA_Aryan v1.5 C1.3,1514.88,12,11,0,0,126,1,0,-,-,-,8%,0
Meta Ads,,FaceBook_University_Admit,2026-03-21,F_UA1_MBADeadline_Aryan v1.5,F_UA1_MBADeadline_Aryan v1.5 C04,1262.99,9,9,0,0,140,1,0,-,-,-,0%,0
Meta Ads,,FaceBook_University_Admit,2026-03-21,F_UA1_MBADeadline_Aryan v1.5,F_UA1_MBADeadline_Aryan v1.5 C05,83.93,,,0,0,84,,0,-,-,-,0%,0
Meta Ads,,FaceBook_University_Admit,2026-03-22,F_UA1_All Colleges_MBA_Aryan v1.1,F_UA1_All Colleges_MBA_Aryan (INT 01)_ 1.4,1214.63,9,10,2,1,135,1,26031.25,607.315,1214.63,4.67%,-11%,52062.5
Meta Ads,,FaceBook_University_Admit,2026-03-22,F_UA1_All Colleges_MBA_Aryan v1.3,F_UA1_All Colleges_MBA_Aryan V1.3 (INT 01)_ 1.4,511.46,3,3,0,0,170,1,0,-,-,-,0%,0
Meta Ads,,FaceBook_University_Admit,2026-03-22,F_UA1_All Colleges_MBA_Aryan v1.3,F_UA1_All Colleges_MBA_Aryan V1.3 (INT 01)_ 1.1,1072.51,12,12,0,0,89,1,0,-,-,-,0%,0
Meta Ads,,FaceBook_University_Admit,2026-03-22,F_UA1_All Colleges_MBA_Aryan v1.1,F_UA1_All Colleges_MBA_Aryan (INT 03)_ 1.1,748.56,2,2,0,0,374,1,0,-,-,-,0%,0
Meta Ads,,FaceBook_University_Admit,2026-03-22,F_UA1_All Colleges_MBA_Aryan v1.1,F_UA1_All Colleges_MBA_Aryan (INT 03)_ 1.2,507.1,1,1,0,0,507,1,0,-,-,-,0%,0
Meta Ads,,FaceBook_University_Admit,2026-03-22,F_UA1_FEB_MBA_Aryan v1.4,F_UA1_FEB_MBA_Aryan (INT 01)_ 1.2,397.77,1,1,0,0,398,1,0,-,-,-,0%,0
Meta Ads,,FaceBook_University_Admit,2026-03-22,F_UA1_FEB_MBA_Aryan v1.4,F_UA1_FEB_MBA_Aryan (INT 01)_ 1.1 – Copy,46.6,,,0,0,47,,0,-,-,-,0%,0
Meta Ads,,FaceBook_University_Admit,2026-03-22,F_UA1_FEB_MBA_Aryan v1.5,F_UA1_FEB_MBA_Aryan v1.5 C1.1,5.29,,,0,0,5,,0,-,-,-,0%,0
Meta Ads,,FaceBook_University_Admit,2026-03-22,F_UA1_FEB_MBA_Aryan v1.5,F_UA1_FEB_MBA_Aryan v1.5 C1.3,1558.68,16,10,0,0,97,2,0,-,-,-,38%,0
Meta Ads,,FaceBook_University_Admit,2026-03-22,F_UA1_MBADeadline_Aryan v1.5,F_UA1_MBADeadline_Aryan v1.5 C04,1060.31,7,7,0,0,151,1,0,-,-,-,0%,0
Meta Ads,,FaceBook_University_Admit,2026-03-22,F_UA1_MBADeadline_Aryan v1.5,F_UA1_MBADeadline_Aryan v1.5 C05,17.61,,,0,0,18,,0,-,-,-,0%,0
Meta Ads,,FaceBook_University_Admit,2026-03-22,F_UA1_All Colleges_MBA_Aryan v1.1,F_UA1_All Colleges_MBA_Aryan (INT 04)_ 1.1,965.52,4,3,0,0,241,1,0,-,-,-,25%,0
Meta Ads,,FaceBook_Degreefyd_B,2026-03-21,Galgotias_Lead_2026,Galgotias_Leads_2026_P_Ad_01,1239.4,9,9,1,1,138,1,26031.25,1239.4,1239.4,4.76%,0%,52062.5
Meta Ads,,FaceBook_Degreefyd_B,2026-03-21,UG_Online_Admission_2026,UG_Online_Admission_Ad_Set01_Ad02,629.48,11,10,0,0,57,1,0,-,-,-,9%,0
Meta Ads,,FaceBook_Degreefyd_B,2026-03-21,IGNOU_Online_Courses_Admission_DFYD,IGNOU_Online_Courses_Admission_DFYD_Delhi_NCR_Ad01,480.21,10,10,1,0,48,1,0,480.21,-,-,0%,0
Meta Ads,,FaceBook_Degreefyd_B,2026-03-21,IGNOU_Online_Courses_Admission_DFYD,IGNOU_Online_Courses_Admission_DFYD_Rest_Ad01,630.24,21,19,1,1,30,1,47250,630.24,630.24,1.33%,10%,47250
Meta Ads,,FaceBook_Degreefyd_B,2026-03-22,Galgotias_Lead_2026,Galgotias_Leads_2026_P_Ad_01,1482.13,20,18,2,0,74,1,0,741.065,-,-,10%,0
Meta Ads,,FaceBook_Degreefyd_B,2026-03-22,UG_Online_Admission_2026,UG_Online_Admission_Ad_Set01_Ad02,769.37,7,7,0,0,110,1,0,-,-,-,0%,0
Meta Ads,,FaceBook_Degreefyd_B,2026-03-22,IGNOU_Online_Courses_Admission_DFYD,IGNOU_Online_Courses_Admission_DFYD_Delhi_NCR_Ad01,612.27,16,14,0,0,38,1,0,-,-,-,13%,0
Meta Ads,,FaceBook_Degreefyd_B,2026-03-22,IGNOU_Online_Courses_Admission_DFYD,IGNOU_Online_Courses_Admission_DFYD_Rest_Ad01,829.8,29,27,0,0,29,1,0,-,-,-,7%,0
Google Ads,Brand,EP_CU_Online_DFYD,2026-03-21,CU_Online_Admission_Delta,23502437890,1134.68,2.17,1,0,0,523,2,0,-,-,-,54%,0
Google Ads,DSA,Degreefyd_Generic_Regular,2026-03-21,DSA_Admission_Online_Distance,23349276370,1892.68,66.97,61,2,1,28,1,39900,946.34,1892.68,4.74%,9%,39900
Google Ads,Brand,Amity_Partner_001,2026-03-21,Partner_Amity_Online_2026,23228113322,2480.25,8,5,1,0,310,2,0,2480.25,-,-,38%,0
Google Ads,DSA,Core_Online_DSA,2026-03-21,DSA_Admission_Core_Online_Colleges_Courses,23500139647,93.81,1,1,0,0,94,1,0,-,-,-,0%,0
Google Ads,Brand,EP_Partner_LPU_Online_DFYD,2026-03-21,LPU_Online_Delta,23512571403,829.34,0,,0,0,829,0,0,-,-,-,0%,0
Google Ads,Brand,EP_Partner_Amity_Online_DFYD,2026-03-21,Amity_Online_Admission_COS,23492797149,1451.15,3,2,0,0,484,2,0,-,-,-,33%,0
Google Ads,Brand,EP_Partner_Amity_Online_DFYD,2026-03-21,Amity_Online_Admission_TAN,23610318125,1172.86,4,3,0,0,293,1,0,-,-,-,25%,0
Google Ads,Brand,EP_Partner_Amity_Online_DFYD,2026-03-21,Amity_Online_Admission_MBA,23659350616,726.42,1,1,0,0,726,1,0,-,-,-,0%,0
Google Ads,DSA,Degreefyd_Generic_Regular,2026-03-22,DSA_Admission_Online_Distance,23349276370,1859.07,67.99,61,0,0,27,1,0,-,-,-,10%,0
Google Ads,Brand,Amity_Partner_001,2026-03-22,Partner_Amity_Online_2026,23228113322,2858.76,14,14,0,0,204,1,0,-,-,-,0%,0
Google Ads,DSA,Core_Online_DSA,2026-03-22,DSA_Admission_Core_Online_Colleges_Courses,23500139647,112.63,0.99,,0,0,114,1,0,-,-,-,100%,0
Google Ads,Brand,EP_Partner_Amity_Online_DFYD,2026-03-22,Amity_Online_Admission_MBA,23659350616,974.82,1,1,0,0,975,1,0,-,-,-,0%,0
Meta Ads,,FaceBook_University_Admit,2026-03-23,F_UA1_All Colleges_MBA_Aryan v1.1,F_UA1_All Colleges_MBA_Aryan (INT 01)_ 1.4,1464.64,8,7,0,0,183,1,0,-,-,-,13%,0
Meta Ads,,FaceBook_University_Admit,2026-03-23,F_UA1_All Colleges_MBA_Aryan v1.3,F_UA1_All Colleges_MBA_Aryan V1.3 (INT 01)_ 1.4,194.82,2,2,0,0,97,1,0,-,-,-,0%,0
Meta Ads,,FaceBook_University_Admit,2026-03-23,F_UA1_All Colleges_MBA_Aryan v1.3,F_UA1_All Colleges_MBA_Aryan V1.3 (INT 01)_ 1.1,2105.39,21,19,0,0,100,1,0,-,-,-,10%,0
Meta Ads,,FaceBook_University_Admit,2026-03-23,F_UA1_All Colleges_MBA_Aryan v1.1,F_UA1_All Colleges_MBA_Aryan (INT 03)_ 1.1,714.87,,,0,0,715,,0,-,-,-,0%,0
Meta Ads,,FaceBook_University_Admit,2026-03-23,F_UA1_All Colleges_MBA_Aryan v1.1,F_UA1_All Colleges_MBA_Aryan (INT 03)_ 1.2,573.24,1,1,0,0,573,1,0,-,-,-,0%,0
Meta Ads,,FaceBook_University_Admit,2026-03-23,F_UA1_FEB_MBA_Aryan v1.4,F_UA1_FEB_MBA_Aryan (INT 01)_ 1.2,489.97,,,0,0,490,,0,-,-,-,0%,0
Meta Ads,,FaceBook_University_Admit,2026-03-23,F_UA1_FEB_MBA_Aryan v1.4,F_UA1_FEB_MBA_Aryan (INT 01)_ 1.1 – Copy,142.99,,,0,0,143,,0,-,-,-,0%,0
Meta Ads,,FaceBook_University_Admit,2026-03-23,F_UA1_FEB_MBA_Aryan v1.5,F_UA1_FEB_MBA_Aryan v1.5 C1.1,9.4,,,0,0,9,,0,-,-,-,0%,0
Meta Ads,,FaceBook_University_Admit,2026-03-23,F_UA1_FEB_MBA_Aryan v1.5,F_UA1_FEB_MBA_Aryan v1.5 C1.3,2143.09,19,15,2,1,113,1,19250,1071.545,2143.09,11.13%,21%,38500
Meta Ads,,FaceBook_University_Admit,2026-03-23,F_UA1_MBADeadline_Aryan v1.5,F_UA1_MBADeadline_Aryan v1.5 C04,1049.36,7,6,1,1,150,1,19250,1049.36,1049.36,5.45%,14%,38500
Meta Ads,,FaceBook_University_Admit,2026-03-23,F_UA1_MBADeadline_Aryan v1.5,F_UA1_MBADeadline_Aryan v1.5 C05,2.81,,,0,0,3,,0,-,-,-,0%,0
Meta Ads,,FaceBook_University_Admit,2026-03-23,F_UA1_All Colleges_MBA_Aryan v1.1,F_UA1_All Colleges_MBA_Aryan (INT 04)_ 1.1,1093.99,7,7,0,0,156,1,0,-,-,-,0%,0
Meta Ads,,FaceBook_Degreefyd_B,2026-03-23,Galgotias_Lead_2026,Galgotias_Leads_2026_P_Ad_01,1444.93,15,15,1,1,96,1,19250,1444.93,1444.93,7.51%,0%,38500
Meta Ads,,FaceBook_Degreefyd_B,2026-03-23,UG_Online_Admission_2026,UG_Online_Admission_Ad_Set01_Ad02,759.73,20,19,0,0,38,1,0,-,-,-,5%,0
Meta Ads,,FaceBook_Degreefyd_B,2026-03-23,IGNOU_Online_Courses_Admission_DFYD,IGNOU_Online_Courses_Admission_DFYD_Delhi_NCR_Ad01,559.04,13,13,0,0,43,1,0,-,-,-,0%,0
Meta Ads,,FaceBook_Degreefyd_B,2026-03-23,IGNOU_Online_Courses_Admission_DFYD,IGNOU_Online_Courses_Admission_DFYD_Rest_Ad01,734.77,26,26,0,0,28,1,0,-,-,-,0%,0
Google Ads,Brand,Amity_Partner_001,2026-03-23,Partner_Amity_Online_2026,23228113322,3512.44,15,11,0,0,234,1,0,-,-,-,27%,0
Google Ads,DSA,Degreefyd_Generic_Regular,2026-03-23,DSA_Admission_Online_Distance,23349276370,2552.34,70.98,65,0,0,36,1,0,-,-,-,8%,0
Google Ads,DSA,Core_Online_DSA,2026-03-23,DSA_Admission_Core_Online_Colleges_Courses,23500139647,67.34,0,,0,0,67,0,0,-,-,-,0%,0
Google Ads,Brand,EP_Partner_Amity_Online_DFYD,2026-03-23,Amity_Online_Admission_MBA,23659350616,1076.59,2,2,0,0,538,1,0,-,-,-,0%,0
Meta Ads,,FaceBook_University_Admit,2026-03-24,F_UA1_All Colleges_MBA_Aryan v1.1,F_UA1_All Colleges_MBA_Aryan (INT 01)_ 1.4,1077.04,6,5,2,2,180,1,77000,538.52,538.52,1.40%,17%,77000
Meta Ads,,FaceBook_University_Admit,2026-03-24,F_UA1_All Colleges_MBA_Aryan v1.3,F_UA1_All Colleges_MBA_Aryan V1.3 (INT 01)_ 1.4,175.33,1,1,0,0,175,1,0,-,-,-,0%,0
Meta Ads,,FaceBook_University_Admit,2026-03-24,F_UA1_All Colleges_MBA_Aryan v1.3,F_UA1_All Colleges_MBA_Aryan V1.3 (INT 01)_ 1.1,1713.53,16,16,0,0,107,1,0,-,-,-,0%,0
Meta Ads,,FaceBook_University_Admit,2026-03-24,F_UA1_All Colleges_MBA_Aryan v1.1,F_UA1_All Colleges_MBA_Aryan (INT 03)_ 1.1,476.94,2,2,0,0,238,1,0,-,-,-,0%,0
Meta Ads,,FaceBook_University_Admit,2026-03-24,F_UA1_All Colleges_MBA_Aryan v1.1,F_UA1_All Colleges_MBA_Aryan (INT 03)_ 1.3,192.52,,,0,0,193,,0,-,-,-,0%,0
Meta Ads,,FaceBook_University_Admit,2026-03-24,F_UA1_All Colleges_MBA_Aryan v1.1,F_UA1_All Colleges_MBA_Aryan (INT 03)_ 1.2,461.01,1,,0,0,461,1,0,-,-,-,100%,0
Meta Ads,,FaceBook_University_Admit,2026-03-24,F_UA1_FEB_MBA_Aryan v1.4,F_UA1_FEB_MBA_Aryan (INT 01)_ 1.1,237.32,1,,0,0,237,1,0,-,-,-,100%,0
Meta Ads,,FaceBook_University_Admit,2026-03-24,F_UA1_FEB_MBA_Aryan v1.4,F_UA1_FEB_MBA_Aryan (INT 01)_ 1.2,337.47,2,,0,0,169,2,0,-,-,-,100%,0
Meta Ads,,FaceBook_University_Admit,2026-03-24,F_UA1_FEB_MBA_Aryan v1.4,F_UA1_FEB_MBA_Aryan (INT 01)_ 1.1 – Copy,165.39,,,0,0,165,,0,-,-,-,0%,0
Meta Ads,,FaceBook_University_Admit,2026-03-24,F_UA1_FEB_MBA_Aryan v1.5,F_UA1_FEB_MBA_Aryan v1.5 C1.1,3.54,,,0,0,4,,0,-,-,-,0%,0
Meta Ads,,FaceBook_University_Admit,2026-03-24,F_UA1_FEB_MBA_Aryan v1.5,F_UA1_FEB_MBA_Aryan v1.5 C1.3,1415.51,11,8,0,0,129,1,0,-,-,-,27%,0
Meta Ads,,FaceBook_University_Admit,2026-03-24,F_UA1_MBADeadline_Aryan v1.5,F_UA1_MBADeadline_Aryan v1.5 C04,796.38,5,5,0,0,159,1,0,-,-,-,0%,0
Meta Ads,,FaceBook_University_Admit,2026-03-24,F_UA1_MBADeadline_Aryan v1.5,F_UA1_MBADeadline_Aryan v1.5 C05,0.36,,,0,0,0,,0,-,-,-,0%,0
Meta Ads,,FaceBook_University_Admit,2026-03-24,F_UA1_All Colleges_MBA_Aryan v1.1,F_UA1_All Colleges_MBA_Aryan (INT 04)_ 1.1,937.98,8,7,0,0,117,1,0,-,-,-,13%,0
Meta Ads,,FaceBook_Degreefyd_B,2026-03-24,Galgotias_Lead_2026,Galgotias_Leads_2026_P_Ad_01,1428.26,12,12,0,0,119,1,0,-,-,-,0%,0
Meta Ads,,FaceBook_Degreefyd_B,2026-03-24,UG_Online_Admission_2026,UG_Online_Admission_Ad_Set01_Ad02,370.85,8,5,0,0,46,2,0,-,-,-,38%,0
Meta Ads,,FaceBook_Degreefyd_B,2026-03-24,IGNOU_Online_Courses_Admission_DFYD,IGNOU_Online_Courses_Admission_DFYD_Delhi_NCR_Ad01,486.37,17,11,1,0,29,2,0,486.37,-,-,35%,0
Meta Ads,,FaceBook_Degreefyd_B,2026-03-24,IGNOU_Online_Courses_Admission_DFYD,IGNOU_Online_Courses_Admission_DFYD_Rest_Ad01,620.53,21,21,0,0,30,1,0,-,-,-,0%,0
Google Ads,Brand,Amity_Partner_001,2026-03-24,Partner_Amity_Online_2026,23228113322,4232.91,15,10,1,1,282,2,49875,4232.91,4232.91,8.49%,33%,99750
Google Ads,DSA,Degreefyd_Generic_Regular,2026-03-24,DSA_Admission_Online_Distance,23349276370,2571.86,104.97,92,0,0,25,1,0,-,-,-,12%,0
Google Ads,DSA,Core_Online_DSA,2026-03-24,DSA_Admission_Core_Online_Colleges_Courses,23500139647,86.5,1.99,2,0,0,43,1,0,-,-,-,-1%,0
Google Ads,Brand,EP_Partner_Amity_Online_DFYD,2026-03-24,Amity_Online_Admission_MBA,23659350616,452.22,1,1,0,0,452,1,0,-,-,-,0%,0
Meta Ads,,FaceBook_University_Admit,2026-03-25,F_UA1_All Colleges_MBA_Aryan v1.1,F_UA1_All Colleges_MBA_Aryan (INT 01)_ 1.4,1493.6,19,18,0,0,79,1,0,-,-,-,5%,0
Meta Ads,,FaceBook_University_Admit,2026-03-25,F_UA1_All Colleges_MBA_Aryan v1.3,F_UA1_All Colleges_MBA_Aryan V1.3 (INT 01)_ 1.4,171.86,,,0,0,172,,0,-,-,-,0%,0
Meta Ads,,FaceBook_University_Admit,2026-03-25,F_UA1_All Colleges_MBA_Aryan v1.3,F_UA1_All Colleges_MBA_Aryan V1.3 (INT 01)_ 1.1,2691.31,28,27,1,1,96,1,16500,2691.31,2691.31,16.31%,4%,33000
Meta Ads,,FaceBook_University_Admit,2026-03-25,F_UA1_All Colleges_MBA_Aryan v1.1,F_UA1_All Colleges_MBA_Aryan (INT 03)_ 1.1,266.5,1,1,0,0,267,1,0,-,-,-,0%,0
Meta Ads,,FaceBook_University_Admit,2026-03-25,F_UA1_All Colleges_MBA_Aryan v1.1,F_UA1_All Colleges_MBA_Aryan (INT 03)_ 1.3,1115.91,8,6,0,0,139,1,0,-,-,-,25%,0
Meta Ads,,FaceBook_University_Admit,2026-03-25,F_UA1_All Colleges_MBA_Aryan v1.1,F_UA1_All Colleges_MBA_Aryan (INT 03)_ 1.2,59.85,,,0,0,60,,0,-,-,-,0%,0
Meta Ads,,FaceBook_University_Admit,2026-03-25,F_UA1_FEB_MBA_Aryan v1.4,F_UA1_FEB_MBA_Aryan (INT 01)_ 1.1,704.58,5,3,0,0,141,2,0,-,-,-,40%,0
Meta Ads,,FaceBook_University_Admit,2026-03-25,F_UA1_FEB_MBA_Aryan v1.4,F_UA1_FEB_MBA_Aryan (INT 01)_ 1.2,38.82,,,0,0,39,,0,-,-,-,0%,0
Meta Ads,,FaceBook_University_Admit,2026-03-25,F_UA1_FEB_MBA_Aryan v1.4,F_UA1_FEB_MBA_Aryan (INT 01)_ 1.1 – Copy,0.64,,,0,0,1,,0,-,-,-,0%,0
Meta Ads,,FaceBook_University_Admit,2026-03-25,F_UA1_FEB_MBA_Aryan v1.5,F_UA1_FEB_MBA_Aryan v1.5 C1.1,3.71,,,0,0,4,,0,-,-,-,0%,0
Meta Ads,,FaceBook_University_Admit,2026-03-25,F_UA1_FEB_MBA_Aryan v1.5,F_UA1_FEB_MBA_Aryan v1.5 C1.3,2034.43,18,13,1,0,113,1,0,2034.43,-,-,28%,0
Meta Ads,,FaceBook_University_Admit,2026-03-25,F_UA1_MBADeadline_Aryan v1.5,F_UA1_MBADeadline_Aryan v1.5 C04,1084.12,16,13,0,0,68,1,0,-,-,-,19%,0
Meta Ads,,FaceBook_University_Admit,2026-03-25,F_UA1_All Colleges_MBA_Aryan v1.1,F_UA1_All Colleges_MBA_Aryan (INT 04)_ 1.1,1060.44,8,7,0,0,133,1,0,-,-,-,13%,0
Meta Ads,,FaceBook_Degreefyd_B,2026-03-25,Online_MBA_Guide,Online_MBA_Guide_int_Ad_CR03,108.46,1,,0,0,108,1,0,-,-,-,100%,0
Meta Ads,,FaceBook_Degreefyd_B,2026-03-25,Online_MBA_Guide,Online_MBA_Guide_int_Ad_CR01,39.42,,,0,0,39,,0,-,-,-,0%,0
Meta Ads,,FaceBook_Degreefyd_B,2026-03-25,Online_MBA_Guide,Online_MBA_Guide_int_Ad_CR04,41.1,,,0,0,41,,0,-,-,-,0%,0
Meta Ads,,FaceBook_Degreefyd_B,2026-03-25,Online_MBA_Guide,Online_MBA_Guide_int_Ad_CR02,6.68,,1,0,0,7,0,0,-,-,-,0%,0
Meta Ads,,FaceBook_Degreefyd_B,2026-03-25,Galgotias_Lead_2026,Galgotias_Leads_2026_P_Ad_01,1801.19,24,21,0,0,75,1,0,-,-,-,13%,0
Meta Ads,,FaceBook_Degreefyd_B,2026-03-25,IGNOU_Online_Courses_Admission_DFYD,IGNOU_Online_Courses_Admission_DFYD_Delhi_NCR_Ad01,571.57,21,19,0,0,27,1,0,-,-,-,10%,0
Meta Ads,,FaceBook_Degreefyd_B,2026-03-25,IGNOU_Online_Courses_Admission_DFYD,IGNOU_Online_Courses_Admission_DFYD_Rest_Ad01,804.42,34,30,0,0,24,1,0,-,-,-,12%,0
Google Ads,DSA,Degreefyd_Generic_Regular,2026-03-25,DSA_Admission_Online_Distance,23349276370,2548.52,104.96,93,0,0,24,1,0,-,-,-,11%,0
Google Ads,Brand,Amity_Partner_001,2026-03-25,Partner_Amity_Online_2026,23228113322,4174.64,18,14,1,0,232,1,0,4174.64,-,-,22%,0
Google Ads,Brand,EP_Partner_Amity_Online_DFYD,2026-03-25,Amity_Online_Admission_MBA,23659350616,530.29,1,1,0,0,530,1,0,-,-,-,0%,0
Google Ads,DSA,Core_Online_DSA,2026-03-25,DSA_Admission_Core_Online_Colleges_Courses,23500139647,49,0,,0,0,49,0,0,-,-,-,0%,0
Google Ads,Generic,Core_Online_DSA,2026-03-25,P_Max_Online_MBA,23690584505,166.99,7,,0,0,24,7,0,-,-,-,100%,0
Meta Ads,,FaceBook_University_Admit,2026-03-26,F_UA1_All Colleges_MBA_Aryan v1.1,F_UA1_All Colleges_MBA_Aryan (INT 01)_ 1.4,1032.46,7,8,1,1,147,1,50127,1032.46,1032.46,2.06%,-14%,57750
Meta Ads,,FaceBook_University_Admit,2026-03-26,F_UA1_All Colleges_MBA_Aryan v1.3,F_UA1_All Colleges_MBA_Aryan V1.3 (INT 01)_ 1.4,155.35,3,3,0,0,52,1,0,-,-,-,0%,0
Meta Ads,,FaceBook_University_Admit,2026-03-26,F_UA1_All Colleges_MBA_Aryan v1.3,F_UA1_All Colleges_MBA_Aryan V1.3 (INT 01)_ 1.1,1987.79,15,15,0,0,133,1,0,-,-,-,0%,0
Meta Ads,,FaceBook_University_Admit,2026-03-26,F_UA1_All Colleges_MBA_Aryan v1.1,F_UA1_All Colleges_MBA_Aryan (INT 03)_ 1.1,59.26,,,0,0,59,,0,-,-,-,0%,0
Meta Ads,,FaceBook_University_Admit,2026-03-26,F_UA1_All Colleges_MBA_Aryan v1.1,F_UA1_All Colleges_MBA_Aryan (INT 03)_ 1.3,1054.28,7,7,0,0,151,1,0,-,-,-,0%,0
Meta Ads,,FaceBook_University_Admit,2026-03-26,F_UA1_All Colleges_MBA_Aryan v1.1,F_UA1_All Colleges_MBA_Aryan (INT 03)_ 1.2,18.16,,,0,0,18,,0,-,-,-,0%,0
Meta Ads,,FaceBook_University_Admit,2026-03-26,F_UA1_FEB_MBA_Aryan v1.4,F_UA1_FEB_MBA_Aryan (INT 01)_ 1.1,506.85,4,3,0,0,127,1,0,-,-,-,25%,0
Meta Ads,,FaceBook_University_Admit,2026-03-26,F_UA1_FEB_MBA_Aryan v1.4,F_UA1_FEB_MBA_Aryan (INT 01)_ 1.2,4.3,,,0,0,4,,0,-,-,-,0%,0
Meta Ads,,FaceBook_University_Admit,2026-03-26,F_UA1_FEB_MBA_Aryan v1.4,F_UA1_FEB_MBA_Aryan (INT 01)_ 1.1 – Copy,1.36,,,0,0,1,,0,-,-,-,0%,0
Meta Ads,,FaceBook_University_Admit,2026-03-26,F_UA1_FEB_MBA_Aryan v1.5,F_UA1_FEB_MBA_Aryan v1.5 C1.1,36.92,,,0,0,37,,0,-,-,-,0%,0
Meta Ads,,FaceBook_University_Admit,2026-03-26,F_UA1_FEB_MBA_Aryan v1.5,F_UA1_FEB_MBA_Aryan v1.5 C1.3,1608.43,12,10,1,1,134,1,16500,1608.43,1608.43,9.75%,17%,33000
Meta Ads,,FaceBook_University_Admit,2026-03-26,F_UA1_MBADeadline_Aryan v1.5,F_UA1_MBADeadline_Aryan v1.5 C04,965.72,4,3,0,0,241,1,0,-,-,-,25%,0
Meta Ads,,FaceBook_University_Admit,2026-03-26,F_UA1_All Colleges_MBA_Aryan v1.1,F_UA1_All Colleges_MBA_Aryan (INT 04)_ 1.1,760.85,8,8,0,0,95,1,0,-,-,-,0%,0
Meta Ads,,FaceBook_Degreefyd_B,2026-03-26,Online_MBA_Guide,Online_MBA_Guide_int_Ad_CR05,3.68,,,0,0,4,,0,-,-,-,0%,0
Meta Ads,,FaceBook_Degreefyd_B,2026-03-26,Online_MBA_Guide,Online_MBA_Guide_int_Ad_CR06,14.56,1,,0,0,15,1,0,-,-,-,100%,0
Meta Ads,,FaceBook_Degreefyd_B,2026-03-26,Online_MBA_Guide,Online_MBA_Guide_int_Ad_CR03,148.76,2,1,0,0,74,2,0,-,-,-,50%,0
Meta Ads,,FaceBook_Degreefyd_B,2026-03-26,Online_MBA_Guide,Online_MBA_Guide_int_Ad_CR01,35.64,,,0,0,36,,0,-,-,-,0%,0
Meta Ads,,FaceBook_Degreefyd_B,2026-03-26,Online_MBA_Guide,Online_MBA_Guide_int_Ad_CR04,56.93,1,1,0,0,57,1,0,-,-,-,0%,0
Meta Ads,,FaceBook_Degreefyd_B,2026-03-26,Online_MBA_Guide,Online_MBA_Guide_int_Ad_CR02,9.85,,,0,0,10,,0,-,-,-,0%,0
Meta Ads,,FaceBook_Degreefyd_B,2026-03-26,IGNOU_Online_Courses_Admission_DFYD,IGNOU_Online_Courses_Admission_DFYD_Delhi_NCR_Ad01,536.74,30,28,1,1,18,1,7087.5,536.74,536.74,7.57%,7%,42525
Meta Ads,,FaceBook_Degreefyd_B,2026-03-26,IGNOU_Online_Courses_Admission_DFYD,IGNOU_Online_Courses_Admission_DFYD_Rest_Ad01,737.38,36,34,0,0,20,1,0,-,-,-,6%,0
Meta Ads,,FaceBook_Degreefyd_B,2026-03-26,Galgotias_Lead_2026,Galgotias_Leads_2026_P_Ad_01,1680.56,20,17,0,0,84,1,0,-,-,-,15%,0
Google Ads,Brand,Amity_Partner_001,2026-03-26,Partner_Amity_Online_2026,23228113322,4204.05,24,16,0,0,175,2,0,-,-,-,33%,0
Google Ads,DSA,Degreefyd_Generic_Regular,2026-03-26,DSA_Admission_Online_Distance,23349276370,2532.53,79.95,70,1,1,32,1,7875,2532.53,2532.53,32.16%,12%,47250
Google Ads,Brand,EP_Partner_Amity_Online_DFYD,2026-03-26,Amity_Online_Admission_MBA,23659350616,554.96,1,1,0,0,555,1,0,-,-,-,0%,0
Google Ads,DSA,Core_Online_DSA,2026-03-26,DSA_Admission_Core_Online_Colleges_Courses,23500139647,34.18,1,1,0,0,34,1,0,-,-,-,0%,0
Google Ads,Generic,Core_Online_DSA,2026-03-26,P_Max_Online_MBA,23690584505,9.79,3,,0,0,3,3,0,-,-,-,100%,0
Meta Ads,,FaceBook_University_Admit,2026-03-27,F_UA1_All Colleges_MBA_Aryan v1.1,F_UA1_All Colleges_MBA_Aryan (INT 01)_ 1.4,1697.7,10,9,1,0,170,1,0,1697.7,-,-,10%,0
Meta Ads,,FaceBook_University_Admit,2026-03-27,F_UA1_All Colleges_MBA_Aryan v1.3,F_UA1_All Colleges_MBA_Aryan V1.3 (INT 01)_ 1.4,288.24,3,3,0,0,96,1,0,-,-,-,0%,0
Meta Ads,,FaceBook_University_Admit,2026-03-27,F_UA1_All Colleges_MBA_Aryan v1.3,F_UA1_All Colleges_MBA_Aryan V1.3 (INT 01)_ 1.1,2954.55,29,27,0,0,102,1,0,-,-,-,7%,0
Meta Ads,,FaceBook_University_Admit,2026-03-27,F_UA1_All Colleges_MBA_Aryan v1.1,F_UA1_All Colleges_MBA_Aryan (INT 03)_ 1.1,25.81,,,0,0,26,,0,-,-,-,0%,0
Meta Ads,,FaceBook_University_Admit,2026-03-27,F_UA1_All Colleges_MBA_Aryan v1.1,F_UA1_All Colleges_MBA_Aryan (INT 03)_ 1.3,992.13,6,5,0,0,165,1,0,-,-,-,17%,0
Meta Ads,,FaceBook_University_Admit,2026-03-27,F_UA1_All Colleges_MBA_Aryan v1.1,F_UA1_All Colleges_MBA_Aryan (INT 03)_ 1.2,5.68,1,1,0,0,6,1,0,-,-,-,0%,0
Meta Ads,,FaceBook_University_Admit,2026-03-27,F_UA1_FEB_MBA_Aryan v1.4,F_UA1_FEB_MBA_Aryan (INT 01)_ 1.1,541.04,2,,0,0,271,2,0,-,-,-,100%,0
Meta Ads,,FaceBook_University_Admit,2026-03-27,F_UA1_FEB_MBA_Aryan v1.4,F_UA1_FEB_MBA_Aryan (INT 01)_ 1.2,23.57,,,0,0,24,,0,-,-,-,0%,0
Meta Ads,,FaceBook_University_Admit,2026-03-27,F_UA1_FEB_MBA_Aryan v1.4,F_UA1_FEB_MBA_Aryan (INT 01)_ 1.1 – Copy,1.01,,,0,0,1,,0,-,-,-,0%,0
Meta Ads,,FaceBook_University_Admit,2026-03-27,F_UA1_FEB_MBA_Aryan v1.5,F_UA1_FEB_MBA_Aryan v1.5 C1.1,6.16,,,0,0,6,,0,-,-,-,0%,0
Meta Ads,,FaceBook_University_Admit,2026-03-27,F_UA1_FEB_MBA_Aryan v1.5,F_UA1_FEB_MBA_Aryan v1.5 C1.3,2406.07,19,11,0,0,127,2,0,-,-,-,42%,0
Meta Ads,,FaceBook_University_Admit,2026-03-27,F_UA1_MBADeadline_Aryan v1.5,F_UA1_MBADeadline_Aryan v1.5 C04,992.84,5,2,0,0,199,3,0,-,-,-,60%,0
Meta Ads,,FaceBook_University_Admit,2026-03-27,F_UA1_MBADeadline_Aryan v1.5,F_UA1_MBADeadline_Aryan v1.5 C05,1.29,,,0,0,1,,0,-,-,-,0%,0
Meta Ads,,FaceBook_University_Admit,2026-03-27,F_UA1_All Colleges_MBA_Aryan v1.1,F_UA1_All Colleges_MBA_Aryan (INT 04)_ 1.1,1109.44,10,9,0,0,111,1,0,-,-,-,10%,0
Meta Ads,,FaceBook_Degreefyd_B,2026-03-27,Online_MBA_Guide,Online_MBA_Guide_int_Ad_CR05,8.95,,,0,0,9,,0,-,-,-,0%,0
Meta Ads,,FaceBook_Degreefyd_B,2026-03-27,Online_MBA_Guide,Online_MBA_Guide_int_Ad_CR06,10.69,1,1,0,0,11,1,0,-,-,-,0%,0
Meta Ads,,FaceBook_Degreefyd_B,2026-03-27,Online_MBA_Guide,Online_MBA_Guide_int_Ad_CR03,228.31,5,4,0,0,46,1,0,-,-,-,20%,0
Meta Ads,,FaceBook_Degreefyd_B,2026-03-27,Online_MBA_Guide,Online_MBA_Guide_int_Ad_CR01,11.92,1,,0,0,12,1,0,-,-,-,100%,0
Meta Ads,,FaceBook_Degreefyd_B,2026-03-27,Online_MBA_Guide,Online_MBA_Guide_int_Ad_CR04,31.76,,,0,0,32,,0,-,-,-,0%,0
Meta Ads,,FaceBook_Degreefyd_B,2026-03-27,Online_MBA_Guide,Online_MBA_Guide_int_Ad_CR02,6.4,,,0,0,6,,0,-,-,-,0%,0
Meta Ads,,FaceBook_Degreefyd_B,2026-03-27,Galgotias_Lead_2026,Galgotias_Leads_2026_P_Ad_01,1647.83,14,9,1,1,118,2,36210,1647.83,1647.83,4.55%,36%,42600
Meta Ads,,FaceBook_Degreefyd_B,2026-03-27,IGNOU_Online_Courses_Admission_DFYD,IGNOU_Online_Courses_Admission_DFYD_Delhi_NCR_Ad01,518.81,18,18,1,1,29,1,12000,518.81,518.81,4.32%,0%,24000
Meta Ads,,FaceBook_Degreefyd_B,2026-03-27,IGNOU_Online_Courses_Admission_DFYD,IGNOU_Online_Courses_Admission_DFYD_Rest_Ad01,715.96,34,29,0,0,21,1,0,-,-,-,15%,0
Google Ads,DSA,Degreefyd_Generic_Regular,2026-03-27,DSA_Admission_Online_Distance,23349276370,3123.64,111.76,89,0,0,28,1,0,-,-,-,20%,0
Google Ads,Brand,Amity_Partner_001,2026-03-27,Partner_Amity_Online_2026,23228113322,4507.81,23,11,1,1,196,2,7472.5,4507.81,4507.81,60.33%,52%,51222.5
Google Ads,DSA,Core_Online_DSA,2026-03-27,DSA_Admission_Core_Online_Colleges_Courses,23500139647,121.79,4.5,2,0,0,27,2,0,-,-,-,56%,0
Google Ads,Generic,Core_Online_DSA,2026-03-27,P_Max_Online_MBA,23690584505,218.96,12,,0,0,18,12,0,-,-,-,100%,0
Google Ads,Brand,EP_Partner_Amity_Online_DFYD,2026-03-27,Amity_Online_Admission_MBA,23659350616,839.81,3,2,1,0,280,2,0,839.81,-,-,33%,0
Meta Ads,,FaceBook_University_Admit,2026-03-28,F_UA1_All Colleges_MBA_Aryan v1.1,F_UA1_All Colleges_MBA_Aryan (INT 01)_ 1.4,1482.39,6,6,3,0,247,1,0,494.13,-,-,0%,0
Meta Ads,,FaceBook_University_Admit,2026-03-28,F_UA1_All Colleges_MBA_Aryan v1.3,F_UA1_All Colleges_MBA_Aryan V1.3 (INT 01)_ 1.4,359.41,3,3,0,0,120,1,0,-,-,-,0%,0
Meta Ads,,FaceBook_University_Admit,2026-03-28,F_UA1_All Colleges_MBA_Aryan v1.3,F_UA1_All Colleges_MBA_Aryan V1.3 (INT 01)_ 1.1,2376.7,24,21,0,0,99,1,0,-,-,-,13%,0
Meta Ads,,FaceBook_University_Admit,2026-03-28,F_UA1_All Colleges_MBA_Aryan v1.1,F_UA1_All Colleges_MBA_Aryan (INT 03)_ 1.1,87.81,,,0,0,88,,0,-,-,-,0%,0
Meta Ads,,FaceBook_University_Admit,2026-03-28,F_UA1_All Colleges_MBA_Aryan v1.1,F_UA1_All Colleges_MBA_Aryan (INT 03)_ 1.3,987.7,6,4,0,0,165,2,0,-,-,-,33%,0
Meta Ads,,FaceBook_University_Admit,2026-03-28,F_UA1_FEB_MBA_Aryan v1.4,F_UA1_FEB_MBA_Aryan (INT 01)_ 1.1,522.71,5,4,0,0,105,1,0,-,-,-,20%,0
Meta Ads,,FaceBook_University_Admit,2026-03-28,F_UA1_FEB_MBA_Aryan v1.4,F_UA1_FEB_MBA_Aryan (INT 01)_ 1.2,24.61,,,0,0,25,,0,-,-,-,0%,0
Meta Ads,,FaceBook_University_Admit,2026-03-28,F_UA1_FEB_MBA_Aryan v1.4,F_UA1_FEB_MBA_Aryan (INT 01)_ 1.1 – Copy,2,,,0,0,2,,0,-,-,-,0%,0
Meta Ads,,FaceBook_University_Admit,2026-03-28,F_UA1_FEB_MBA_Aryan v1.5,F_UA1_FEB_MBA_Aryan v1.5 C1.1,7.08,,,0,0,7,,0,-,-,-,0%,0
Meta Ads,,FaceBook_University_Admit,2026-03-28,F_UA1_FEB_MBA_Aryan v1.5,F_UA1_FEB_MBA_Aryan v1.5 C1.3,1863.56,16,10,0,0,116,2,0,-,-,-,38%,0
Meta Ads,,FaceBook_University_Admit,2026-03-28,F_UA1_MBADeadline_Aryan v1.5,F_UA1_MBADeadline_Aryan v1.5 C04,239.39,4,3,0,0,60,1,0,-,-,-,25%,0
Meta Ads,,FaceBook_University_Admit,2026-03-28,F_UA1_All Colleges_MBA_Aryan v1.1,F_UA1_All Colleges_MBA_Aryan (INT 04)_ 1.1,732.6,5,4,0,0,147,1,0,-,-,-,20%,0
Meta Ads,,FaceBook_University_Admit,2026-03-29,F_UA1_All Colleges_MBA_Aryan v1.1,F_UA1_All Colleges_MBA_Aryan (INT 01)_ 1.4,177.76,1,1,0,0,178,1,0,-,-,-,0%,0
Meta Ads,,FaceBook_University_Admit,2026-03-29,F_UA1_All Colleges_MBA_Aryan v1.3,F_UA1_All Colleges_MBA_Aryan V1.3 (INT 01)_ 1.4,18.48,,,0,0,18,,0,-,-,-,0%,0
Meta Ads,,FaceBook_University_Admit,2026-03-29,F_UA1_All Colleges_MBA_Aryan v1.3,F_UA1_All Colleges_MBA_Aryan V1.3 (INT 01)_ 1.1,386.77,7,6,0,0,55,1,0,-,-,-,14%,0
Meta Ads,,FaceBook_University_Admit,2026-03-29,F_UA1_All Colleges_MBA_Aryan v1.1,F_UA1_All Colleges_MBA_Aryan (INT 03)_ 1.3,215.75,1,1,0,0,216,1,0,-,-,-,0%,0
Meta Ads,,FaceBook_University_Admit,2026-03-29,F_UA1_FEB_MBA_Aryan v1.4,F_UA1_FEB_MBA_Aryan (INT 01)_ 1.1,137.19,1,1,0,0,137,1,0,-,-,-,0%,0
Meta Ads,,FaceBook_University_Admit,2026-03-29,F_UA1_FEB_MBA_Aryan v1.4,F_UA1_FEB_MBA_Aryan (INT 01)_ 1.2,1.42,,,0,0,1,,0,-,-,-,0%,0
Meta Ads,,FaceBook_University_Admit,2026-03-29,F_UA1_FEB_MBA_Aryan v1.4,F_UA1_FEB_MBA_Aryan (INT 01)_ 1.1 – Copy,0.02,,,0,0,0,,0,-,-,-,0%,0
Meta Ads,,FaceBook_University_Admit,2026-03-29,F_UA1_FEB_MBA_Aryan v1.5,F_UA1_FEB_MBA_Aryan v1.5 C1.1,0.22,,,0,0,0,,0,-,-,-,0%,0
Meta Ads,,FaceBook_University_Admit,2026-03-29,F_UA1_FEB_MBA_Aryan v1.5,F_UA1_FEB_MBA_Aryan v1.5 C1.3,291.52,3,2,0,0,97,2,0,-,-,-,33%,0
Meta Ads,,FaceBook_Degreefyd_B,2026-03-28,Online_MBA_Amity,Online_MBA_Amity_CR3,0.04,,,0,0,0,,0,-,-,-,0%,0
Meta Ads,,FaceBook_Degreefyd_B,2026-03-28,Online_MBA_Guide,Online_MBA_Guide_int_Ad_CR06,10.38,1,1,0,0,10,1,0,-,-,-,0%,0
Meta Ads,,FaceBook_Degreefyd_B,2026-03-28,Online_MBA_Amity,Online_MBA_Amity_CR2,25.79,,,0,0,26,,0,-,-,-,0%,0
Meta Ads,,FaceBook_Degreefyd_B,2026-03-28,Online_MBA_Amity,Online_MBA_Amity_CR1,22.21,,,0,0,22,,0,-,-,-,0%,0
Meta Ads,,FaceBook_Degreefyd_B,2026-03-28,Online_MBA_Guide,Online_MBA_Guide_int_Ad_CR03,88.84,,,0,0,89,,0,-,-,-,0%,0
Meta Ads,,FaceBook_Degreefyd_B,2026-03-28,Online_MBA_Guide,Online_MBA_Guide_int_Ad_CR01,17.6,,,0,0,18,,0,-,-,-,0%,0
Meta Ads,,FaceBook_Degreefyd_B,2026-03-28,Online_MBA_Guide,Online_MBA_Guide_int_Ad_CR04,8.88,,,0,0,9,,0,-,-,-,0%,0
Meta Ads,,FaceBook_Degreefyd_B,2026-03-28,Online_MBA_Guide,Online_MBA_Guide_int_Ad_CR02,6.39,,,0,0,6,,0,-,-,-,0%,0
Meta Ads,,FaceBook_Degreefyd_B,2026-03-29,Online_MBA_Guide,Online_MBA_Guide_int_Ad_CR06,38.5,,,0,0,39,,0,-,-,-,0%,0
Meta Ads,,FaceBook_Degreefyd_B,2026-03-29,Online_MBA_Amity,Online_MBA_Amity_CR2,73.84,,,0,0,74,,0,-,-,-,0%,0
Meta Ads,,FaceBook_Degreefyd_B,2026-03-29,Online_MBA_Amity,Online_MBA_Amity_CR1,163.69,1,,0,0,164,1,0,-,-,-,100%,0
Meta Ads,,FaceBook_Degreefyd_B,2026-03-29,Online_MBA_Guide,Online_MBA_Guide_int_Ad_CR05,11.3,,,0,0,11,,0,-,-,-,0%,0
Meta Ads,,FaceBook_Degreefyd_B,2026-03-29,Online_MBA_Guide,Online_MBA_Guide_int_Ad_CR03,95.14,1,1,0,0,95,1,0,-,-,-,0%,0
Meta Ads,,FaceBook_Degreefyd_B,2026-03-29,Online_MBA_Guide,Online_MBA_Guide_int_Ad_CR01,22.43,,,0,0,22,,0,-,-,-,0%,0
Meta Ads,,FaceBook_Degreefyd_B,2026-03-29,Online_MBA_Guide,Online_MBA_Guide_int_Ad_CR04,44.25,,,0,0,44,,0,-,-,-,0%,0
Meta Ads,,FaceBook_Degreefyd_B,2026-03-29,Online_MBA_Guide,Online_MBA_Guide_int_Ad_CR02,5.3,,,0,0,5,,0,-,-,-,0%,0
Meta Ads,,FaceBook_Degreefyd_B,2026-03-28,Galgotias_Lead_2026,Galgotias_Leads_2026_P_Ad_01,1521.73,19,15,0,0,80,1,0,-,-,-,21%,0
Meta Ads,,FaceBook_Degreefyd_B,2026-03-28,IGNOU_Online_Courses_Admission_DFYD,IGNOU_Online_Courses_Admission_DFYD_Delhi_NCR_Ad01,479.77,19,15,0,0,25,1,0,-,-,-,21%,0
Meta Ads,,FaceBook_Degreefyd_B,2026-03-28,IGNOU_Online_Courses_Admission_DFYD,IGNOU_Online_Courses_Admission_DFYD_Rest_Ad01,648.7,30,21,0,0,22,1,0,-,-,-,30%,0
Meta Ads,,FaceBook_Degreefyd_B,2026-03-29,Galgotias_Lead_2026,Galgotias_Leads_2026_P_Ad_01,1940.47,31,31,0,0,63,1,0,-,-,-,0%,0
Meta Ads,,FaceBook_Degreefyd_B,2026-03-29,IGNOU_Online_Courses_Admission_DFYD,IGNOU_Online_Courses_Admission_DFYD_Delhi_NCR_Ad01,629,22,23,0,0,29,1,0,-,-,-,-5%,0
Meta Ads,,FaceBook_Degreefyd_B,2026-03-29,IGNOU_Online_Courses_Admission_DFYD,IGNOU_Online_Courses_Admission_DFYD_Rest_Ad01,833.63,26,23,0,0,32,1,0,-,-,-,12%,0
Google Ads,DSA,Core_Online_DSA,2026-03-28,DSA_Admission_Core_Online_Colleges_Courses,23500139647,301.28,5,4,0,0,60,1,0,-,-,-,20%,0
Google Ads,DSA,Degreefyd_Generic_Regular,2026-03-28,DSA_Admission_Online_Distance,23349276370,2237.6,88.15,79,2,1,25,1,8280,1118.8,2237.6,27.02%,10%,55080
Google Ads,Brand,EP_Partner_Amity_Online_DFYD,2026-03-28,Amity_Online_Admission_MBA,23659350616,794.19,0,1,0,0,794,0,0,-,-,-,0%,0
Google Ads,Brand,Amity_Partner_001,2026-03-28,Partner_Amity_Online_2026,23228113322,4129.9,19,10,2,2,217,2,11364.5,2064.95,2064.95,36.34%,47%,87150
Google Ads,DSA,Core_Online_DSA,2026-03-29,DSA_Admission_Core_Online_Colleges_Courses,23500139647,439.12,5,5,0,0,88,1,0,-,-,-,0%,0
Google Ads,DSA,Degreefyd_Generic_Regular,2026-03-29,DSA_Admission_Online_Distance,23349276370,2478.25,121.42,113,1,1,20,1,8280,2478.25,2478.25,29.93%,7%,16560
Google Ads,Brand,EP_Partner_Amity_Online_DFYD,2026-03-29,Amity_Online_Admission_MBA,23659350616,836.88,3,2,1,1,279,2,14437.5,836.88,836.88,5.80%,33%,57750
Google Ads,Brand,Amity_Partner_001,2026-03-29,Partner_Amity_Online_2026,23228113322,3965.42,29,22,0,0,137,1,0,-,-,-,24%,0
Meta Ads,,FaceBook_Degreefyd_B,2026-03-30,Online_MBA_Amity,Online_MBA_Amity_CR3,0.01,,,0,0,0,,0,-,-,-,0%,0
Meta Ads,,FaceBook_Degreefyd_B,2026-03-30,Online_MBA_Guide,Online_MBA_Guide_int_Ad_CR06,26.67,,,0,0,27,,0,-,-,-,0%,0
Meta Ads,,FaceBook_Degreefyd_B,2026-03-30,Online_MBA_Amity,Online_MBA_Amity_CR2,9.53,,,0,0,10,,0,-,-,-,0%,0
Meta Ads,,FaceBook_Degreefyd_B,2026-03-30,Online_MBA_Amity,Online_MBA_Amity_CR1,200.46,2,1,0,0,100,2,0,-,-,-,50%,0
Meta Ads,,FaceBook_Degreefyd_B,2026-03-30,Online_MBA_Guide,Online_MBA_Guide_int_Ad_CR05,2.76,,,0,0,3,,0,-,-,-,0%,0
Meta Ads,,FaceBook_Degreefyd_B,2026-03-30,Online_MBA_Guide,Online_MBA_Guide_int_Ad_CR03,36.21,,,0,0,36,,0,-,-,-,0%,0
Meta Ads,,FaceBook_Degreefyd_B,2026-03-30,Online_MBA_Guide,Online_MBA_Guide_int_Ad_CR01,4.25,,,0,0,4,,0,-,-,-,0%,0
Meta Ads,,FaceBook_Degreefyd_B,2026-03-30,Online_MBA_Guide,Online_MBA_Guide_int_Ad_CR04,23.2,,,0,0,23,,0,-,-,-,0%,0
Meta Ads,,FaceBook_Degreefyd_B,2026-03-30,Online_MBA_Guide,Online_MBA_Guide_int_Ad_CR02,3.74,,,0,0,4,,0,-,-,-,0%,0
Meta Ads,,FaceBook_Degreefyd_B,2026-03-30,Galgotias_Lead_2026,Galgotias_Leads_2026_P_Ad_01,457.32,8,8,1,1,57,1,16500,457.32,457.32,2.77%,0%,33000
Meta Ads,,FaceBook_Degreefyd_B,2026-03-30,IGNOU_Online_Courses_Admission_DFYD,IGNOU_Online_Courses_Admission_DFYD_Delhi_NCR_Ad01,141.06,8,8,0,0,18,1,0,-,-,-,0%,0
Meta Ads,,FaceBook_Degreefyd_B,2026-03-30,IGNOU_Online_Courses_Admission_DFYD,IGNOU_Online_Courses_Admission_DFYD_Rest_Ad01,175.88,8,5,0,0,22,2,0,-,-,-,38%,0
Google Ads,Brand,Amity_Partner_001,2026-03-30,Partner_Amity_Online_2026,23228113322,2909,19,10,0,0,153,2,0,-,-,-,47%,0
Google Ads,DSA,Degreefyd_Generic_Regular,2026-03-30,DSA_Admission_Online_Distance,23349276370,915.99,38.48,38,1,1,24,1,16500,915.99,915.99,5.55%,1%,33000
Google Ads,DSA,Core_Online_DSA,2026-03-30,DSA_Admission_Core_Online_Colleges_Courses,23500139647,188.22,2,2,0,0,94,1,0,-,-,-,0%,0
Google Ads,Brand,EP_Partner_Amity_Online_DFYD,2026-03-30,Amity_Online_Admission_MBA,23659350616,219.5,1,1,0,0,220,1,0,-,-,-,0%,0
Meta Ads,,FaceBook_University_Admit,2026-04-01,F_UA1_All Colleges_MBA_Aryan v1.1,F_UA1_All Colleges_MBA_Aryan (INT 01)_ 1.4,1426.17,9,9,0,0,158,1,0,-,-,-,0%,0
Meta Ads,,FaceBook_University_Admit,2026-04-01,F_UA1_All Colleges_MBA_Aryan v1.3,F_UA1_All Colleges_MBA_Aryan V1.3 (INT 01)_ 1.4,719.97,7,7,0,0,103,1,0,-,-,-,0%,0
Meta Ads,,FaceBook_University_Admit,2026-04-01,F_UA1_All Colleges_MBA_Aryan v1.3,F_UA1_All Colleges_MBA_Aryan V1.3 (INT 01)_ 1.1,2144.43,25,23,0,0,86,1,0,-,-,-,8%,0
Meta Ads,,FaceBook_University_Admit,2026-04-01,F_UA1_All Colleges_MBA_Aryan v1.1,F_UA1_All Colleges_MBA_Aryan (INT 03)_ 1.3,1332.83,11,9,0,0,121,1,0,-,-,-,18%,0
Meta Ads,,FaceBook_University_Admit,2026-04-01,F_UA1_FEB_MBA_Aryan v1.4,F_UA1_FEB_MBA_Aryan (INT 01)_ 1.1,712.67,6,5,1,0,119,1,0,712.67,-,-,17%,0
Meta Ads,,FaceBook_University_Admit,2026-04-01,F_UA1_FEB_MBA_Aryan v1.4,F_UA1_FEB_MBA_Aryan (INT 01)_ 1.2,17.74,,,0,0,18,,0,-,-,-,0%,0
Meta Ads,,FaceBook_University_Admit,2026-04-01,F_UA1_FEB_MBA_Aryan v1.4,F_UA1_FEB_MBA_Aryan (INT 01)_ 1.1 – Copy,4.56,,,0,0,5,,0,-,-,-,0%,0
Meta Ads,,FaceBook_University_Admit,2026-04-01,F_UA1_FEB_MBA_Aryan v1.5,F_UA1_FEB_MBA_Aryan v1.5 C1.1,8.21,,,0,0,8,,0,-,-,-,0%,0
Meta Ads,,FaceBook_University_Admit,2026-04-01,F_UA1_FEB_MBA_Aryan v1.5,F_UA1_FEB_MBA_Aryan v1.5 C1.3,1906.33,14,11,0,0,136,1,0,-,-,-,21%,0
Meta Ads,,FaceBook_Degreefyd_B,2026-04-01,Galgotias_Lead_2026,Galgotias_Leads_2026_P_Ad_01,2047.04,20,20,1,1,102,1,16500,2047.04,2047.04,12.41%,0%,33000
Meta Ads,,FaceBook_Degreefyd_B,2026-04-01,IGNOU_Online_Courses_Admission_DFYD,IGNOU_Online_Courses_Admission_DFYD_Delhi_NCR_Ad01,739.01,20,19,0,0,37,1,0,-,-,-,5%,0
Meta Ads,,FaceBook_Degreefyd_B,2026-04-01,IGNOU_Online_Courses_Admission_DFYD,IGNOU_Online_Courses_Admission_DFYD_Rest_Ad01,982.65,51,50,1,1,19,1,16275,982.65,982.65,6.04%,2%,48825
Google Ads,Brand,Amity_Partner_001,2026-04-01,Partner_Amity_Online_2026,23228113322,4283.04,24,18,3,2,178,1,16380,1427.68,2141.52,26.15%,25%,86905
Google Ads,Brand,EP_Partner_Amity_Online_DFYD,2026-04-01,Amity_Online_Admission_MBA,23659350616,467.18,3,3,0,0,156,1,0,-,-,-,0%,0
Meta Ads,,FaceBook_University_Admit,2026-04-02,F_UA1_All Colleges_MBA_Aryan v1.1,F_UA1_All Colleges_MBA_Aryan (INT 01)_ 1.4,1336.19,12,11,0,0,111,1,0,-,-,-,8%,0
Meta Ads,,FaceBook_University_Admit,2026-04-02,F_UA1_All Colleges_MBA_Aryan v1.3,F_UA1_All Colleges_MBA_Aryan V1.3 (INT 01)_ 1.4,174.73,1,1,0,0,175,1,0,-,-,-,0%,0
Meta Ads,,FaceBook_University_Admit,2026-04-02,F_UA1_All Colleges_MBA_Aryan v1.3,F_UA1_All Colleges_MBA_Aryan V1.3 (INT 01)_ 1.1,2053.67,23,23,0,0,89,1,0,-,-,-,0%,0
Meta Ads,,FaceBook_University_Admit,2026-04-02,F_UA1_All Colleges_MBA_Aryan v1.1,F_UA1_All Colleges_MBA_Aryan (INT 03)_ 1.3,1163.11,10,9,0,0,116,1,0,-,-,-,10%,0
Meta Ads,,FaceBook_University_Admit,2026-04-02,F_UA1_FEB_MBA_Aryan v1.4,F_UA1_FEB_MBA_Aryan (INT 01)_ 1.1,680.35,6,4,2,2,113,2,112484.4,340.175,340.175,0.60%,33%,112484.4
Meta Ads,,FaceBook_University_Admit,2026-04-02,F_UA1_FEB_MBA_Aryan v1.4,F_UA1_FEB_MBA_Aryan (INT 01)_ 1.2,11.76,,,0,0,12,,0,-,-,-,0%,0
Meta Ads,,FaceBook_University_Admit,2026-04-02,F_UA1_FEB_MBA_Aryan v1.4,F_UA1_FEB_MBA_Aryan (INT 01)_ 1.1 – Copy,0.45,,,0,0,0,,0,-,-,-,0%,0
Meta Ads,,FaceBook_University_Admit,2026-04-02,F_UA1_FEB_MBA_Aryan v1.5,F_UA1_FEB_MBA_Aryan v1.5 C1.1,5.42,,,0,0,5,,0,-,-,-,0%,0
Meta Ads,,FaceBook_University_Admit,2026-04-02,F_UA1_FEB_MBA_Aryan v1.5,F_UA1_FEB_MBA_Aryan v1.5 C1.3,1891.87,18,13,0,0,105,1,0,-,-,-,28%,0
Meta Ads,,FaceBook_Degreefyd_B,2026-04-02,Galgotias_Lead_2026,Galgotias_Leads_2026_P_Ad_01,1606.15,17,18,1,1,94,1,16500,1606.15,1606.15,9.73%,-6%,33000
Meta Ads,,FaceBook_Degreefyd_B,2026-04-02,IGNOU_Online_Courses_Admission_DFYD,IGNOU_Online_Courses_Admission_DFYD_Delhi_NCR_Ad01,494.49,28,27,1,1,18,1,10500,494.49,494.49,4.71%,4%,31500
Meta Ads,,FaceBook_Degreefyd_B,2026-04-02,IGNOU_Online_Courses_Admission_DFYD,IGNOU_Online_Courses_Admission_DFYD_Rest_Ad01,647.25,30,29,0,0,22,1,0,-,-,-,3%,0
Google Ads,Brand,Amity_Partner_001,2026-04-02,Partner_Amity_Online_2026,23228113322,4614.56,14,12,1,1,330,1,14133,4614.56,4614.56,32.65%,14%,49133
Google Ads,Brand,EP_Partner_Amity_Online_DFYD,2026-04-02,Amity_Online_Admission_MBA,23659350616,1148.35,0,,0,0,1148,0,0,-,-,-,0%,0
Google Ads,DSA,Degreefyd_Generic_Regular,2026-04-02,DSA_Admission_Online_Distance,23349276370,5151.73,125.99,111,1,1,41,1,25920,5151.73,5151.73,19.88%,12%,25920
Meta Ads,,FaceBook_Degreefyd_B,2026-04-03,Galgotias_Lead_2026,Galgotias_Leads_2026_P_Ad_01,2942.72,48,48,0,0,61,1,0,-,-,-,0%,0
Meta Ads,,FaceBook_Degreefyd_B,2026-04-03,IGNOU_Online_Courses_Admission_DFYD,IGNOU_Online_Courses_Admission_DFYD_Delhi_NCR_Ad01,911.18,30,30,2,2,30,1,47117,455.59,455.59,1.93%,0%,98842.1
Meta Ads,,FaceBook_Degreefyd_B,2026-04-03,IGNOU_Online_Courses_Admission_DFYD,IGNOU_Online_Courses_Admission_DFYD_Rest_Ad01,1232.98,49,48,0,0,25,1,0,-,-,-,2%,0
Google Ads,Brand,Amity_Partner_001,2026-04-03,Partner_Amity_Online_2026,23228113322,2973.82,12,10,0,0,248,1,0,-,-,-,17%,0
Meta Ads,,FaceBook_University_Admit,2026-04-06,F_UA1_All Colleges_MBA_Aryan v1.1,F_UA1_All Colleges_MBA_Aryan (INT 01)_ 1.4,587.31,7,6,0,0,84,1,0,-,-,-,14%,0
Meta Ads,,FaceBook_University_Admit,2026-04-06,F_UA1_All Colleges_MBA_Aryan v1.3,F_UA1_All Colleges_MBA_Aryan V1.3 (INT 01)_ 1.4,763.62,8,7,0,0,95,1,0,-,-,-,13%,0
Meta Ads,,FaceBook_University_Admit,2026-04-06,F_UA1_All Colleges_MBA_Aryan v1.1,F_UA1_All Colleges_MBA_Aryan (INT 03)_ 1.3,462.26,6,5,0,0,77,1,0,-,-,-,17%,0
Meta Ads,,FaceBook_University_Admit,2026-04-06,F_UA1_FEB_MBA_Aryan v1.4,F_UA1_FEB_MBA_Aryan (INT 01)_ 1.1,301.33,3,3,0,0,100,1,0,-,-,-,0%,0
Meta Ads,,FaceBook_University_Admit,2026-04-06,F_UA1_FEB_MBA_Aryan v1.4,F_UA1_FEB_MBA_Aryan (INT 01)_ 1.2,15.86,,,0,0,16,,0,-,-,-,0%,0
Meta Ads,,FaceBook_University_Admit,2026-04-06,F_UA1_FEB_MBA_Aryan v1.4,F_UA1_FEB_MBA_Aryan (INT 01)_ 1.1 – Copy,0.41,,,0,0,0,,0,-,-,-,0%,0
Meta Ads,,FaceBook_University_Admit,2026-04-06,F_UA1_FEB_MBA_Aryan v1.5,F_UA1_FEB_MBA_Aryan v1.5 C1.1,7.53,,,0,0,8,,0,-,-,-,0%,0
Meta Ads,,FaceBook_University_Admit,2026-04-06,F_UA1_FEB_MBA_Aryan v1.5,F_UA1_FEB_MBA_Aryan v1.5 C1.3,812.99,11,10,0,0,74,1,0,-,-,-,9%,0
Meta Ads,,FaceBook_Degreefyd_B,2026-04-04,IGNOU_Online_Courses_Admission_DFYD,IGNOU_Online_Courses_Admission_DFYD_Delhi_NCR_Ad01,857.44,35,35,2,1,24,1,16500,428.72,857.44,5.20%,0%,33000
Meta Ads,,FaceBook_Degreefyd_B,2026-04-04,IGNOU_Online_Courses_Admission_DFYD,IGNOU_Online_Courses_Admission_DFYD_Rest_Ad01,1222.03,50,48,0,0,24,1,0,-,-,-,4%,0
Meta Ads,,FaceBook_Degreefyd_B,2026-04-04,Galgotias_Lead_2026,Galgotias_Leads_2026_P_Ad_01,2879.51,33,31,1,0,87,1,0,2879.51,-,-,6%,0
Meta Ads,,FaceBook_Degreefyd_B,2026-04-05,IGNOU_Online_Courses_Admission_DFYD,IGNOU_Online_Courses_Admission_DFYD_Rest_Ad01,723.25,25,24,0,0,29,1,0,-,-,-,4%,0
Meta Ads,,FaceBook_Degreefyd_B,2026-04-05,IGNOU_Online_Courses_Admission_DFYD,IGNOU_Online_Courses_Admission_DFYD_Delhi_NCR_Ad01,559.47,22,23,0,0,25,1,0,-,-,-,-5%,0
Meta Ads,,FaceBook_Degreefyd_B,2026-04-05,Galgotias_Lead_2026,Galgotias_Leads_2026_P_Ad_01,1629.72,28,25,3,3,58,1,51500,543.24,543.24,3.16%,11%,103000
Meta Ads,,FaceBook_Degreefyd_B,2026-04-06,IGNOU_Online_Courses_Admission_DFYD,IGNOU_Online_Courses_Admission_DFYD_Rest_Ad01,717.23,29,28,0,0,25,1,0,-,-,-,3%,0
Meta Ads,,FaceBook_Degreefyd_B,2026-04-06,IGNOU_Online_Courses_Admission_DFYD,IGNOU_Online_Courses_Admission_DFYD_Delhi_NCR_Ad01,527.3,23,21,0,0,23,1,0,-,-,-,9%,0
Meta Ads,,FaceBook_Degreefyd_B,2026-04-06,Galgotias_Lead_2026,Galgotias_Leads_2026_P_Ad_01,1694.67,20,20,0,0,85,1,0,-,-,-,0%,0
Google Ads,DSA,Degreefyd_Generic_Regular,2026-04-04,DSA_Admission_Online_Distance,23349276370,2967.03,107.97,90,2,0,27,1,0,1483.515,-,-,17%,0
Google Ads,Brand,Amity_Partner_001,2026-04-04,Partner_Amity_Online_2026,23228113322,5010.11,11,9,2,1,455,1,8687,2505.055,5010.11,57.67%,18%,59787
Google Ads,Brand,EP_Partner_Amity_Online_DFYD,2026-04-04,Amity_Online_Admission_MBA,23659350616,310.58,2,2,0,0,155,1,0,-,-,-,0%,0
Google Ads,DSA,Degreefyd_Generic_Regular,2026-04-05,DSA_Admission_Online_Distance,23349276370,2758.63,102.97,92,0,0,27,1,0,-,-,-,11%,0
Google Ads,Brand,Amity_Partner_001,2026-04-05,Partner_Amity_Online_2026,23228113322,5009.72,19,17,2,0,264,1,0,2504.86,-,-,11%,0
Google Ads,Brand,EP_Partner_Amity_Online_DFYD,2026-04-05,Amity_Online_Admission_MBA,23659350616,1320.95,0,,0,0,1321,0,0,-,-,-,0%,0
Google Ads,DSA,Degreefyd_Generic_Regular,2026-04-06,DSA_Admission_Online_Distance,23349276370,2651.66,115.99,112,0,0,23,1,0,-,-,-,3%,0
Google Ads,Brand,Amity_Partner_001,2026-04-06,Partner_Amity_Online_2026,23228113322,4673.27,18,18,5,2,260,1,12801.25,934.654,2336.635,36.51%,0%,90956.25
Google Ads,Brand,EP_Partner_Amity_Online_DFYD,2026-04-06,Amity_Online_Admission_MBA,23659350616,1632.69,3,3,2,0,544,1,0,816.345,-,-,0%,0
Meta Ads,,FaceBook_University_Admit,2026-04-07,F_UA1_All Colleges_MBA_Aryan v1.1,F_UA1_All Colleges_MBA_Aryan (INT 01)_ 1.4,912.15,11,9,0,0,83,1,0,-,-,-,18%,0
Meta Ads,,FaceBook_University_Admit,2026-04-07,F_UA1_All Colleges_MBA_Aryan v1.3,F_UA1_All Colleges_MBA_Aryan V1.3 (INT 01)_ 1.4,1223.41,12,11,0,0,102,1,0,-,-,-,8%,0
Meta Ads,,FaceBook_University_Admit,2026-04-07,F_UA1_All Colleges_MBA_Aryan v1.1,F_UA1_All Colleges_MBA_Aryan (INT 03)_ 1.3,731,6,5,0,0,122,1,0,-,-,-,17%,0
Meta Ads,,FaceBook_University_Admit,2026-04-07,F_UA1_FEB_MBA_Aryan v1.4,F_UA1_FEB_MBA_Aryan (INT 01)_ 1.1,454.97,6,6,0,0,76,1,0,-,-,-,0%,0
Meta Ads,,FaceBook_University_Admit,2026-04-07,F_UA1_FEB_MBA_Aryan v1.4,F_UA1_FEB_MBA_Aryan (INT 01)_ 1.2,19.57,,,0,0,20,,0,-,-,-,0%,0
Meta Ads,,FaceBook_University_Admit,2026-04-07,F_UA1_FEB_MBA_Aryan v1.4,F_UA1_FEB_MBA_Aryan (INT 01)_ 1.1 – Copy,0.05,,,0,0,0,,0,-,-,-,0%,0
Meta Ads,,FaceBook_University_Admit,2026-04-07,F_UA1_FEB_MBA_Aryan v1.5,F_UA1_FEB_MBA_Aryan v1.5 C1.1,9.53,,,0,0,10,,0,-,-,-,0%,0
Meta Ads,,FaceBook_University_Admit,2026-04-07,F_UA1_FEB_MBA_Aryan v1.5,F_UA1_FEB_MBA_Aryan v1.5 C1.3,1247.41,15,11,0,0,83,1,0,-,-,-,27%,0
Meta Ads,,FaceBook_Degreefyd_B,2026-04-07,Galgotias_Lead_2026,Galgotias_Leads_2026_P_Ad_01,1603.88,28,25,0,0,57,1,0,-,-,-,11%,0
Meta Ads,,FaceBook_Degreefyd_B,2026-04-07,IGNOU_Online_Courses_Admission_DFYD,IGNOU_Online_Courses_Admission_DFYD_Delhi_NCR_Ad01,479.09,16,16,0,0,30,1,0,-,-,-,0%,0
Meta Ads,,FaceBook_Degreefyd_B,2026-04-07,IGNOU_Online_Courses_Admission_DFYD,IGNOU_Online_Courses_Admission_DFYD_Rest_Ad01,646.13,26,27,0,0,25,1,0,-,-,-,-4%,0
Meta Ads,,FaceBook_Degreefyd_B,2026-04-07,Online_MBA_Chandigarh_Uni,Online_MBA_Chandigarh_Uni_CR1,0.03,,,0,0,0,,0,-,-,-,0%,0
Meta Ads,,FaceBook_Degreefyd_B,2026-04-07,Online_MBA_Guide,Online_MBA_Guide_int_Ad_CR06,37.6,1,1,0,0,38,1,0,-,-,-,0%,0
Meta Ads,,FaceBook_Degreefyd_B,2026-04-07,Online_MBA_Guide,Online_MBA_Guide_int_Ad_CR03,81.77,1,1,0,0,82,1,0,-,-,-,0%,0
Meta Ads,,FaceBook_Degreefyd_B,2026-04-07,Online_MBA_Guide,Online_MBA_Guide_int_Ad_CR01,27.18,,,0,0,27,,0,-,-,-,0%,0
Meta Ads,,FaceBook_Degreefyd_B,2026-04-07,Online_MBA_Guide,Online_MBA_Guide_int_Ad_CR04,32.64,,,0,0,33,,0,-,-,-,0%,0
Meta Ads,,FaceBook_Degreefyd_B,2026-04-07,Online_MBA_Guide,Online_MBA_Guide_int_Ad_CR02,16.15,,,0,0,16,,0,-,-,-,0%,0
Google Ads,DSA,Degreefyd_Generic_Regular,2026-04-07,DSA_Admission_Online_Distance,23349276370,2952.86,131.13,115,0,0,23,1,0,-,-,-,12%,0
Google Ads,Brand,Amity_Partner_001,2026-04-07,Partner_Amity_Online_2026,23228113322,4263.23,15,13,2,2,284,1,12678.75,2131.615,2131.615,33.63%,13%,81112.5
Google Ads,Brand,EP_Partner_Amity_Online_DFYD,2026-04-07,Amity_Online_Admission_MBA,23659350616,1050.52,0,,0,0,1051,0,0,-,-,-,0%,0
Meta Ads,,FaceBook_University_Admit,2026-04-08,F_UA1_All Colleges_MBA_Aryan v1.1,F_UA1_All Colleges_MBA_Aryan (INT 01)_ 1.4,641.01,9,8,0,0,71,1,0,-,-,-,11%,0
Meta Ads,,FaceBook_University_Admit,2026-04-08,F_UA1_All Colleges_MBA_Aryan v1.3,F_UA1_All Colleges_MBA_Aryan V1.3 (INT 01)_ 1.4,362.51,6,6,0,0,60,1,0,-,-,-,0%,0
Meta Ads,,FaceBook_University_Admit,2026-04-08,F_UA1_All Colleges_MBA_Aryan v1.3,F_UA1_All Colleges_MBA_Aryan V1.3 (INT 01)_ 1.1,1073.18,13,11,0,0,83,1,0,-,-,-,15%,0
Meta Ads,,FaceBook_University_Admit,2026-04-08,F_UA1_All Colleges_MBA_Aryan v1.1,F_UA1_All Colleges_MBA_Aryan (INT 03)_ 1.3,763.65,3,3,0,0,255,1,0,-,-,-,0%,0
Meta Ads,,FaceBook_University_Admit,2026-04-08,F_UA1_FEB_MBA_Aryan v1.4,F_UA1_FEB_MBA_Aryan (INT 01)_ 1.1,605.82,4,4,0,0,151,1,0,-,-,-,0%,0
Meta Ads,,FaceBook_University_Admit,2026-04-08,F_UA1_FEB_MBA_Aryan v1.4,F_UA1_FEB_MBA_Aryan (INT 01)_ 1.2,16.08,,,0,0,16,,0,-,-,-,0%,0
Meta Ads,,FaceBook_University_Admit,2026-04-08,F_UA1_FEB_MBA_Aryan v1.5,F_UA1_FEB_MBA_Aryan v1.5 C1.1,9.14,,,0,0,9,,0,-,-,-,0%,0
Meta Ads,,FaceBook_University_Admit,2026-04-08,F_UA1_FEB_MBA_Aryan v1.5,F_UA1_FEB_MBA_Aryan v1.5 C1.3,1474.8,21,17,1,1,70,1,42000,1474.8,1474.8,3.51%,19%,42000
Meta Ads,,FaceBook_Degreefyd_B,2026-04-08,Online_MBA_Chandigarh_Uni,Online_MBA_Chandigarh_Uni_CR2,0.1,,,0,0,0,,0,-,-,-,0%,0
Meta Ads,,FaceBook_Degreefyd_B,2026-04-08,Online_MBA_Chandigarh_Uni,Online_MBA_Chandigarh_Uni_CR1,125.32,,,0,0,125,,0,-,-,-,0%,0
Meta Ads,,FaceBook_Degreefyd_B,2026-04-08,Online_MBA_Guide,Online_MBA_Guide_int_Ad_CR06,66.97,,,0,0,67,,0,-,-,-,0%,0
Meta Ads,,FaceBook_Degreefyd_B,2026-04-08,Online_MBA_Guide,Online_MBA_Guide_int_Ad_CR05,45.96,,,0,0,46,,0,-,-,-,0%,0
Meta Ads,,FaceBook_Degreefyd_B,2026-04-08,Online_MBA_Guide,Online_MBA_Guide_int_Ad_CR03,171.23,2,2,0,0,86,1,0,-,-,-,0%,0
Meta Ads,,FaceBook_Degreefyd_B,2026-04-08,Online_MBA_Guide,Online_MBA_Guide_int_Ad_CR01,17.1,,,0,0,17,,0,-,-,-,0%,0
Meta Ads,,FaceBook_Degreefyd_B,2026-04-08,Online_MBA_Guide,Online_MBA_Guide_int_Ad_CR04,12.53,,,0,0,13,,0,-,-,-,0%,0
Meta Ads,,FaceBook_Degreefyd_B,2026-04-08,Online_MBA_Guide,Online_MBA_Guide_int_Ad_CR02,12.05,,,0,0,12,,0,-,-,-,0%,0
Meta Ads,,FaceBook_Degreefyd_B,2026-04-08,Galgotias_Lead_2026,Galgotias_Leads_2026_P_Ad_01,1706.5,21,20,2,1,81,1,10500,853.25,1706.5,16.25%,5%,31500
Meta Ads,,FaceBook_Degreefyd_B,2026-04-08,IGNOU_Online_Courses_Admission_DFYD,IGNOU_Online_Courses_Admission_DFYD_Delhi_NCR_Ad01,623.93,30,28,1,0,21,1,0,623.93,-,-,7%,0
Meta Ads,,FaceBook_Degreefyd_B,2026-04-08,IGNOU_Online_Courses_Admission_DFYD,IGNOU_Online_Courses_Admission_DFYD_Rest_Ad01,849.27,45,40,2,2,19,1,30625,424.635,424.635,2.77%,11%,52500
Google Ads,Brand,Amity_Partner_001,2026-04-08,Partner_Amity_Online_2026,23228113322,3322.23,17,11,0,0,195,2,0,-,-,-,35%,0
Google Ads,DSA,Degreefyd_Generic_Regular,2026-04-08,DSA_Admission_Online_Distance,23349276370,2667.24,97.98,87,2,0,27,1,0,1333.62,-,-,11%,0
Google Ads,Brand,EP_Partner_Amity_Online_DFYD,2026-04-08,Amity_Online_Admission_MBA,23659350616,658.95,2,2,1,1,329,1,56242.2,658.95,658.95,1.17%,0%,56242.2
Google Ads,DSA,Degreefyd_Generic_Regular,2026-04-03,DSA_Admission_Online_Distance,23349276370,2709.01,81.98,73,0,0,33,1,0,-,-,-,11%,0
Meta Ads,,FaceBook_University_Admit,2026-04-09,F_UA1_All Colleges_MBA_Aryan v1.3,F_UA1_All Colleges_MBA_Aryan V1.3 (INT 01)_ 1.4,230.92,5,4,0,0,46,1,0,-,-,-,20%,0
Meta Ads,,FaceBook_University_Admit,2026-04-09,F_UA1_All Colleges_MBA_Aryan v1.3,F_UA1_All Colleges_MBA_Aryan V1.3 (INT 01)_ 1.1,1061.72,9,9,0,0,118,1,0,-,-,-,0%,0
Meta Ads,,FaceBook_University_Admit,2026-04-09,F_UA1_All Colleges_MBA_Aryan v1.1,F_UA1_All Colleges_MBA_Aryan (INT 03)_ 1.3,782.63,7,6,0,0,112,1,0,-,-,-,14%,0
Meta Ads,,FaceBook_University_Admit,2026-04-09,F_UA1_FEB_MBA_Aryan v1.4,F_UA1_FEB_MBA_Aryan (INT 01)_ 1.1,546.64,5,5,0,0,109,1,0,-,-,-,0%,0
Meta Ads,,FaceBook_University_Admit,2026-04-09,F_UA1_FEB_MBA_Aryan v1.4,F_UA1_FEB_MBA_Aryan (INT 01)_ 1.2,13.87,,,0,0,14,,0,-,-,-,0%,0
Meta Ads,,FaceBook_University_Admit,2026-04-09,F_UA1_FEB_MBA_Aryan v1.4,F_UA1_FEB_MBA_Aryan (INT 01)_ 1.1 – Copy,0,,,0,0,0,,0,-,-,-,0%,0
Meta Ads,,FaceBook_University_Admit,2026-04-09,F_UA1_FEB_MBA_Aryan v1.5,F_UA1_FEB_MBA_Aryan v1.5 C1.1,4.35,,,0,0,4,,0,-,-,-,0%,0
Meta Ads,,FaceBook_University_Admit,2026-04-09,F_UA1_FEB_MBA_Aryan v1.5,F_UA1_FEB_MBA_Aryan v1.5 C1.3,1473.13,17,15,0,0,87,1,0,-,-,-,12%,0
Meta Ads,,FaceBook_Degreefyd_B,2026-04-09,Galgotias_Lead_2026,Galgotias_Leads_2026_P_Ad_01,1427.8,15,13,0,0,95,1,0,-,-,-,13%,0
Meta Ads,,FaceBook_Degreefyd_B,2026-04-09,IGNOU_Online_Courses_Admission_DFYD,IGNOU_Online_Courses_Admission_DFYD_Delhi_NCR_Ad01,585.18,22,18,1,1,27,1,48825,585.18,585.18,1.20%,18%,48825
Meta Ads,,FaceBook_Degreefyd_B,2026-04-09,IGNOU_Online_Courses_Admission_DFYD,IGNOU_Online_Courses_Admission_DFYD_Rest_Ad01,801.52,34,33,0,0,24,1,0,-,-,-,3%,0
Google Ads,Brand,Amity_Partner_001,2026-04-09,Partner_Amity_Online_2026,23228113322,4235.68,10,10,0,0,424,1,0,-,-,-,0%,0
Google Ads,DSA,Degreefyd_Generic_Regular,2026-04-09,DSA_Admission_Online_Distance,23349276370,2432.92,55.98,50,0,0,43,1,0,-,-,-,11%,0
Google Ads,Brand,EP_Partner_Amity_Online_DFYD,2026-04-09,Amity_Online_Admission_MBA,23659350616,853.55,0,,0,0,854,0,0,-,-,-,0%,0
Meta Ads,,FaceBook_University_Admit,2026-04-10,F_UA1_All Colleges_MBA_Aryan v1.3,F_UA1_All Colleges_MBA_Aryan V1.3 (INT 01)_ 1.4,180.69,1,1,0,0,181,1,0,-,-,-,0%,0
Meta Ads,,FaceBook_University_Admit,2026-04-10,F_UA1_All Colleges_MBA_Aryan v1.3,F_UA1_All Colleges_MBA_Aryan V1.3 (INT 01)_ 1.1,662.76,9,8,0,0,74,1,0,-,-,-,11%,0
Meta Ads,,FaceBook_University_Admit,2026-04-10,F_UA1_All Colleges_MBA_Aryan v1.1,F_UA1_All Colleges_MBA_Aryan (INT 03)_ 1.3,564.85,4,4,0,0,141,1,0,-,-,-,0%,0
Meta Ads,,FaceBook_University_Admit,2026-04-10,F_UA1_FEB_MBA_Aryan v1.4,F_UA1_FEB_MBA_Aryan (INT 01)_ 1.1,359.98,5,4,0,0,72,1,0,-,-,-,20%,0
Meta Ads,,FaceBook_University_Admit,2026-04-10,F_UA1_FEB_MBA_Aryan v1.4,F_UA1_FEB_MBA_Aryan (INT 01)_ 1.2,3.75,,,0,0,4,,0,-,-,-,0%,0
Meta Ads,,FaceBook_University_Admit,2026-04-10,F_UA1_FEB_MBA_Aryan v1.4,F_UA1_FEB_MBA_Aryan (INT 01)_ 1.1 – Copy,0.04,,,0,0,0,,0,-,-,-,0%,0
Meta Ads,,FaceBook_University_Admit,2026-04-10,F_UA1_FEB_MBA_Aryan v1.5,F_UA1_FEB_MBA_Aryan v1.5 C1.1,11.85,1,1,0,0,12,1,0,-,-,-,0%,0
Meta Ads,,FaceBook_University_Admit,2026-04-10,F_UA1_FEB_MBA_Aryan v1.5,F_UA1_FEB_MBA_Aryan v1.5 C1.3,1000.43,10,7,0,0,100,1,0,-,-,-,30%,0
Meta Ads,,FaceBook_Degreefyd_B,2026-04-10,Galgotias_Lead_2026,Galgotias_Leads_2026_P_Ad_01,2109.12,26,25,0,0,81,1,0,-,-,-,4%,0
Meta Ads,,FaceBook_Degreefyd_B,2026-04-10,IGNOU_Online_Courses_Admission_DFYD,IGNOU_Online_Courses_Admission_DFYD_Delhi_NCR_Ad01,523.33,23,22,0,0,23,1,0,-,-,-,4%,0
Meta Ads,,FaceBook_Degreefyd_B,2026-04-10,IGNOU_Online_Courses_Admission_DFYD,IGNOU_Online_Courses_Admission_DFYD_Rest_Ad01,714.8,29,27,0,0,25,1,0,-,-,-,7%,0
Meta Ads,,FaceBook_Degreefyd_B,2026-04-10,Online_MBA_LPU,Online_MBA_LPU_CR3,108.11,,,0,0,108,,0,-,-,-,0%,0
Meta Ads,,FaceBook_Degreefyd_B,2026-04-10,Online_MBA_LPU,Online_MBA_LPU_CR1,62.67,2,1,0,0,31,2,0,-,-,-,50%,0
Meta Ads,,FaceBook_Degreefyd_B,2026-04-10,Online_MBA_Chandigarh_Uni,Online_MBA_Chandigarh_Uni_CR1,179.4,2,2,0,0,90,1,0,-,-,-,0%,0
Meta Ads,,FaceBook_Degreefyd_B,2026-04-10,Online_MBA_Guide,Online_MBA_Guide_int_Ad_CR06,118.76,,,0,0,119,,0,-,-,-,0%,0
Meta Ads,,FaceBook_Degreefyd_B,2026-04-10,Online_MBA_Guide,Online_MBA_Guide_int_Ad_CR05,26.79,,,0,0,27,,0,-,-,-,0%,0
Meta Ads,,FaceBook_Degreefyd_B,2026-04-10,Online_MBA_Guide,Online_MBA_Guide_int_Ad_CR03,110.18,2,2,0,0,55,1,0,-,-,-,0%,0
Meta Ads,,FaceBook_Degreefyd_B,2026-04-10,Online_MBA_Guide,Online_MBA_Guide_int_Ad_CR01,6.79,,,0,0,7,,0,-,-,-,0%,0
Meta Ads,,FaceBook_Degreefyd_B,2026-04-10,Online_MBA_Guide,Online_MBA_Guide_int_Ad_CR04,21.01,,,0,0,21,,0,-,-,-,0%,0
Meta Ads,,FaceBook_Degreefyd_B,2026-04-10,Online_MBA_Guide,Online_MBA_Guide_int_Ad_CR02,9.1,,,0,0,9,,0,-,-,-,0%,0
Google Ads,DSA,Degreefyd_Generic_Regular,2026-04-10,DSA_Admission_Online_Distance,23349276370,2813.5,97.45,88,1,0,29,1,0,2813.5,-,-,10%,0
Google Ads,Brand,Amity_Partner_001,2026-04-10,Partner_Amity_Online_2026,23228113322,7496.45,28,23,0,0,268,1,0,-,-,-,18%,0
Google Ads,Brand,EP_Partner_Amity_Online_DFYD,2026-04-10,Amity_Online_Admission_MBA,23659350616,1040.96,4,4,0,0,260,1,0,-,-,-,0%,0
Meta Ads,,FaceBook_University_Admit,2026-04-12,F_UA1_FEB_MBA_Aryan v1.4,F_UA1_FEB_MBA_Aryan (INT 01)_ 1.1,679,9,6,0,0,75,2,0,-,-,-,33%,0
Meta Ads,,FaceBook_University_Admit,2026-04-12,F_UA1_FEB_MBA_Aryan v1.4,F_UA1_FEB_MBA_Aryan (INT 01)_ 1.2,4.57,,,0,0,5,,0,-,-,-,0%,0
Meta Ads,,FaceBook_University_Admit,2026-04-12,F_UA1_FEB_MBA_Aryan v1.4,F_UA1_FEB_MBA_Aryan (INT 01)_ 1.1 – Copy,0,,,0,0,0,,0,-,-,-,0%,0
Meta Ads,,FaceBook_Degreefyd_B,2026-04-12,Online_MBA_LPU,Online_MBA_LPU_CR3,0.3,,,0,0,0,,0,-,-,-,0%,0
Meta Ads,,FaceBook_Degreefyd_B,2026-04-12,Online_MBA_LPU,Online_MBA_LPU_CR1,209.8,1,1,0,0,210,1,0,-,-,-,0%,0
Meta Ads,,FaceBook_Degreefyd_B,2026-04-12,Online_MBA_Chandigarh_Uni,Online_MBA_Chandigarh_Uni_CR2,40.85,1,1,0,0,41,1,0,-,-,-,0%,0
Meta Ads,,FaceBook_Degreefyd_B,2026-04-12,Online_MBA_Chandigarh_Uni,Online_MBA_Chandigarh_Uni_CR1,177.51,,,0,0,178,,0,-,-,-,0%,0
Meta Ads,,FaceBook_Degreefyd_B,2026-04-12,Online_MBA_Guide,Online_MBA_Guide_int_Ad_CR06,51.24,1,1,0,0,51,1,0,-,-,-,0%,0
Meta Ads,,FaceBook_Degreefyd_B,2026-04-12,Online_MBA_Guide,Online_MBA_Guide_int_Ad_CR03,192.42,1,1,0,0,192,1,0,-,-,-,0%,0
Meta Ads,,FaceBook_Degreefyd_B,2026-04-12,Galgotias_Lead_2026,Galgotias_Leads_2026_P_Ad_01,1871.02,22,22,0,0,85,1,0,-,-,-,0%,0
Meta Ads,,FaceBook_Degreefyd_B,2026-04-12,IGNOU_Online_Courses_Admission_DFYD,IGNOU_Online_Courses_Admission_DFYD_Delhi_NCR_Ad01,572.17,21,20,1,0,27,1,0,572.17,-,-,5%,0
Meta Ads,,FaceBook_Degreefyd_B,2026-04-12,IGNOU_Online_Courses_Admission_DFYD,IGNOU_Online_Courses_Admission_DFYD_Rest_Ad01,800.12,31,30,0,0,26,1,0,-,-,-,3%,0
Meta Ads,,FaceBook_University_Admit,2026-04-11,F_UA1_FEB_MBA_Aryan v1.4,F_UA1_FEB_MBA_Aryan (INT 01)_ 1.1,573.29,11,10,0,0,52,1,0,-,-,-,9%,0
Meta Ads,,FaceBook_University_Admit,2026-04-11,F_UA1_FEB_MBA_Aryan v1.4,F_UA1_FEB_MBA_Aryan (INT 01)_ 1.2,26.35,,,0,0,26,,0,-,-,-,0%,0
Meta Ads,,FaceBook_Degreefyd_B,2026-04-11,Galgotias_Lead_2026,Galgotias_Leads_2026_P_Ad_01,1720.21,23,20,0,0,75,1,0,-,-,-,13%,0
Meta Ads,,FaceBook_Degreefyd_B,2026-04-11,IGNOU_Online_Courses_Admission_DFYD,IGNOU_Online_Courses_Admission_DFYD_Delhi_NCR_Ad01,473.41,14,13,0,0,34,1,0,-,-,-,7%,0
Meta Ads,,FaceBook_Degreefyd_B,2026-04-11,IGNOU_Online_Courses_Admission_DFYD,IGNOU_Online_Courses_Admission_DFYD_Rest_Ad01,643.01,28,27,0,0,23,1,0,-,-,-,4%,0
Google Ads,Brand,EP_Partner_Amity_Online_DFYD,2026-04-11,Amity_Online_Admission_MBA,23659350616,829.8,3,3,2,1,277,1,14770,414.9,829.8,5.62%,0%,73850.35
Google Ads,DSA,Degreefyd_Generic_Regular,2026-04-11,DSA_Admission_Online_Distance,23349276370,2877.86,123.65,109,2,2,23,1,11431,1438.93,1438.93,25.18%,12%,87475.5
Google Ads,Brand,Amity_Partner_001,2026-04-11,Partner_Amity_Online_2026,23228113322,5031.12,24,21,2,2,210,1,66937.5,2515.56,2515.56,7.52%,13%,84437.5
Google Ads,DSA,Degreefyd_Generic_Regular,2026-04-12,DSA_Admission_Online_Distance,23349276370,2949.07,90.82,83,0,0,32,1,0,-,-,-,9%,0
Google Ads,Brand,Amity_Partner_001,2026-04-12,Partner_Amity_Online_2026,23228113322,4442.91,15,12,2,1,296,1,5715.5,2221.455,4442.91,77.73%,20%,43737.75
Google Ads,Brand,EP_Partner_Amity_Online_DFYD,2026-04-12,Amity_Online_Admission_MBA,23659350616,1026.76,0,0,0,0,1027,0,0,-,-,-,0%,0
Meta Ads,,FaceBook_University_Admit,2026-04-13,F_UA1_FEB_MBA_Aryan v1.4,F_UA1_FEB_MBA_Aryan (INT 01)_ 1.1,948.71,14,12,0,0,68,1,0,-,-,-,14%,0
Meta Ads,,FaceBook_University_Admit,2026-04-13,F_UA1_FEB_MBA_Aryan v1.4,F_UA1_FEB_MBA_Aryan (INT 01)_ 1.2,3.45,,,0,0,3,,0,-,-,-,0%,0
Meta Ads,,FaceBook_University_Admit,2026-04-13,F_UA1_FEB_MBA_Aryan v1.4,F_UA1_FEB_MBA_Aryan (INT 01)_ 1.1 – Copy,0.16,,,0,0,0,,0,-,-,-,0%,0
Meta Ads,,FaceBook_University_Admit,2026-04-13,F_UA1_FEB_MBA_Aryan v1.6,F_UA1_FEB_MBA_Aryan v1.6 C01,1.2,,,0,0,1,,0,-,-,-,0%,0
Meta Ads,,FaceBook_University_Admit,2026-04-13,F_UA1_FEB_MBA_Aryan v1.6,F_UA1_FEB_MBA_Aryan v1.6 C02,70.43,,,0,0,70,,0,-,-,-,0%,0
Meta Ads,,FaceBook_Degreefyd_B,2026-04-13,Galgotias_Lead_2026,Galgotias_Leads_2026_P_Ad_01,1900.85,26,23,0,0,73,1,0,-,-,-,12%,0
Meta Ads,,FaceBook_Degreefyd_B,2026-04-13,IGNOU_Online_Courses_Admission_DFYD,IGNOU_Online_Courses_Admission_DFYD_Delhi_NCR_Ad01,550.69,9,9,0,0,61,1,0,-,-,-,0%,0
Meta Ads,,FaceBook_Degreefyd_B,2026-04-13,IGNOU_Online_Courses_Admission_DFYD,IGNOU_Online_Courses_Admission_DFYD_Rest_Ad01,745.31,36,36,1,0,21,1,0,745.31,-,-,0%,0
Google Ads,DSA,Degreefyd_Generic_Regular,2026-04-13,DSA_Admission_Online_Distance,23349276370,2324.97,93.45,86,0,0,25,1,0,-,-,-,8%,0
Google Ads,Brand,EP_Partner_Amity_Online_DFYD,2026-04-13,Amity_Online_Admission_MBA,23659350616,1036.33,1,1,0,0,1036,1,0,-,-,-,0%,0
Google Ads,Brand,Amity_Partner_001,2026-04-13,Partner_Amity_Online_2026,23228113322,3885.49,9,9,1,0,432,1,0,3885.49,-,-,0%,0
Meta Ads,,FaceBook_University_Admit,2026-04-14,F_UA1_FEB_MBA_Aryan v1.4,F_UA1_FEB_MBA_Aryan (INT 01)_ 1.1,933.8,15,15,0,0,62,1,0,-,-,-,0%,0
Meta Ads,,FaceBook_University_Admit,2026-04-14,F_UA1_FEB_MBA_Aryan v1.4,F_UA1_FEB_MBA_Aryan (INT 01)_ 1.1 – Copy,0.01,,,0,0,0,,0,-,-,-,0%,0
Meta Ads,,FaceBook_University_Admit,2026-04-14,F_UA1_FEB_MBA_Aryan v1.6,F_UA1_FEB_MBA_Aryan v1.6 C01,0.22,,,0,0,0,,0,-,-,-,0%,0
Meta Ads,,FaceBook_University_Admit,2026-04-14,F_UA1_FEB_MBA_Aryan v1.6,F_UA1_FEB_MBA_Aryan v1.6 C02,1025.31,3,2,0,0,342,2,0,-,-,-,33%,0
Meta Ads,,FaceBook_University_Admit,2026-04-14,F_UA1_FEB_MBA_Aryan v1.6,F_UA1_FEB_MBA_Aryan v1.6 C03,12.62,,,0,0,13,,0,-,-,-,0%,0
Meta Ads,,FaceBook_Degreefyd_B,2026-04-14,Online_MBA_LPU,Online_MBA_LPU_CR1,257.39,,,0,0,257,,0,-,-,-,0%,0
Meta Ads,,FaceBook_Degreefyd_B,2026-04-14,Online_MBA_Chandigarh_Uni,Online_MBA_Chandigarh_Uni_CR1,195.99,2,,0,0,98,2,0,-,-,-,100%,0
Meta Ads,,FaceBook_Degreefyd_B,2026-04-14,Online_MBA_Guide,Online_MBA_Guide_int_Ad_CR06,93.12,,,0,0,93,,0,-,-,-,0%,0
Meta Ads,,FaceBook_Degreefyd_B,2026-04-14,Online_MBA_Guide,Online_MBA_Guide_int_Ad_CR03,131.51,,,0,0,132,,0,-,-,-,0%,0
Meta Ads,,FaceBook_Degreefyd_B,2026-04-14,Galgotias_Lead_2026,Galgotias_Leads_2026_P_Ad_01,1251.98,16,15,1,1,78,1,17500,1251.98,1251.98,7.15%,6%,35000
Meta Ads,,FaceBook_Degreefyd_B,2026-04-14,IGNOU_Online_Courses_Admission_DFYD,IGNOU_Online_Courses_Admission_DFYD_Delhi_NCR_Ad01,277.09,11,11,0,0,25,1,0,-,-,-,0%,0
Meta Ads,,FaceBook_Degreefyd_B,2026-04-14,IGNOU_Online_Courses_Admission_DFYD,IGNOU_Online_Courses_Admission_DFYD_Rest_Ad01,371.66,13,12,0,0,29,1,0,-,-,-,8%,0
Google Ads,Brand,Amity_Partner_001,2026-04-14,Partner_Amity_Online_2026,23228113322,4154.55,23,15,0,0,181,2,0,-,-,-,35%,0
Google Ads,Brand,EP_Partner_Amity_Online_DFYD,2026-04-14,Amity_Online_Admission_MBA,23659350616,964.58,0,,0,0,965,0,0,-,-,-,0%,0
Google Ads,DSA,Degreefyd_Generic_Regular,2026-04-14,DSA_Admission_Online_Distance,23349276370,2503.05,103.49,91,0,0,24,1,0,-,-,-,12%,0
Meta Ads,,FaceBook_University_Admit,2026-04-15,F_UA1_FEB_MBA_Aryan v1.4,F_UA1_FEB_MBA_Aryan (INT 01)_ 1.1,1161.75,14,15,0,0,83,1,0,-,-,-,-7%,0
Meta Ads,,FaceBook_University_Admit,2026-04-15,F_UA1_FEB_MBA_Aryan v1.4,F_UA1_FEB_MBA_Aryan (INT 01)_ 1.1 – Copy,0,,,0,0,0,,0,-,-,-,0%,0
Meta Ads,,FaceBook_University_Admit,2026-04-15,F_UA1_FEB_MBA_Aryan v1.6,F_UA1_FEB_MBA_Aryan v1.6 C01,57,,,0,0,57,,0,-,-,-,0%,0
Meta Ads,,FaceBook_University_Admit,2026-04-15,F_UA1_FEB_MBA_Aryan v1.6,F_UA1_FEB_MBA_Aryan v1.6 C02,692.19,3,1,0,0,231,3,0,-,-,-,67%,0
Meta Ads,,FaceBook_University_Admit,2026-04-15,F_UA1_FEB_MBA_Aryan v1.6,F_UA1_FEB_MBA_Aryan v1.6 C03,2.54,,,0,0,3,,0,-,-,-,0%,0
Meta Ads,,FaceBook_University_Admit,2026-04-15,F_UA1_FEB_MBA_Aryan v1.7–,F_UA1_FEB_MBA_Aryan v1.7 (INT 01),398.78,,,0,0,399,,0,-,-,-,0%,0
Meta Ads,,FaceBook_University_Admit,2026-04-15,F_UA1_FEB_MBA_Aryan v1.7–,F_UA1_FEB_MBA_Aryan v1.7 (INT 01)_ 1.1,31.95,,,0,0,32,,0,-,-,-,0%,0
Meta Ads,,FaceBook_University_Admit,2026-04-15,F_UA1_FEB_MBA_Aryan eBOOK,F_UA1_FEB_MBA_Aryan EBOOK  (INT 01)_ 1.1,321.27,1,1,0,0,321,1,0,-,-,-,0%,0
Meta Ads,,FaceBook_University_Admit,2026-04-15,F_UA1_FEB_MBA_Aryan eBOOK,F_UA1_FEB_MBA_Aryan EBOOK  (INT 01)_ 1.2,4.26,,,0,0,4,,0,-,-,-,0%,0
Meta Ads,,FaceBook_University_Admit,2026-04-15,F_UA1_FEB_MBA_Aryan eBOOK,F_UA1_FEB_MBA_Aryan EBOOK  (INT 01)_ 1.1 – Copy,316.09,,,0,0,316,,0,-,-,-,0%,0
Meta Ads,,FaceBook_Degreefyd_B,2026-04-15,Galgotias_Lead_2026,Galgotias_Leads_2026_P_Ad_01,1927.81,34,30,0,0,57,1,0,-,-,-,12%,0
Meta Ads,,FaceBook_Degreefyd_B,2026-04-15,IGNOU_Online_Courses_Admission_DFYD,IGNOU_Online_Courses_Admission_DFYD_Delhi_NCR_Ad01,632.44,15,15,0,0,42,1,0,-,-,-,0%,0
Meta Ads,,FaceBook_Degreefyd_B,2026-04-15,IGNOU_Online_Courses_Admission_DFYD,IGNOU_Online_Courses_Admission_DFYD_Rest_Ad01,847.32,41,38,1,1,21,1,15487.5,847.32,847.32,5.47%,7%,46462.5
Google Ads,Brand,EP_Partner_Amity_Online_DFYD,2026-04-15,Amity_Online_Admission_MBA,23659350616,1189.14,1,1,0,0,1189,1,0,-,-,-,0%,0
Google Ads,DSA,Degreefyd_Generic_Regular,2026-04-15,DSA_Admission_Online_Distance,23349276370,2121.47,79.98,72,2,1,27,1,26250,1060.735,2121.47,8.08%,10%,26250
Google Ads,Brand,Amity_Partner_001,2026-04-15,Partner_Amity_Online_2026,23228113322,4216.23,18,13,2,2,234,1,29722,2108.115,2108.115,14.19%,28%,124936
Meta Ads,,FaceBook_University_Admit,2026-04-16,F_UA1_FEB_MBA_Aryan v1.4,F_UA1_FEB_MBA_Aryan (INT 01)_ 1.1,1185.6,10,10,1,0,119,1,0,1185.6,-,-,0%,0
Meta Ads,,FaceBook_University_Admit,2026-04-16,F_UA1_FEB_MBA_Aryan v1.4,F_UA1_FEB_MBA_Aryan (INT 01)_ 1.1 – Copy,0.06,,,0,0,0,,0,-,-,-,0%,0
Meta Ads,,FaceBook_University_Admit,2026-04-16,F_UA1_FEB_MBA_Aryan v1.6,F_UA1_FEB_MBA_Aryan v1.6 C01,10.83,,,0,0,11,,0,-,-,-,0%,0
Meta Ads,,FaceBook_University_Admit,2026-04-16,F_UA1_FEB_MBA_Aryan v1.6,F_UA1_FEB_MBA_Aryan v1.6 C02,783.51,2,1,0,0,392,2,0,-,-,-,50%,0
Meta Ads,,FaceBook_University_Admit,2026-04-16,F_UA1_FEB_MBA_Aryan v1.6,F_UA1_FEB_MBA_Aryan v1.6 C03,17.61,,,0,0,18,,0,-,-,-,0%,0
Meta Ads,,FaceBook_University_Admit,2026-04-16,F_UA1_FEB_MBA_Aryan v1.7–,F_UA1_FEB_MBA_Aryan v1.7 (INT 01),606.69,1,1,0,0,607,1,0,-,-,-,0%,0
Meta Ads,,FaceBook_University_Admit,2026-04-16,F_UA1_FEB_MBA_Aryan v1.7–,F_UA1_FEB_MBA_Aryan v1.7 (INT 01)_ 1.1,64.15,,,0,0,64,,0,-,-,-,0%,0
Meta Ads,,FaceBook_University_Admit,2026-04-16,F_UA1_FEB_MBA_Aryan eBOOK,F_UA1_FEB_MBA_Aryan EBOOK  (INT 01)_ 1.1,495.09,4,4,0,0,124,1,0,-,-,-,0%,0
Meta Ads,,FaceBook_University_Admit,2026-04-16,F_UA1_FEB_MBA_Aryan eBOOK,F_UA1_FEB_MBA_Aryan EBOOK  (INT 01)_ 1.1 – Copy,149.36,1,,0,0,149,1,0,-,-,-,100%,0
Meta Ads,,FaceBook_Degreefyd_B,2026-04-16,Galgotias_Lead_2026,Galgotias_Leads_2026_P_Ad_01,1751.6,26,24,0,0,67,1,0,-,-,-,8%,0
Meta Ads,,FaceBook_Degreefyd_B,2026-04-16,IGNOU_Online_Courses_Admission_DFYD,IGNOU_Online_Courses_Admission_DFYD_Delhi_NCR_Ad01,634.81,26,24,0,0,24,1,0,-,-,-,8%,0
Meta Ads,,FaceBook_Degreefyd_B,2026-04-16,IGNOU_Online_Courses_Admission_DFYD,IGNOU_Online_Courses_Admission_DFYD_Rest_Ad01,846.12,27,26,0,0,31,1,0,-,-,-,4%,0
Meta Ads,,FaceBook_Degreefyd_B,2026-04-16,Online_MBA_LPU,Online_MBA_LPU_CR1,162.7,,,0,0,163,,0,-,-,-,0%,0
Meta Ads,,FaceBook_Degreefyd_B,2026-04-16,Online_MBA_Chandigarh_Uni,Online_MBA_Chandigarh_Uni_CR2,0.58,,,0,0,1,,0,-,-,-,0%,0
Meta Ads,,FaceBook_Degreefyd_B,2026-04-16,Online_MBA_Chandigarh_Uni,Online_MBA_Chandigarh_Uni_CR1,217.39,,1,0,0,217,0,0,-,-,-,0%,0
Meta Ads,,FaceBook_Degreefyd_B,2026-04-16,Online_MBA_Guide,Online_MBA_Guide_int_Ad_CR06,84.75,,,0,0,85,,0,-,-,-,0%,0
Meta Ads,,FaceBook_Degreefyd_B,2026-04-16,Online_MBA_Guide,Online_MBA_Guide_int_Ad_CR03,160.67,,,0,0,161,,0,-,-,-,0%,0
Google Ads,Brand,Amity_Partner_001,2026-04-16,Partner_Amity_Online_2026,23228113322,4441.06,23,20,4,4,193,1,122305.4412,1110.265,1110.265,3.63%,13%,252396.2
Google Ads,DSA,Degreefyd_Generic_Regular,2026-04-16,DSA_Admission_Online_Distance,23349276370,1882.04,73.98,64,0,0,25,1,0,-,-,-,13%,0
Google Ads,Brand,EP_Partner_Amity_Online_DFYD,2026-04-16,Amity_Online_Admission_MBA,23659350616,498.48,0,1,0,0,498,0,0,-,-,-,0%,0
Meta Ads,,FaceBook_University_Admit,2026-04-17,F_UA1_FEB_MBA_Aryan v1.4,F_UA1_FEB_MBA_Aryan (INT 01)_ 1.1,1197.91,11,10,0,0,109,1,0,-,-,-,9%,0
Meta Ads,,FaceBook_University_Admit,2026-04-17,F_UA1_FEB_MBA_Aryan v1.4,F_UA1_FEB_MBA_Aryan (INT 01)_ 1.1 – Copy,0.06,,,0,0,0,,0,-,-,-,0%,0
Meta Ads,,FaceBook_University_Admit,2026-04-17,F_UA1_FEB_MBA_Aryan v1.6,F_UA1_FEB_MBA_Aryan v1.6 C02,775.72,,,0,0,776,,0,-,-,-,0%,0
Meta Ads,,FaceBook_University_Admit,2026-04-17,F_UA1_FEB_MBA_Aryan v1.7–,F_UA1_FEB_MBA_Aryan v1.7 (INT 01),646.27,3,1,0,0,215,3,0,-,-,-,67%,0
Meta Ads,,FaceBook_University_Admit,2026-04-17,F_UA1_FEB_MBA_Aryan eBOOK,F_UA1_FEB_MBA_Aryan EBOOK  (INT 01)_ 1.1,632.93,5,4,0,0,127,1,0,-,-,-,20%,0
Meta Ads,,FaceBook_Degreefyd_B,2026-04-17,Galgotias_Lead_2026,Galgotias_Leads_2026_P_Ad_01,1610.8,19,18,1,1,85,1,17500,1610.8,1610.8,9.20%,5%,35000
Meta Ads,,FaceBook_Degreefyd_B,2026-04-17,IGNOU_Online_Courses_Admission_DFYD,IGNOU_Online_Courses_Admission_DFYD_Delhi_NCR_Ad01,594.41,30,30,0,0,20,1,0,-,-,-,0%,0
Meta Ads,,FaceBook_Degreefyd_B,2026-04-17,IGNOU_Online_Courses_Admission_DFYD,IGNOU_Online_Courses_Admission_DFYD_Rest_Ad01,778.27,26,23,0,0,30,1,0,-,-,-,12%,0
Google Ads,DSA,Degreefyd_Generic_Regular,2026-04-17,DSA_Admission_Online_Distance,23349276370,2075.45,83.48,69,1,1,25,1,66167.5,2075.45,2075.45,3.14%,17%,66167.5
Google Ads,Brand,EP_Partner_Amity_Online_DFYD,2026-04-17,Amity_Online_Admission_MBA,23659350616,874.02,2,2,0,0,437,1,0,-,-,-,0%,0
Google Ads,Brand,Amity_Partner_001,2026-04-17,Partner_Amity_Online_2026,23228113322,3495.46,16,13,1,0,218,1,0,3495.46,-,-,19%,0
Meta Ads,,FaceBook_University_Admit,2026-04-18,F_UA1_FEB_MBA_Aryan v1.4,F_UA1_FEB_MBA_Aryan (INT 01)_ 1.1,914.25,14,14,3,2,65,1,149362.5,304.75,457.125,0.61%,0%,149362.5
Meta Ads,,FaceBook_University_Admit,2026-04-18,F_UA1_FEB_MBA_Aryan v1.4,F_UA1_FEB_MBA_Aryan (INT 01)_ 1.1 – Copy,0.02,,,0,0,0,,0,-,-,-,0%,0
Meta Ads,,FaceBook_University_Admit,2026-04-18,F_UA1_FEB_MBA_Aryan v1.6,F_UA1_FEB_MBA_Aryan v1.6 C02,588.26,1,1,0,0,588,1,0,-,-,-,0%,0
Meta Ads,,FaceBook_University_Admit,2026-04-18,F_UA1_FEB_MBA_Aryan v1.6,F_UA1_FEB_MBA_Aryan v1.6 C03,10.84,,,0,0,11,,0,-,-,-,0%,0
Meta Ads,,FaceBook_University_Admit,2026-04-18,F_UA1_FEB_MBA_Aryan v1.7–,F_UA1_FEB_MBA_Aryan v1.7 (INT 01),356.68,,,0,0,357,,0,-,-,-,0%,0
Meta Ads,,FaceBook_University_Admit,2026-04-18,F_UA1_FEB_MBA_Aryan eBOOK,F_UA1_FEB_MBA_Aryan EBOOK  (INT 01)_ 1.1,249.49,3,3,0,0,83,1,0,-,-,-,0%,0
Meta Ads,,FaceBook_University_Admit,2026-04-18,F_UA1_FEB_MBA_Aryan eBOOK,F_UA1_FEB_MBA_Aryan EBOOK  (INT 01)_ 1.2,1.2,,,0,0,1,,0,-,-,-,0%,0
Meta Ads,,FaceBook_Degreefyd_B,2026-04-18,Galgotias_Lead_2026,Galgotias_Leads_2026_P_Ad_01,1567.66,23,23,1,1,68,1,17500,1567.66,1567.66,8.96%,0%,35000
Meta Ads,,FaceBook_Degreefyd_B,2026-04-18,IGNOU_Online_Courses_Admission_DFYD,IGNOU_Online_Courses_Admission_DFYD_Delhi_NCR_Ad01,517.64,14,14,0,0,37,1,0,-,-,-,0%,0
Meta Ads,,FaceBook_Degreefyd_B,2026-04-18,IGNOU_Online_Courses_Admission_DFYD,IGNOU_Online_Courses_Admission_DFYD_Rest_Ad01,581.78,23,22,0,0,25,1,0,-,-,-,4%,0
Meta Ads,,FaceBook_Degreefyd_B,2026-04-18,UG_Online_Admission_2026 _SF,UG_Online_Admission_SF_Ad_Set01_Ad01,49.88,1,,0,0,50,1,0,-,-,-,100%,0
Meta Ads,,FaceBook_Degreefyd_B,2026-04-18,UG_Online_Admission_2026 _SF,UG_Online_Admission_SF_Ad_Set01_Ad02,92.28,1,,0,0,92,1,0,-,-,-,100%,0
Meta Ads,,FaceBook_Degreefyd_B,2026-04-18,Online_MBA_Chandigarh_Uni,Online_MBA_Chandigarh_Uni_CR1,321.97,4,4,0,0,80,1,0,-,-,-,0%,0
Meta Ads,,FaceBook_Degreefyd_B,2026-04-18,Online_MBA_Guide,Online_MBA_Guide_int_Ad_CR06,147.19,,,0,0,147,,0,-,-,-,0%,0
Meta Ads,,FaceBook_Degreefyd_B,2026-04-18,Online_MBA_Guide,Online_MBA_Guide_int_Ad_CR03,217.22,1,1,0,0,217,1,0,-,-,-,0%,0
Google Ads,Brand,EP_Partner_Amity_Online_DFYD,2026-04-18,Amity_Online_Admission_MBA,23659350616,322.18,0,,0,0,322,0,0,-,-,-,0%,0
Google Ads,Brand,Amity_Partner_001,2026-04-18,Partner_Amity_Online_2026,23228113322,2760.89,19,14,6,1,145,1,46235,460.1483333,2760.89,5.97%,26%,46235
Google Ads,DSA,Degreefyd_Generic_Regular,2026-04-18,DSA_Admission_Online_Distance,23349276370,1381.8,47.5,42,2,1,29,1,9500,690.9,1381.8,14.55%,12%,19000
Meta Ads,,FaceBook_University_Admit,2026-04-19,F_UA1_FEB_MBA_Aryan v1.4,F_UA1_FEB_MBA_Aryan (INT 01)_ 1.1,1270.62,11,8,0,0,116,1,0,-,-,-,27%,0
Meta Ads,,FaceBook_University_Admit,2026-04-19,F_UA1_FEB_MBA_Aryan v1.4,F_UA1_FEB_MBA_Aryan (INT 01)_ 1.1 – Copy,0.05,,,0,0,0,,0,-,-,-,0%,0
Meta Ads,,FaceBook_University_Admit,2026-04-19,F_UA1_FEB_MBA_Aryan eBOOK,F_UA1_FEB_MBA_Aryan EBOOK  (INT 01)_ 1.1,473.61,5,4,0,0,95,1,0,-,-,-,20%,0
Meta Ads,,FaceBook_Degreefyd_B,2026-04-19,Galgotias_Lead_2026,Galgotias_Leads_2026_P_Ad_01,1674.43,25,26,0,0,67,1,0,-,-,-,-4%,0
Meta Ads,,FaceBook_Degreefyd_B,2026-04-19,IGNOU_Online_Courses_Admission_DFYD,IGNOU_Online_Courses_Admission_DFYD_Delhi_NCR_Ad01,679.7,13,10,0,0,52,1,0,-,-,-,23%,0
Meta Ads,,FaceBook_Degreefyd_B,2026-04-19,IGNOU_Online_Courses_Admission_DFYD,IGNOU_Online_Courses_Admission_DFYD_Rest_Ad01,485.89,21,20,1,0,23,1,0,485.89,-,-,5%,0
Meta Ads,,FaceBook_Degreefyd_B,2026-04-19,UG_Online_Admission_2026 _SF,UG_Online_Admission_SF_Ad_Set01_Ad01,119.82,2,,0,0,60,2,0,-,-,-,100%,0
Meta Ads,,FaceBook_Degreefyd_B,2026-04-19,UG_Online_Admission_2026 _SF,UG_Online_Admission_SF_Ad_Set01_Ad02,196.63,5,,0,0,39,5,0,-,-,-,100%,0
Google Ads,Brand,Amity_Partner_001,2026-04-19,Partner_Amity_Online_2026,23228113322,4911.78,24,21,0,0,205,1,0,-,-,-,13%,0
Google Ads,Brand,EP_Partner_Amity_Online_DFYD,2026-04-19,Amity_Online_Admission_MBA,23659350616,455.86,1,1,0,0,456,1,0,-,-,-,0%,0
Google Ads,DSA,Degreefyd_Generic_Regular,2026-04-19,DSA_Admission_Online_Distance,23349276370,1125.83,50.99,49,0,0,22,1,0,-,-,-,4%,0
Meta Ads,,FaceBook_University_Admit,2026-04-20,F_UA1_FEB_MBA_Aryan v1.4,F_UA1_FEB_MBA_Aryan (INT 01)_ 1.1,1217.94,17,14,0,0,72,1,0,-,-,-,18%,0
Meta Ads,,FaceBook_University_Admit,2026-04-20,F_UA1_FEB_MBA_Aryan v1.4,F_UA1_FEB_MBA_Aryan (INT 01)_ 1.1 – Copy,0.04,,,0,0,0,,0,-,-,-,0%,0
Meta Ads,,FaceBook_University_Admit,2026-04-20,F_UA1_FEB_MBA_Aryan eBOOK,F_UA1_FEB_MBA_Aryan EBOOK  (INT 01)_ 1.1,675.99,6,6,0,0,113,1,0,-,-,-,0%,0
Meta Ads,,FaceBook_University_Admit,2026-04-20,F_UA1_FEB_MBA_Aryan eBOOK,F_UA1_FEB_MBA_Aryan EBOOK  (INT 01)_ 1.2,0.04,,,0,0,0,,0,-,-,-,0%,0
Meta Ads,,FaceBook_Degreefyd_B,2026-04-20,Galgotias_Lead_2026,Galgotias_Leads_2026_P_Ad_01,1896.12,29,27,0,0,65,1,0,-,-,-,7%,0
Meta Ads,,FaceBook_Degreefyd_B,2026-04-20,IGNOU_Online_Courses_Admission_DFYD,IGNOU_Online_Courses_Admission_DFYD_Delhi_NCR_Ad01,748.95,22,20,0,0,34,1,0,-,-,-,9%,0
Meta Ads,,FaceBook_Degreefyd_B,2026-04-20,IGNOU_Online_Courses_Admission_DFYD,IGNOU_Online_Courses_Admission_DFYD_Rest_Ad01,529.65,22,20,0,0,24,1,0,-,-,-,9%,0
Meta Ads,,FaceBook_Degreefyd_B,2026-04-20,UG_Online_Admission_2026 _SF,UG_Online_Admission_SF_Ad_Set01_Ad01,222.93,3,,0,0,74,3,0,-,-,-,100%,0
Meta Ads,,FaceBook_Degreefyd_B,2026-04-20,UG_Online_Admission_2026 _SF,UG_Online_Admission_SF_Ad_Set01_Ad02,211.95,1,,0,0,212,1,0,-,-,-,100%,0
Meta Ads,,FaceBook_Degreefyd_B,2026-04-20,Online_MBA_Chandigarh_Uni,Online_MBA_Chandigarh_Uni_CR1,244.8,,,0,0,245,,0,-,-,-,0%,0
Meta Ads,,FaceBook_Degreefyd_B,2026-04-20,Online_MBA_Guide,Online_MBA_Guide_int_Ad_CR06,118,,,0,0,118,,0,-,-,-,0%,0
Meta Ads,,FaceBook_Degreefyd_B,2026-04-20,Online_MBA_Guide,Online_MBA_Guide_int_Ad_CR03,267.67,1,1,0,0,268,1,0,-,-,-,0%,0
Google Ads,Brand,EP_Partner_Amity_Online_DFYD,2026-04-20,Amity_Online_Admission_MBA,23659350616,3252.65,0,,0,0,3253,0,0,-,-,-,0%,0
Google Ads,Brand,Amity_Partner_001,2026-04-20,Partner_Amity_Online_2026,23228113322,3775.08,19,14,1,0,199,1,0,3775.08,-,-,26%,0
Google Ads,Brand,Degreefyd_Generic_Online_IU,2026-04-20,Shoolini_Online,23767340817,573.54,0,,0,0,574,0,0,-,-,-,0%,0
Google Ads,Brand,Degreefyd_Generic_Online_IU,2026-04-20,VGU_Online_V1,23772025619,227.09,0,,0,0,227,0,0,-,-,-,0%,0
Google Ads,Brand,Degreefyd_Generic_Online_IU,2026-04-20,GLA_Online_V1,23772157658,586.96,0,,0,0,587,0,0,-,-,-,0%,0
Google Ads,DSA,Degreefyd_Generic_Regular,2026-04-20,DSA_Admission_Online_Distance,23349276370,931.66,49,43,0,0,19,1,0,-,-,-,12%,0
Meta Ads,,FaceBook_University_Admit,2026-04-21,F_UA1_FEB_MBA_Aryan v1.4,F_UA1_FEB_MBA_Aryan (INT 01)_ 1.1,1395.73,17,16,0,0,82,1,0,-,-,-,6%,0
Meta Ads,,FaceBook_University_Admit,2026-04-21,F_UA1_FEB_MBA_Aryan v1.4,F_UA1_FEB_MBA_Aryan (INT 01)_ 1.1 – Copy,0.06,,,0,0,0,,0,-,-,-,0%,0
Meta Ads,,FaceBook_University_Admit,2026-04-21,F_UA1_FEB_MBA_Aryan eBOOK,F_UA1_FEB_MBA_Aryan EBOOK  (INT 01)_ 1.1,608.45,7,7,0,0,87,1,0,-,-,-,0%,0
Meta Ads,,FaceBook_University_Admit,2026-04-21,F_UA1_FEB_MBA_Aryan eBOOK,F_UA1_FEB_MBA_Aryan EBOOK  (INT 01)_ 1.2,0.67,,,0,0,1,,0,-,-,-,0%,0
Meta Ads,,FaceBook_University_Admit,2026-04-21,FUA1_MBA_April_LAL,FUA1_MBA_April_LAL INT 01_C01,298.97,,,0,0,299,,0,-,-,-,0%,0
Meta Ads,,FaceBook_University_Admit,2026-04-21,FUA1_MBA_April_LAL,FUA1_MBA_April_LAL INT 01_C02,336.97,1,1,0,0,337,1,0,-,-,-,0%,0
Meta Ads,,FaceBook_University_Admit,2026-04-21,FUA1_MBA_April_LAL,FUA1_MBA_April_LAL INT 01_C03,160.05,,,0,0,160,,0,-,-,-,0%,0
Meta Ads,,FaceBook_University_Admit,2026-04-21,FUA1_MBA_April_LAL,FUA1_MBA_April_LAL INT 01_C04,254.98,,,0,0,255,,0,-,-,-,0%,0
Meta Ads,,FaceBook_University_Admit,2026-04-21,FUA1_MBA_April_LAL,FUA1_MBA_April_LAL INT01_C05,43.92,,,0,0,44,,0,-,-,-,0%,0
Meta Ads,,FaceBook_Degreefyd_B,2026-04-21,Galgotias_Lead_2026,Galgotias_Leads_2026_P_Ad_01,1803.51,28,27,0,0,64,1,0,-,-,-,4%,0
Meta Ads,,FaceBook_Degreefyd_B,2026-04-21,IGNOU_Online_Courses_Admission_DFYD,IGNOU_Online_Courses_Admission_DFYD_Delhi_NCR_Ad01,749.27,23,21,2,2,33,1,63895.96,374.635,374.635,1.17%,9%,98970
Meta Ads,,FaceBook_Degreefyd_B,2026-04-21,IGNOU_Online_Courses_Admission_DFYD,IGNOU_Online_Courses_Admission_DFYD_Rest_Ad01,505.74,10,10,0,0,51,1,0,-,-,-,0%,0
Meta Ads,,FaceBook_Degreefyd_B,2026-04-21,UG_Online_Admission_2026 _SF,UG_Online_Admission_SF_Ad_Set01_Ad01,200.03,4,,0,0,50,4,0,-,-,-,100%,0
Meta Ads,,FaceBook_Degreefyd_B,2026-04-21,UG_Online_Admission_2026 _SF,UG_Online_Admission_SF_Ad_Set01_Ad02,131.86,2,,0,0,66,2,0,-,-,-,100%,0
Google Ads,Brand,Amity_Partner_001,2026-04-21,Partner_Amity_Online_2026,23228113322,3940.81,17,17,3,2,232,1,62867,1313.603333,1970.405,6.27%,0%,129600.3333
Google Ads,Brand,EP_Partner_Amity_Online_DFYD,2026-04-21,Amity_Online_Admission_MBA,23659350616,1871.75,0,1,0,0,1872,0,0,-,-,-,0%,0
Google Ads,Brand,Degreefyd_Generic_Online_IU,2026-04-21,Shoolini_Online,23767340817,467.63,0,,0,0,468,0,0,-,-,-,0%,0
Google Ads,Brand,Degreefyd_Generic_Online_IU,2026-04-21,VGU_Online_V1,23772025619,679.34,0,,0,0,679,0,0,-,-,-,0%,0
Google Ads,Brand,Degreefyd_Generic_Online_IU,2026-04-21,GLA_Online_V1,23772157658,412,0,,0,0,412,0,0,-,-,-,0%,0
Google Ads,DSA,Degreefyd_Generic_Regular,2026-04-21,DSA_Admission_Online_Distance,23349276370,1020.87,53.92,46,0,0,19,1,0,-,-,-,15%,0
Meta Ads,,FaceBook_University_Admit,2026-04-22,F_UA01_{UG All Colleges V03.1},F_UA01_{UG All Colleges 3.1} {INT 01} {C1.3},1404.26,9,7,0,0,156,1,0,-,-,-,22%,0
Meta Ads,,FaceBook_University_Admit,2026-04-22,F_UA1_FEB_MBA_Aryan v1.4,F_UA1_FEB_MBA_Aryan (INT 01)_ 1.1,1320.6,16,15,1,1,83,1,26775,1320.6,1320.6,4.93%,6%,58275
Meta Ads,,FaceBook_University_Admit,2026-04-22,F_UA1_FEB_MBA_Aryan v1.4,F_UA1_FEB_MBA_Aryan (INT 01)_ 1.1 – Copy,0.04,,,0,0,0,,0,-,-,-,0%,0
Meta Ads,,FaceBook_University_Admit,2026-04-22,F_UA1_FEB_MBA_Aryan eBOOK,F_UA1_FEB_MBA_Aryan EBOOK  (INT 01)_ 1.1,252.01,1,4,0,0,252,0,0,-,-,-,-300%,0
Meta Ads,,FaceBook_University_Admit,2026-04-22,F_UA1_FEB_MBA_Aryan eBOOK,F_UA1_FEB_MBA_Aryan EBOOK  (INT 01)_ 1.1 – Copy,2.04,,,0,0,2,,0,-,-,-,0%,0
Meta Ads,,FaceBook_University_Admit,2026-04-22,FUA1_MBA_April_LAL,FUA1_MBA_April_LAL INT 01_C01,86.92,1,1,0,0,87,1,0,-,-,-,0%,0
Meta Ads,,FaceBook_University_Admit,2026-04-22,FUA1_MBA_April_LAL,FUA1_MBA_April_LAL INT 01_C02,661.2,1,1,0,0,661,1,0,-,-,-,0%,0
Meta Ads,,FaceBook_University_Admit,2026-04-22,FUA1_MBA_April_LAL,FUA1_MBA_April_LAL INT 01_C03,159.18,,,0,0,159,,0,-,-,-,0%,0
Meta Ads,,FaceBook_University_Admit,2026-04-22,FUA1_MBA_April_LAL,FUA1_MBA_April_LAL INT01_C05,110.9,1,1,0,0,111,1,0,-,-,-,0%,0
Meta Ads,,FaceBook_University_Admit,2026-04-22,F_UA1_FEB_MBA_Aryan eBOOK 1.1,F_UA1_FEB_MBA_Aryan EBOOK  (INT 01)_ 1.2,244.05,,,0,0,244,,0,-,-,-,0%,0
Meta Ads,,FaceBook_University_Admit,2026-04-22,F_UA1_FEB_MBA_Aryan eBOOK 1.1,F_UA1_FEB_MBA_Aryan EBOOK  (INT 01)_ 1.1,552.76,4,4,0,0,138,1,0,-,-,-,0%,0
Meta Ads,,FaceBook_University_Admit,2026-04-22,F_UA1_FEB_MBA_Aryan eBOOK 1.1,F_UA1_FEB_MBA_Aryan EBOOK  (INT 01)_ 1.1 – Copy,28.47,1,,0,0,28,1,0,-,-,-,100%,0
Meta Ads,,FaceBook_University_Admit,2026-04-22,F_UA1_FEB_MBA_Aryan v1.4.4,F_UA1_FEB_MBA_Aryan (INT 01)_ 4.1.1,114.29,2,2,0,0,57,1,0,-,-,-,0%,0
Meta Ads,,FaceBook_University_Admit,2026-04-22,F_UA1_FEB_MBA_Aryan v1.4.4,F_UA1_FEB_MBA_Aryan (INT 01)_ 4.1.2,557.23,3,3,0,0,186,1,0,-,-,-,0%,0
Meta Ads,,FaceBook_Degreefyd_B,2026-04-22,Galgotias_Lead_2026,Galgotias_Leads_2026_P_Ad_01,1419.81,27,22,0,0,53,1,0,-,-,-,19%,0
Meta Ads,,FaceBook_Degreefyd_B,2026-04-22,IGNOU_Online_Courses_Admission_DFYD,IGNOU_Online_Courses_Admission_DFYD_Delhi_NCR_Ad01,600.67,19,18,1,1,32,1,48825,600.67,600.67,1.23%,5%,48825
Meta Ads,,FaceBook_Degreefyd_B,2026-04-22,IGNOU_Online_Courses_Admission_DFYD,IGNOU_Online_Courses_Admission_DFYD_Rest_Ad01,421.41,19,17,0,0,22,1,0,-,-,-,11%,0
Meta Ads,,FaceBook_Degreefyd_B,2026-04-22,UG_Online_Admission_2026 _SF,UG_Online_Admission_SF_Ad_Set01_Ad01,146.09,2,,1,1,73,2,8680,146.09,146.09,1.68%,100%,66546.66667
Meta Ads,,FaceBook_Degreefyd_B,2026-04-22,UG_Online_Admission_2026 _SF,UG_Online_Admission_SF_Ad_Set01_Ad02,48.46,,,0,0,48,,0,-,-,-,0%,0
Meta Ads,,FaceBook_Degreefyd_B,2026-04-22,Online_MBA,Generic_Old_Targeting,3.02,,,0,0,3,,0,-,-,-,0%,0
Meta Ads,,FaceBook_Degreefyd_B,2026-04-22,Online_MBA,Amity_New_Targeting,9.26,,,0,0,9,,0,-,-,-,0%,0
Meta Ads,,FaceBook_Degreefyd_B,2026-04-22,Online_MBA,Generic_New_Trageting,5.83,,,0,0,6,,0,-,-,-,0%,0
Meta Ads,,FaceBook_Degreefyd_B,2026-04-22,Online_MBA,Amity_Old_Targeting,6.43,,,0,0,6,,0,-,-,-,0%,0
Meta Ads,,FaceBook_Degreefyd_B,2026-04-22,Online_MBA_Chandigarh_Uni,Online_MBA_Chandigarh_Uni_CR2,33.16,1,1,0,0,33,1,0,-,-,-,0%,0
Meta Ads,,FaceBook_Degreefyd_B,2026-04-22,Online_MBA_Chandigarh_Uni,Online_MBA_Chandigarh_Uni_CR1,231.32,3,2,0,0,77,2,0,-,-,-,33%,0
Meta Ads,,FaceBook_Degreefyd_B,2026-04-22,Online_MBA_Guide,Online_MBA_Guide_int_Ad_CR06,70.48,1,1,0,0,70,1,0,-,-,-,0%,0
Meta Ads,,FaceBook_Degreefyd_B,2026-04-22,Online_MBA_Guide,Online_MBA_Guide_int_Ad_CR03,292.83,3,2,0,0,98,2,0,-,-,-,33%,0
Google Ads,Brand,Amity_Partner_001,2026-04-22,Partner_Amity_Online_2026,23228113322,4449.53,25,21,0,0,178,1,0,-,-,-,16%,0
Google Ads,Brand,EP_Partner_Amity_Online_DFYD,2026-04-22,Amity_Online_Admission_MBA,23659350616,1642.91,3,3,0,0,548,1,0,-,-,-,0%,0
Google Ads,DSA,Degreefyd_Generic_Regular,2026-04-22,DSA_Admission_Online_Distance,23349276370,1030.89,55.99,46,1,1,18,1,0,1030.89,1030.89,-,18%,0
Google Ads,Brand,Degreefyd_Generic_Online_IU,2026-04-22,Shoolini_Online_V1,23767340817,453.43,0,,0,0,453,0,0,-,-,-,0%,0
Google Ads,Brand,Degreefyd_Generic_Online_IU,2026-04-22,VGU_Online_V1,23772025619,619.25,0,,1,1,619,0,16038,619.25,619.25,3.86%,0%,56133
Google Ads,Brand,Degreefyd_Generic_Online_IU,2026-04-22,GLA_Online_V1,23772157658,582.74,0,,0,0,583,0,0,-,-,-,0%,0
Google Ads,Brand,Degreefyd_Generic_Online_IU,2026-04-22,Manipal_Online_V1,23779002914,548.58,0,,0,0,549,0,0,-,-,-,0%,0
Meta Ads,,FaceBook_University_Admit,2026-04-23,F_UA01_{UG All Colleges V03.1},F_UA01_{UG All Colleges 3.1} {INT 01} {C1.3},1892.19,17,16,0,0,111,1,0,-,-,-,6%,0
Meta Ads,,FaceBook_University_Admit,2026-04-23,F_UA1_FEB_MBA_Aryan v1.4,F_UA1_FEB_MBA_Aryan (INT 01)_ 1.1,1320.97,13,12,0,0,102,1,0,-,-,-,8%,0
Meta Ads,,FaceBook_University_Admit,2026-04-23,F_UA1_FEB_MBA_Aryan v1.4,F_UA1_FEB_MBA_Aryan (INT 01)_ 1.1 – Copy,0.72,,,0,0,1,,0,-,-,-,0%,0
Meta Ads,,FaceBook_University_Admit,2026-04-23,FUA1_MBA_April_LAL,FUA1_MBA_April_LAL INT 01_C01,565.35,3,2,0,0,188,2,0,-,-,-,33%,0
Meta Ads,,FaceBook_University_Admit,2026-04-23,FUA1_MBA_April_LAL,FUA1_MBA_April_LAL INT 01_C02,496.44,1,1,0,0,496,1,0,-,-,-,0%,0
Meta Ads,,FaceBook_University_Admit,2026-04-23,FUA1_MBA_April_LAL,FUA1_MBA_April_LAL INT 01_C03,2.5,,,0,0,3,,0,-,-,-,0%,0
Meta Ads,,FaceBook_University_Admit,2026-04-23,FUA1_MBA_April_LAL,FUA1_MBA_April_LAL INT01_C05,7.65,,,0,0,8,,0,-,-,-,0%,0
Meta Ads,,FaceBook_University_Admit,2026-04-23,F_UA1_FEB_MBA_Aryan eBOOK 1.1,F_UA1_FEB_MBA_Aryan EBOOK  (INT 01)_ 1.2,6.52,,,0,0,7,,0,-,-,-,0%,0
Meta Ads,,FaceBook_University_Admit,2026-04-23,F_UA1_FEB_MBA_Aryan eBOOK 1.1,F_UA1_FEB_MBA_Aryan EBOOK  (INT 01)_ 1.1,926.52,4,4,0,0,232,1,0,-,-,-,0%,0
Meta Ads,,FaceBook_University_Admit,2026-04-23,F_UA1_FEB_MBA_Aryan eBOOK 1.1,F_UA1_FEB_MBA_Aryan EBOOK  (INT 01)_ 1.1 – Copy,63.38,,,0,0,63,,0,-,-,-,0%,0
Meta Ads,,FaceBook_University_Admit,2026-04-23,F_UA1_FEB_MBA_Aryan v1.4.4,F_UA1_FEB_MBA_Aryan (INT 01)_ 4.1.1,35.87,,,0,0,36,,0,-,-,-,0%,0
Meta Ads,,FaceBook_University_Admit,2026-04-23,F_UA1_FEB_MBA_Aryan v1.4.4,F_UA1_FEB_MBA_Aryan (INT 01)_ 4.1.2,1065.72,8,8,0,0,133,1,0,-,-,-,0%,0
Meta Ads,,FaceBook_Degreefyd_B,2026-04-23,Online_MBA,Generic_Old_Targeting,15.45,,,0,0,15,,0,-,-,-,0%,0
Meta Ads,,FaceBook_Degreefyd_B,2026-04-23,Online_MBA,Amity_New_Targeting,40.01,,,0,0,40,,0,-,-,-,0%,0
Meta Ads,,FaceBook_Degreefyd_B,2026-04-23,Online_MBA,Generic_New_Trageting,9.18,,,0,0,9,,0,-,-,-,0%,0
Meta Ads,,FaceBook_Degreefyd_B,2026-04-23,Online_MBA,Amity_Old_Targeting,49.47,,,0,0,49,,0,-,-,-,0%,0
Meta Ads,,FaceBook_Degreefyd_B,2026-04-23,Online_MBA_Chandigarh_Uni,Online_MBA_Chandigarh_Uni_CR1,38.31,,,0,0,38,,0,-,-,-,0%,0
Meta Ads,,FaceBook_Degreefyd_B,2026-04-23,Online_MBA_Guide,Online_MBA_Guide_int_Ad_CR06,16.48,,,0,0,16,,0,-,-,-,0%,0
Meta Ads,,FaceBook_Degreefyd_B,2026-04-23,Online_MBA_Guide,Online_MBA_Guide_int_Ad_CR03,55.73,1,1,0,0,56,1,0,-,-,-,0%,0
Meta Ads,,FaceBook_Degreefyd_B,2026-04-23,Galgotias_Lead_2026,Galgotias_Leads_2026_P_Ad_01,1821.85,25,25,1,1,73,1,10000,1821.85,1821.85,18.22%,0%,20000
Meta Ads,,FaceBook_Degreefyd_B,2026-04-23,IGNOU_Online_Courses_Admission_DFYD,IGNOU_Online_Courses_Admission_DFYD_Delhi_NCR_Ad01,790.24,24,21,0,0,33,1,0,-,-,-,13%,0
Meta Ads,,FaceBook_Degreefyd_B,2026-04-23,IGNOU_Online_Courses_Admission_DFYD,IGNOU_Online_Courses_Admission_DFYD_Rest_Ad01,569.89,15,15,0,0,38,1,0,-,-,-,0%,0
Meta Ads,,FaceBook_Degreefyd_B,2026-04-23,UG_Online_Admission_2026 _SF,UG_Online_Admission_SF_Ad_Set01_Ad01,181.05,1,,0,0,181,1,0,-,-,-,100%,0
Meta Ads,,FaceBook_Degreefyd_B,2026-04-23,UG_Online_Admission_2026 _SF,UG_Online_Admission_SF_Ad_Set01_Ad02,105.65,3,,0,0,35,3,0,-,-,-,100%,0
Google Ads,Brand,Amity_Partner_001,2026-04-23,Partner_Amity_Online_2026,23228113322,3854.22,20,18,2,1,193,1,9877,1927.11,3854.22,39.02%,10%,67977
Google Ads,DSA,Degreefyd_Generic_Regular,2026-04-23,DSA_Admission_Online_Distance,23349276370,1052.48,38,38,0,0,28,1,0,-,-,-,0%,0
Google Ads,Brand,EP_Partner_Amity_Online_DFYD,2026-04-23,Amity_Online_Admission_MBA,23659350616,1536.81,2,2,0,0,768,1,0,-,-,-,0%,0
Google Ads,Brand,Degreefyd_Generic_Online_IU,2026-04-23,Shoolini_Online_V1,23767340817,572.29,0,,0,0,572,0,0,-,-,-,0%,0
Google Ads,Brand,Degreefyd_Generic_Online_IU,2026-04-23,VGU_Online_V1,23772025619,274.83,0,,0,0,275,0,0,-,-,-,0%,0
Google Ads,Brand,Degreefyd_Generic_Online_IU,2026-04-23,GLA_Online_V1,23772157658,453.84,0,,0,0,454,0,0,-,-,-,0%,0
Google Ads,Brand,Degreefyd_Generic_Online_IU,2026-04-23,Manipal_Online_V1,23779002914,486.18,1,,0,0,486,1,0,-,-,-,100%,0
Meta Ads,,FaceBook_University_Admit,2026-04-24,F_UA01_{UG All Colleges V03.1},F_UA01_{UG All Colleges 3.1} {INT 01} {C1.3},1576.38,13,12,0,0,121,1,0,-,-,-,8%,0
Meta Ads,,FaceBook_University_Admit,2026-04-24,F_UA1_FEB_MBA_Aryan v1.4,F_UA1_FEB_MBA_Aryan (INT 01)_ 1.1,1592.08,10,9,0,0,159,1,0,-,-,-,10%,0
Meta Ads,,FaceBook_University_Admit,2026-04-24,F_UA1_FEB_MBA_Aryan v1.4,F_UA1_FEB_MBA_Aryan (INT 01)_ 1.1 – Copy,0.29,,,0,0,0,,0,-,-,-,0%,0
Meta Ads,,FaceBook_University_Admit,2026-04-24,FUA1_MBA_April_LAL,FUA1_MBA_April_LAL INT 01_C01,1284.5,6,6,0,0,214,1,0,-,-,-,0%,0
Meta Ads,,FaceBook_University_Admit,2026-04-24,FUA1_MBA_April_LAL,FUA1_MBA_April_LAL INT 01_C02,259,,,0,0,259,,0,-,-,-,0%,0
Meta Ads,,FaceBook_University_Admit,2026-04-24,FUA1_MBA_April_LAL,FUA1_MBA_April_LAL INT 01_C03,27.75,,,0,0,28,,0,-,-,-,0%,0
Meta Ads,,FaceBook_University_Admit,2026-04-24,F_UA1_FEB_MBA_Aryan eBOOK 1.1,F_UA1_FEB_MBA_Aryan EBOOK  (INT 01)_ 1.2,0.26,,,0,0,0,,0,-,-,-,0%,0
Meta Ads,,FaceBook_University_Admit,2026-04-24,F_UA1_FEB_MBA_Aryan eBOOK 1.1,F_UA1_FEB_MBA_Aryan EBOOK  (INT 01)_ 1.1,745.54,5,5,0,0,149,1,0,-,-,-,0%,0
Meta Ads,,FaceBook_University_Admit,2026-04-24,F_UA1_FEB_MBA_Aryan eBOOK 1.1,F_UA1_FEB_MBA_Aryan EBOOK  (INT 01)_ 1.1 – Copy,13.21,,,0,0,13,,0,-,-,-,0%,0
Meta Ads,,FaceBook_University_Admit,2026-04-24,F_UA1_FEB_MBA_Aryan v1.4.4,F_UA1_FEB_MBA_Aryan (INT 01)_ 4.1.1,0.88,,,0,0,1,,0,-,-,-,0%,0
Meta Ads,,FaceBook_University_Admit,2026-04-24,F_UA1_FEB_MBA_Aryan v1.4.4,F_UA1_FEB_MBA_Aryan (INT 01)_ 4.1.2,743.23,9,7,0,0,83,1,0,-,-,-,22%,0
Meta Ads,,FaceBook_University_Admit,2026-04-24,F_UA1_FEB_MBA_Aryan_April_ V1,F_UA1_FEB_MBA_Aryan_April_ V1 (INT01) C01,61.67,,,0,0,62,,0,-,-,-,0%,0
Meta Ads,,FaceBook_University_Admit,2026-04-24,F_UA1_FEB_MBA_Aryan_April_ V1,F_UA1_FEB_MBA_Aryan_April_ V1 (INT01) C03,88.2,,,0,0,88,,0,-,-,-,0%,0
Meta Ads,,FaceBook_University_Admit,2026-04-24,F_UA1_FEB_MBA_Aryan_April_ V1,F_UA1_FEB_MBA_Aryan_April_ V1 (INT01) C02,157.1,,,0,0,157,,0,-,-,-,0%,0
Meta Ads,,FaceBook_University_Admit,2026-04-24,F_UA1_FEB_MBA_Aryan_April_ V2,F_UA1_FEB_MBA_Aryan_April_ V2 (INT01) C02,177.41,,,0,0,177,,0,-,-,-,0%,0
Meta Ads,,FaceBook_University_Admit,2026-04-24,F_UA1_FEB_MBA_Aryan_April_ V2,F_UA1_FEB_MBA_Aryan_April_ V2 (INT01) C01,81.03,3,3,0,0,27,1,0,-,-,-,0%,0
Meta Ads,,FaceBook_University_Admit,2026-04-24,F_UA1_FEB_MBA_Aryan_April_ V2,F_UA1_FEB_MBA_Aryan_April_ V1 (INT01) C03,94.71,,,0,0,95,,0,-,-,-,0%,0
Meta Ads,,FaceBook_University_Admit,2026-04-24,F_UA1_FEB_MBA_Aryan_April_ V2,F_UA1_FEB_MBA_Aryan_April_ V1 (INT01) C04,16.26,,,0,0,16,,0,-,-,-,0%,0
Meta Ads,,FaceBook_University_Admit,2026-04-24,F_UA1_FEB_MBA_Aryan v1.4,F_UA1_FEB_MBA_Aryan (INT 01)_ 1.4,0.55,,,0,0,1,,0,-,-,-,0%,0
Meta Ads,,FaceBook_University_Admit,2026-04-24,F_UA1_FEB_MBA_Aryan v1.4.4,F_UA1_FEB_MBA_Aryan (INT 01)_ 4.1.1,295.79,,,0,0,296,,0,-,-,-,0%,0
Meta Ads,,FaceBook_Degreefyd_B,2026-04-24,Online_MCA,Online_MCA_Creative1,251.48,,,0,0,251,,0,-,-,-,0%,0
Meta Ads,,FaceBook_Degreefyd_B,2026-04-24,Online_MCA,Online_MCA_Creative2,82.48,,,0,0,82,,0,-,-,-,0%,0
Meta Ads,,FaceBook_Degreefyd_B,2026-04-24,Online_MBA,Amity_New_Targeting_T1,332.95,1,,0,0,333,1,0,-,-,-,100%,0
Meta Ads,,FaceBook_Degreefyd_B,2026-04-24,Online_MBA,Amity_Old_Targeting_T2,360.54,1,,0,0,361,1,0,-,-,-,100%,0
Meta Ads,,FaceBook_Degreefyd_B,2026-04-24,Online_MBA,Generic_Old_Targeting_T2,34.26,,,0,0,34,,0,-,-,-,0%,0
Meta Ads,,FaceBook_Degreefyd_B,2026-04-24,Online_MBA,Generic_New_Trageting_T1,1.1,,,0,0,1,,0,-,-,-,0%,0
Meta Ads,,FaceBook_Degreefyd_B,2026-04-24,Online_MBA_Chandigarh_Uni,Online_MBA_Chandigarh_Uni_CR2,78.19,,,0,0,78,,0,-,-,-,0%,0
Meta Ads,,FaceBook_Degreefyd_B,2026-04-24,Online_MBA_Chandigarh_Uni,Online_MBA_Chandigarh_Uni_CR1,126.43,1,1,0,0,126,1,0,-,-,-,0%,0
Meta Ads,,FaceBook_Degreefyd_B,2026-04-24,Online_MBA_Guide,Online_MBA_Guide_int_Ad_CR06,45.6,,,0,0,46,,0,-,-,-,0%,0
Meta Ads,,FaceBook_Degreefyd_B,2026-04-24,Online_MBA_Guide,Online_MBA_Guide_int_Ad_CR03,213.79,,,0,0,214,,0,-,-,-,0%,0
Meta Ads,,FaceBook_Degreefyd_B,2026-04-24,Galgotias_Lead_2026,Galgotias_Leads_2026_P_Ad_01,1746.34,22,21,0,0,79,1,0,-,-,-,5%,0
Meta Ads,,FaceBook_Degreefyd_B,2026-04-24,IGNOU_Online_Courses_Admission_DFYD,IGNOU_Online_Courses_Admission_DFYD_Delhi_NCR_Ad01,700.64,37,37,1,1,19,1,48825,700.64,700.64,1.44%,0%,48825
Meta Ads,,FaceBook_Degreefyd_B,2026-04-24,IGNOU_Online_Courses_Admission_DFYD,IGNOU_Online_Courses_Admission_DFYD_Rest_Ad01,497.9,18,19,1,0,28,1,0,497.9,-,-,-6%,0
Meta Ads,,FaceBook_Degreefyd_B,2026-04-24,UG_Online_Admission_2026 _SF,UG_Online_Admission_SF_Ad_Set01_Ad01,118.8,3,,0,0,40,3,0,-,-,-,100%,0
Meta Ads,,FaceBook_Degreefyd_B,2026-04-24,UG_Online_Admission_2026 _SF,UG_Online_Admission_SF_Ad_Set01_Ad02,174.58,4,,0,0,44,4,0,-,-,-,100%,0
Google Ads,Brand,Amity_Partner_001,2026-04-24,Partner_Amity_Online_2026,23228113322,5521.95,17,15,0,0,325,1,0,-,-,-,12%,0
Google Ads,Brand,EP_Partner_Amity_Online_DFYD,2026-04-24,Amity_Online_Admission_MBA,23659350616,1343.43,2,2,0,0,672,1,0,-,-,-,0%,0
Google Ads,DSA,Degreefyd_Generic_Regular,2026-04-24,DSA_Admission_Online_Distance,23349276370,931.66,37,34,0,0,25,1,0,-,-,-,8%,0
Google Ads,Brand,Degreefyd_Generic_Online_IU,2026-04-24,Shoolini_Online_V1,23767340817,534.68,0,,0,0,535,0,0,-,-,-,0%,0
Google Ads,Brand,Degreefyd_Generic_Online_IU,2026-04-24,VGU_Online_V1,23772025619,745.69,0,,0,0,746,0,0,-,-,-,0%,0
Google Ads,Brand,Degreefyd_Generic_Online_IU,2026-04-24,GLA_Online_V1,23772157658,575.16,0,,0,0,575,0,0,-,-,-,0%,0
Google Ads,Brand,Degreefyd_Generic_Online_IU,2026-04-24,Manipal_Online_V1,23779002914,508.07,0,,0,0,508,0,0,-,-,-,0%,0
Google Ads,Brand,Degreefyd_Generic_Online_IU,2026-04-24,Amity_Online_V1,23794794232,575.7,0,,0,0,576,0,0,-,-,-,0%,0
Google Ads,Brand,Degreefyd_Generic_Online_IU,2026-04-24,CU_Online_V1,23794940566,522.56,1,,1,1,523,1,7743.75,522.56,522.56,6.75%,100%,46462.5
Meta Ads,,FaceBook_University_Admit,2026-04-25,F_UA01_{UG All Colleges V03.1},F_UA01_{UG All Colleges 3.1} {INT 01} {C1.3},1875.42,27,22,1,0,69,1,0,1875.42,-,-,19%,0
Meta Ads,,FaceBook_University_Admit,2026-04-25,F_UA1_FEB_MBA_Aryan v1.4,F_UA1_FEB_MBA_Aryan (INT 01)_ 1.1,1130.06,10,8,0,0,113,1,0,-,-,-,20%,0
Meta Ads,,FaceBook_University_Admit,2026-04-25,FUA1_MBA_April_LAL,FUA1_MBA_April_LAL INT 01_C01,194.13,,,0,0,194,,0,-,-,-,0%,0
Meta Ads,,FaceBook_University_Admit,2026-04-25,F_UA1_FEB_MBA_Aryan eBOOK 1.1,F_UA1_FEB_MBA_Aryan EBOOK  (INT 01)_ 1.2,8.9,,,0,0,9,,0,-,-,-,0%,0
Meta Ads,,FaceBook_University_Admit,2026-04-25,F_UA1_FEB_MBA_Aryan eBOOK 1.1,F_UA1_FEB_MBA_Aryan EBOOK  (INT 01)_ 1.1,882.28,3,3,0,0,294,1,0,-,-,-,0%,0
Meta Ads,,FaceBook_University_Admit,2026-04-25,F_UA1_FEB_MBA_Aryan eBOOK 1.1,F_UA1_FEB_MBA_Aryan EBOOK  (INT 01)_ 1.1 – Copy,0.45,,,0,0,0,,0,-,-,-,0%,0
Meta Ads,,FaceBook_University_Admit,2026-04-25,F_UA1_FEB_MBA_Aryan v1.4.4,F_UA1_FEB_MBA_Aryan (INT 01)_ 4.1.2,935.22,9,8,0,0,104,1,0,-,-,-,11%,0
Meta Ads,,FaceBook_University_Admit,2026-04-25,F_UA1_FEB_MBA_Aryan_April_ V1,F_UA1_FEB_MBA_Aryan_April_ V1 (INT01) C01,99.73,,,0,0,100,,0,-,-,-,0%,0
Meta Ads,,FaceBook_University_Admit,2026-04-25,F_UA1_FEB_MBA_Aryan_April_ V1,F_UA1_FEB_MBA_Aryan_April_ V1 (INT01) C03,491.07,1,1,0,0,491,1,0,-,-,-,0%,0
Meta Ads,,FaceBook_University_Admit,2026-04-25,F_UA1_FEB_MBA_Aryan_April_ V1,F_UA1_FEB_MBA_Aryan_April_ V1 (INT01) C02,124.3,1,,0,0,124,1,0,-,-,-,100%,0
Meta Ads,,FaceBook_University_Admit,2026-04-25,F_UA1_FEB_MBA_Aryan_April_ V2,F_UA1_FEB_MBA_Aryan_April_ V2 (INT01) C02,109.68,,,0,0,110,,0,-,-,-,0%,0
Meta Ads,,FaceBook_University_Admit,2026-04-25,F_UA1_FEB_MBA_Aryan_April_ V2,F_UA1_FEB_MBA_Aryan_April_ V2 (INT01) C01,71.39,,,0,0,71,,0,-,-,-,0%,0
Meta Ads,,FaceBook_University_Admit,2026-04-25,F_UA1_FEB_MBA_Aryan_April_ V2,F_UA1_FEB_MBA_Aryan_April_ V1 (INT01) C03,309.63,,1,0,0,310,0,0,-,-,-,0%,0
Meta Ads,,FaceBook_University_Admit,2026-04-25,F_UA1_FEB_MBA_Aryan_April_ V2,F_UA1_FEB_MBA_Aryan_April_ V1 (INT01) C04,163.82,,,0,0,164,,0,-,-,-,0%,0
Meta Ads,,FaceBook_University_Admit,2026-04-25,F_UA1_FEB_MBA_Aryan v1.4,F_UA1_FEB_MBA_Aryan (INT 01)_ 1.4,3,,,0,0,3,,0,-,-,-,0%,0
Meta Ads,,FaceBook_University_Admit,2026-04-25,F_UA1_FEB_MBA_Aryan v1.4.4,F_UA1_FEB_MBA_Aryan (INT 01)_ 4.1.1,864.88,5,4,0,0,173,1,0,-,-,-,20%,0
Meta Ads,,FaceBook_Degreefyd_B,2026-04-25,CGC_Landran_Punjab_April,CGC_Landran_Punjab_April_Ad2,9.87,,,0,0,10,,0,-,-,-,0%,0
Meta Ads,,FaceBook_Degreefyd_B,2026-04-25,CGC_Landran_Punjab_April,CGC_Landran_Punjab_April_Ad1,131.72,,,0,0,132,,0,-,-,-,0%,0
Meta Ads,,FaceBook_Degreefyd_B,2026-04-25,Online_MCA,Online_MCA_Creative1,317.48,1,1,0,0,317,1,0,-,-,-,0%,0
Meta Ads,,FaceBook_Degreefyd_B,2026-04-25,Online_MCA,Online_MCA_Creative2,47.2,,,0,0,47,,0,-,-,-,0%,0
Meta Ads,,FaceBook_Degreefyd_B,2026-04-25,Online_MBA,Amity_New_Targeting_T1,246.27,2,2,0,0,123,1,0,-,-,-,0%,0
Meta Ads,,FaceBook_Degreefyd_B,2026-04-25,Online_MBA,Amity_Old_Targeting_T2,472.34,4,4,0,0,118,1,0,-,-,-,0%,0
Meta Ads,,FaceBook_Degreefyd_B,2026-04-25,Galgotias_Lead_2026,Galgotias_Leads_2026_P_Ad_01,1491.67,30,28,0,0,50,1,0,-,-,-,7%,0
Meta Ads,,FaceBook_Degreefyd_B,2026-04-25,IGNOU_Online_Courses_Admission_DFYD,IGNOU_Online_Courses_Admission_DFYD_Delhi_NCR_Ad01,603.44,27,25,0,0,22,1,0,-,-,-,7%,0
Meta Ads,,FaceBook_Degreefyd_B,2026-04-25,IGNOU_Online_Courses_Admission_DFYD,IGNOU_Online_Courses_Admission_DFYD_Rest_Ad01,472.67,14,15,0,0,34,1,0,-,-,-,-7%,0
Meta Ads,,FaceBook_Degreefyd_B,2026-04-25,UG_Online_Admission_2026 _SF,UG_Online_Admission_SF_Ad_Set01_Ad01,43.8,1,,0,0,44,1,0,-,-,-,100%,0
Meta Ads,,FaceBook_Degreefyd_B,2026-04-25,UG_Online_Admission_2026 _SF,UG_Online_Admission_SF_Ad_Set01_Ad02,190.23,5,,0,0,38,5,0,-,-,-,100%,0
Google Ads,Brand,Degreefyd_Generic_Online_IU,2026-04-25,Shoolini_Online_V1,23767340817,555.88,0,,0,0,556,0,0,-,-,-,0%,0
Google Ads,Brand,Degreefyd_Generic_Online_IU,2026-04-25,VGU_Online_V1,23772025619,585.89,0,,0,0,586,0,0,-,-,-,0%,0
Google Ads,Brand,Degreefyd_Generic_Online_IU,2026-04-25,GLA_Online_V1,23772157658,231.24,0,,0,0,231,0,0,-,-,-,0%,0
Google Ads,Brand,Degreefyd_Generic_Online_IU,2026-04-25,Manipal_Online_V1,23779002914,496.04,1,,0,0,496,1,0,-,-,-,100%,0
Google Ads,Brand,Degreefyd_Generic_Online_IU,2026-04-25,Amity_Online_V1,23794794232,515.9,0,,0,0,516,0,0,-,-,-,0%,0
Google Ads,Brand,Degreefyd_Generic_Online_IU,2026-04-25,CU_Online_V1,23794940566,523.92,0,,0,0,524,0,0,-,-,-,0%,0
Google Ads,Brand,EP_Partner_Amity_Online_DFYD,2026-04-25,Amity_Online_Admission_MBA,23659350616,926.1,1,1,0,0,926,1,0,-,-,-,0%,0
Google Ads,Brand,Amity_Partner_001,2026-04-25,Partner_Amity_Online_2026,23228113322,4150.02,16,13,2,2,259,1,17430,2075.01,2075.01,23.81%,19%,133630
Google Ads,DSA,Degreefyd_Generic_Regular,2026-04-25,DSA_Admission_Online_Distance,23349276370,908.18,42.97,36,0,0,21,1,0,-,-,-,16%,0
Meta Ads,,FaceBook_University_Admit,2026-04-26,F_UA01_{UG All Colleges V03.1},F_UA01_{UG All Colleges 3.1} {INT 01} {C1.3},1437.42,13,12,0,0,111,1,0,-,-,-,8%,0
Meta Ads,,FaceBook_University_Admit,2026-04-26,F_UA1_FEB_MBA_Aryan v1.4,F_UA1_FEB_MBA_Aryan (INT 01)_ 1.1,1830.7,16,15,0,0,114,1,0,-,-,-,6%,0
Meta Ads,,FaceBook_University_Admit,2026-04-26,FUA1_MBA_April_LAL,FUA1_MBA_April_LAL INT 01_C01,1423.54,14,14,0,0,102,1,0,-,-,-,0%,0
Meta Ads,,FaceBook_University_Admit,2026-04-26,FUA1_MBA_April_LAL,FUA1_MBA_April_LAL INT 01_C03,0.55,,,0,0,1,,0,-,-,-,0%,0
Meta Ads,,FaceBook_University_Admit,2026-04-26,F_UA1_FEB_MBA_Aryan eBOOK 1.1,F_UA1_FEB_MBA_Aryan EBOOK  (INT 01)_ 1.1,1038.66,5,5,0,0,208,1,0,-,-,-,0%,0
Meta Ads,,FaceBook_University_Admit,2026-04-26,F_UA1_FEB_MBA_Aryan eBOOK 1.1,F_UA1_FEB_MBA_Aryan EBOOK  (INT 01)_ 1.1 – Copy,8.74,,,0,0,9,,0,-,-,-,0%,0
Meta Ads,,FaceBook_University_Admit,2026-04-26,F_UA1_FEB_MBA_Aryan v1.4.4,F_UA1_FEB_MBA_Aryan (INT 01)_ 4.1.1,0.26,,5,0,0,0,0,0,-,-,-,0%,0
Meta Ads,,FaceBook_University_Admit,2026-04-26,F_UA1_FEB_MBA_Aryan v1.4.4,F_UA1_FEB_MBA_Aryan (INT 01)_ 4.1.2,1121.96,9,7,0,0,125,1,0,-,-,-,22%,0
Meta Ads,,FaceBook_University_Admit,2026-04-26,F_UA1_FEB_MBA_Aryan_April_ V1,F_UA1_FEB_MBA_Aryan_April_ V1 (INT01) C01,26.18,,,0,0,26,,0,-,-,-,0%,0
Meta Ads,,FaceBook_University_Admit,2026-04-26,F_UA1_FEB_MBA_Aryan_April_ V1,F_UA1_FEB_MBA_Aryan_April_ V1 (INT01) C03,813.46,1,1,0,0,813,1,0,-,-,-,0%,0
Meta Ads,,FaceBook_University_Admit,2026-04-26,F_UA1_FEB_MBA_Aryan_April_ V1,F_UA1_FEB_MBA_Aryan_April_ V1 (INT01) C02,119.89,1,1,0,0,120,1,0,-,-,-,0%,0
Meta Ads,,FaceBook_University_Admit,2026-04-26,F_UA1_FEB_MBA_Aryan_April_ V2,F_UA1_FEB_MBA_Aryan_April_ V2 (INT01) C02,122.38,1,1,0,0,122,1,0,-,-,-,0%,0
Meta Ads,,FaceBook_University_Admit,2026-04-26,F_UA1_FEB_MBA_Aryan_April_ V2,F_UA1_FEB_MBA_Aryan_April_ V2 (INT01) C01,205.94,,,0,0,206,,0,-,-,-,0%,0
Meta Ads,,FaceBook_University_Admit,2026-04-26,F_UA1_FEB_MBA_Aryan_April_ V2,F_UA1_FEB_MBA_Aryan_April_ V1 (INT01) C03,374.23,,1,0,0,374,0,0,-,-,-,0%,0
Meta Ads,,FaceBook_University_Admit,2026-04-26,F_UA1_FEB_MBA_Aryan_April_ V2,F_UA1_FEB_MBA_Aryan_April_ V1 (INT01) C04,93.75,,,0,0,94,,0,-,-,-,0%,0
Meta Ads,,FaceBook_University_Admit,2026-04-26,F_UA1_FEB_MBA_Aryan v1.4,F_UA1_FEB_MBA_Aryan (INT 01)_ 1.4,0.15,,,0,0,0,,0,-,-,-,0%,0
Meta Ads,,FaceBook_University_Admit,2026-04-26,F_UA1_FEB_MBA_Aryan v1.4.4,F_UA1_FEB_MBA_Aryan (INT 01)_ 4.1.1,1378.5,5,5,0,0,276,1,0,-,-,-,0%,0
Meta Ads,,FaceBook_Degreefyd_B,2026-04-26,Galgotias_Lead_2026,Galgotias_Leads_2026_P_Ad_01,1757.13,30,27,1,1,59,1,17500,1757.13,1757.13,10.04%,10%,35000
Meta Ads,,FaceBook_Degreefyd_B,2026-04-26,IGNOU_Online_Courses_Admission_DFYD,IGNOU_Online_Courses_Admission_DFYD_Delhi_NCR_Ad01,759.21,29,27,1,0,26,1,0,759.21,-,-,7%,0
Meta Ads,,FaceBook_Degreefyd_B,2026-04-26,IGNOU_Online_Courses_Admission_DFYD,IGNOU_Online_Courses_Admission_DFYD_Rest_Ad01,556.92,35,35,1,1,16,1,31500,556.92,556.92,1.77%,0%,31500
Meta Ads,,FaceBook_Degreefyd_B,2026-04-26,UG_Online_Admission_2026 _SF,UG_Online_Admission_SF_Ad_Set01_Ad01,44.65,2,,0,0,22,2,0,-,-,-,100%,0
Meta Ads,,FaceBook_Degreefyd_B,2026-04-26,UG_Online_Admission_2026 _SF,UG_Online_Admission_SF_Ad_Set01_Ad02,296.7,3,,0,0,99,3,0,-,-,-,100%,0
Meta Ads,,FaceBook_Degreefyd_B,2026-04-26,Online_MCA,Online_MCA_Creative1,279.82,,,0,0,280,,0,-,-,-,0%,0
Meta Ads,,FaceBook_Degreefyd_B,2026-04-26,Online_MCA,Online_MCA_Creative2,45.11,,,0,0,45,,0,-,-,-,0%,0
Meta Ads,,FaceBook_Degreefyd_B,2026-04-26,Online_MBA,Amity_New_Targeting_T1,289.59,,,0,0,290,,0,-,-,-,0%,0
Meta Ads,,FaceBook_Degreefyd_B,2026-04-26,Online_MBA,Amity_Old_Targeting_T2,331.8,1,1,0,0,332,1,0,-,-,-,0%,0
Meta Ads,,FaceBook_Degreefyd_B,2026-04-26,Online_MBA,Generic_Old_Targeting_T2,23.2,1,,0,0,23,1,0,-,-,-,100%,0
Google Ads,Brand,Amity_Partner_001,2026-04-26,Partner_Amity_Online_2026,23228113322,2990.55,15,13,2,1,199,1,8715,1495.275,2990.55,34.31%,13%,66815
Google Ads,DSA,Degreefyd_Generic_Regular,2026-04-26,DSA_Admission_Online_Distance,23349276370,1000.31,36.99,30,1,0,27,1,0,1000.31,-,-,19%,0
Google Ads,Brand,Degreefyd_Generic_Online_IU,2026-04-26,Shoolini_Online_V1,23767340817,428.71,0,,0,0,429,0,0,-,-,-,0%,0
Google Ads,Brand,Degreefyd_Generic_Online_IU,2026-04-26,VGU_Online_V1,23772025619,289.2,0,,0,0,289,0,0,-,-,-,0%,0
Google Ads,Brand,Degreefyd_Generic_Online_IU,2026-04-26,GLA_Online_V1,23772157658,250.26,0,,0,0,250,0,0,-,-,-,0%,0
Google Ads,Brand,Degreefyd_Generic_Online_IU,2026-04-26,Manipal_Online_V1,23779002914,470.51,0,,0,0,471,0,0,-,-,-,0%,0
Google Ads,Brand,Degreefyd_Generic_Online_IU,2026-04-26,Amity_Online_V1,23794794232,661.89,0,,0,0,662,0,0,-,-,-,0%,0
Google Ads,Brand,Degreefyd_Generic_Online_IU,2026-04-26,CU_Online_V1,23794940566,531.77,5,5,2,2,106,1,30467.5,265.885,265.885,1.75%,0%,72187.5
Google Ads,Brand,EP_Partner_Amity_Online_DFYD,2026-04-26,Amity_Online_Admission_MBA,23659350616,912.57,1,1,0,0,913,1,0,-,-,-,0%,0
Meta Ads,,FaceBook_University_Admit,2026-04-27,F_UA01_{UG All Colleges V03.1},F_UA01_{UG All Colleges 3.1} {INT 01} {C1.3},956.64,15,10,0,0,64,2,0,-,-,-,33%,0
Meta Ads,,FaceBook_University_Admit,2026-04-27,F_UA1_FEB_MBA_Aryan v1.4,F_UA1_FEB_MBA_Aryan (INT 01)_ 1.1,1353.85,13,13,0,0,104,1,0,-,-,-,0%,0
Meta Ads,,FaceBook_University_Admit,2026-04-27,FUA1_MBA_April_LAL,FUA1_MBA_April_LAL INT 01_C01,1067.36,13,13,0,0,82,1,0,-,-,-,0%,0
Meta Ads,,FaceBook_University_Admit,2026-04-27,F_UA1_FEB_MBA_Aryan eBOOK 1.1,F_UA1_FEB_MBA_Aryan EBOOK  (INT 01)_ 1.2,2.5,,,0,0,3,,0,-,-,-,0%,0
Meta Ads,,FaceBook_University_Admit,2026-04-27,F_UA1_FEB_MBA_Aryan eBOOK 1.1,F_UA1_FEB_MBA_Aryan EBOOK  (INT 01)_ 1.1,788.17,2,2,0,0,394,1,0,-,-,-,0%,0
Meta Ads,,FaceBook_University_Admit,2026-04-27,F_UA1_FEB_MBA_Aryan eBOOK 1.1,F_UA1_FEB_MBA_Aryan EBOOK  (INT 01)_ 1.1 – Copy,18.57,,,0,0,19,,0,-,-,-,0%,0
Meta Ads,,FaceBook_University_Admit,2026-04-27,F_UA1_FEB_MBA_Aryan v1.4.4,F_UA1_FEB_MBA_Aryan (INT 01)_ 4.1.1,199.15,,4,0,0,199,0,0,-,-,-,0%,0
Meta Ads,,FaceBook_University_Admit,2026-04-27,F_UA1_FEB_MBA_Aryan v1.4.4,F_UA1_FEB_MBA_Aryan (INT 01)_ 4.1.2,110.99,,,0,0,111,,0,-,-,-,0%,0
Meta Ads,,FaceBook_University_Admit,2026-04-27,F_UA1_FEB_MBA_Aryan_April_ V1,F_UA1_FEB_MBA_Aryan_April_ V1 (INT01) C01,27.41,,,0,0,27,,0,-,-,-,0%,0
Meta Ads,,FaceBook_University_Admit,2026-04-27,F_UA1_FEB_MBA_Aryan_April_ V1,F_UA1_FEB_MBA_Aryan_April_ V1 (INT01) C03,593.42,,1,0,0,593,0,0,-,-,-,0%,0
Meta Ads,,FaceBook_University_Admit,2026-04-27,F_UA1_FEB_MBA_Aryan_April_ V1,F_UA1_FEB_MBA_Aryan_April_ V1 (INT01) C02,11.64,,,0,0,12,,0,-,-,-,0%,0
Meta Ads,,FaceBook_University_Admit,2026-04-27,F_UA1_FEB_MBA_Aryan_April_ V2,F_UA1_FEB_MBA_Aryan_April_ V2 (INT01) C02,234.32,1,1,0,0,234,1,0,-,-,-,0%,0
Meta Ads,,FaceBook_University_Admit,2026-04-27,F_UA1_FEB_MBA_Aryan_April_ V2,F_UA1_FEB_MBA_Aryan_April_ V2 (INT01) C01,1.88,,,0,0,2,,0,-,-,-,0%,0
Meta Ads,,FaceBook_University_Admit,2026-04-27,F_UA1_FEB_MBA_Aryan_April_ V2,F_UA1_FEB_MBA_Aryan_April_ V1 (INT01) C03,485.63,2,1,0,0,243,2,0,-,-,-,50%,0
Meta Ads,,FaceBook_University_Admit,2026-04-27,F_UA1_FEB_MBA_Aryan_April_ V2,F_UA1_FEB_MBA_Aryan_April_ V1 (INT01) C04,8.62,,,0,0,9,,0,-,-,-,0%,0
Meta Ads,,FaceBook_University_Admit,2026-04-27,F_UA1_FEB_MBA_Aryan v1.4,F_UA1_FEB_MBA_Aryan (INT 01)_ 1.4,0.34,,,0,0,0,,0,-,-,-,0%,0
Meta Ads,,FaceBook_University_Admit,2026-04-27,F_UA1_FEB_MBA_Aryan v1.4.4,F_UA1_FEB_MBA_Aryan (INT 01)_ 4.1.1,915.74,4,4,0,0,229,1,0,-,-,-,0%,0
Meta Ads,,FaceBook_Degreefyd_B,2026-04-27,Online_MBA_SF,Online_MBA_SF_Ad_Set_T1_C1,185.05,,1,0,0,185,0,0,-,-,-,0%,0
Meta Ads,,FaceBook_Degreefyd_B,2026-04-27,Online_MCA,Online_MCA_Creative1,296.73,2,2,0,0,148,1,0,-,-,-,0%,0
Meta Ads,,FaceBook_Degreefyd_B,2026-04-27,Online_MCA,Online_MCA_Creative2,57.95,1,1,0,0,58,1,0,-,-,-,0%,0
Meta Ads,,FaceBook_Degreefyd_B,2026-04-27,Online_MBA,Amity_New_Targeting_T1,240.4,2,1,0,0,120,2,0,-,-,-,50%,0
Meta Ads,,FaceBook_Degreefyd_B,2026-04-27,Online_MBA,Amity_Old_Targeting_T2,356.02,4,3,0,0,89,1,0,-,-,-,25%,0
Meta Ads,,FaceBook_Degreefyd_B,2026-04-27,Online_MBA,Generic_Old_Targeting_T2,6.01,,,0,0,6,,0,-,-,-,0%,0
Meta Ads,,FaceBook_Degreefyd_B,2026-04-27,Online_MBA,Generic_New_Trageting_T1,24.9,,,0,0,25,,0,-,-,-,0%,0
Google Ads,Brand,Amity_Partner_001,2026-04-27,Partner_Amity_Online_2026,23228113322,4337.29,17,17,0,0,255,1,0,-,-,-,0%,0
Google Ads,Brand,Degreefyd_Generic_Online_IU,2026-04-27,Shoolini_Online_V1,23767340817,133.51,0,,0,0,134,0,0,-,-,-,0%,0
Google Ads,Brand,Degreefyd_Generic_Online_IU,2026-04-27,VGU_Online_V1,23772025619,678.99,0,,0,0,679,0,0,-,-,-,0%,0
Google Ads,Brand,Degreefyd_Generic_Online_IU,2026-04-27,GLA_Online_V1,23772157658,1024.73,0,,0,0,1025,0,0,-,-,-,0%,0
Google Ads,Brand,Degreefyd_Generic_Online_IU,2026-04-27,Manipal_Online_V1,23779002914,672.34,0,,0,0,672,0,0,-,-,-,0%,0
Google Ads,Brand,Degreefyd_Generic_Online_IU,2026-04-27,Amity_Online_V1,23794794232,539.65,0,,0,0,540,0,0,-,-,-,0%,0
Google Ads,Brand,Degreefyd_Generic_Online_IU,2026-04-27,CU_Online_V1,23794940566,527.45,0,,0,0,527,0,0,-,-,-,0%,0
Google Ads,Brand,EP_Partner_Amity_Online_DFYD,2026-04-27,Amity_Online_Admission_MBA,23659350616,2927.93,2,1,0,0,1464,2,0,-,-,-,50%,0
Google Ads,DSA,Degreefyd_Generic_Regular,2026-04-27,DSA_Admission_Online_Distance,23349276370,1185.76,50,41,0,0,24,1,0,-,-,-,18%,0
Meta Ads,,FaceBook_University_Admit,2026-04-28,F_UA01_{UG All Colleges V03.1},F_UA01_{UG All Colleges 3.1} {INT 01} {C1.3},647.53,6,6,0,0,108,1,0,-,-,-,0%,0
Meta Ads,,FaceBook_University_Admit,2026-04-28,F_UA1_FEB_MBA_Aryan v1.4,F_UA1_FEB_MBA_Aryan (INT 01)_ 1.1,1000.55,16,13,0,0,63,1,0,-,-,-,19%,0
Meta Ads,,FaceBook_University_Admit,2026-04-28,FUA1_MBA_April_LAL,FUA1_MBA_April_LAL INT 01_C01,584.11,4,4,0,0,146,1,0,-,-,-,0%,0
Meta Ads,,FaceBook_University_Admit,2026-04-28,FUA1_MBA_April_LAL,FUA1_MBA_April_LAL INT01_C05,0,,,0,0,0,,0,-,-,-,0%,0
Meta Ads,,FaceBook_University_Admit,2026-04-28,F_UA1_FEB_MBA_Aryan eBOOK 1.1,F_UA1_FEB_MBA_Aryan EBOOK  (INT 01)_ 1.1,209.99,1,1,0,0,210,1,0,-,-,-,0%,0
Meta Ads,,FaceBook_University_Admit,2026-04-28,F_UA1_FEB_MBA_Aryan v1.4.4,F_UA1_FEB_MBA_Aryan (INT 01)_ 4.1.1,333.49,,2,0,0,333,0,0,-,-,-,0%,0
Meta Ads,,FaceBook_University_Admit,2026-04-28,F_UA1_FEB_MBA_Aryan_April_ V1,F_UA1_FEB_MBA_Aryan_April_ V1 (INT01) C03,561.1,2,2,0,0,281,1,0,-,-,-,0%,0
Meta Ads,,FaceBook_University_Admit,2026-04-28,F_UA1_FEB_MBA_Aryan_April_ V2,F_UA1_FEB_MBA_Aryan_April_ V2 (INT01) C02,67.54,,,0,0,68,,0,-,-,-,0%,0
Meta Ads,,FaceBook_University_Admit,2026-04-28,F_UA1_FEB_MBA_Aryan_April_ V2,F_UA1_FEB_MBA_Aryan_April_ V2 (INT01) C01,1.8,,,0,0,2,,0,-,-,-,0%,0
Meta Ads,,FaceBook_University_Admit,2026-04-28,F_UA1_FEB_MBA_Aryan_April_ V2,F_UA1_FEB_MBA_Aryan_April_ V1 (INT01) C03,355.86,,2,0,0,356,0,0,-,-,-,0%,0
Meta Ads,,FaceBook_University_Admit,2026-04-28,F_UA1_FEB_MBA_Aryan_April_ V2,F_UA1_FEB_MBA_Aryan_April_ V1 (INT01) C04,70.74,,,0,0,71,,0,-,-,-,0%,0
Meta Ads,,FaceBook_University_Admit,2026-04-28,F_UA1_FEB_MBA_Aryan v1.4.4,F_UA1_FEB_MBA_Aryan (INT 01)_ 4.1.1,510.17,2,2,0,0,255,1,0,-,-,-,0%,0
Meta Ads,,FaceBook_Degreefyd_B,2026-04-28,Online_MBA_SF,Online_MBA_SF_Ad_Set_T1_C1,102.66,,,0,0,103,,0,-,-,-,0%,0
Meta Ads,,FaceBook_Degreefyd_B,2026-04-28,Online_MCA,Online_MCA_Creative1,44.76,,,0,0,45,,0,-,-,-,0%,0
Meta Ads,,FaceBook_Degreefyd_B,2026-04-28,Online_MCA,Online_MCA_Creative2,37.2,,,0,0,37,,0,-,-,-,0%,0
Meta Ads,,FaceBook_Degreefyd_B,2026-04-28,Online_MBA,Amity_New_Targeting_T1,77.2,,,0,0,77,,0,-,-,-,0%,0
Meta Ads,,FaceBook_Degreefyd_B,2026-04-28,Online_MBA,Amity_Old_Targeting_T2,89.07,1,1,0,0,89,1,0,-,-,-,0%,0
Meta Ads,,FaceBook_Degreefyd_B,2026-04-28,Galgotias_Lead_2026,Galgotias_Leads_2026_P_Ad_01,1702.72,34,34,1,1,50,1,17500,1702.72,1702.72,9.73%,0%,35000
Meta Ads,,FaceBook_Degreefyd_B,2026-04-28,IGNOU_Online_Courses_Admission_DFYD,IGNOU_Online_Courses_Admission_DFYD_Delhi_NCR_Ad01,875,39,37,0,0,22,1,0,-,-,-,5%,0
Meta Ads,,FaceBook_Degreefyd_B,2026-04-28,IGNOU_Online_Courses_Admission_DFYD,IGNOU_Online_Courses_Admission_DFYD_Rest_Ad01,491.27,26,24,2,1,19,1,11900,245.635,491.27,4.13%,8%,35700
Meta Ads,,FaceBook_Degreefyd_B,2026-04-28,UG_Online_Admission_2026 _SF,UG_Online_Admission_SF_Ad_Set01_Ad01,98.12,2,,0,0,49,2,0,-,-,-,100%,0
Meta Ads,,FaceBook_Degreefyd_B,2026-04-28,UG_Online_Admission_2026 _SF,UG_Online_Admission_SF_Ad_Set01_Ad02,266.21,5,,1,1,53,5,48825,266.21,266.21,0.55%,100%,48825
Google Ads,DSA,Degreefyd_Generic_Regular,2026-04-28,DSA_Admission_Online_Distance,23349276370,969.38,49,47,0,0,20,1,0,-,-,-,4%,0
Google Ads,Brand,EP_Partner_Amity_Online_DFYD,2026-04-28,Amity_Online_Admission_MBA,23659350616,1626.33,0,,0,0,1626,0,0,-,-,-,0%,0
Google Ads,Brand,Degreefyd_Generic_Online_IU,2026-04-28,VGU_Online_V1,23772025619,302.29,0,,0,0,302,0,0,-,-,-,0%,0
Google Ads,Brand,Degreefyd_Generic_Online_IU,2026-04-28,GLA_Online_V1,23772157658,528.64,0,,0,0,529,0,0,-,-,-,0%,0
Google Ads,Brand,Degreefyd_Generic_Online_IU,2026-04-28,Manipal_Online_V1,23779002914,820.4,0,,0,0,820,0,0,-,-,-,0%,0
Google Ads,Brand,Degreefyd_Generic_Online_IU,2026-04-28,LPU_Online_V1,23794010280,921.39,2,3,1,0,461,1,0,921.39,-,-,-50%,0
Google Ads,Brand,Degreefyd_Generic_Online_IU,2026-04-28,Amity_Online_V1,23794794232,819.47,1,,0,0,819,1,0,-,-,-,100%,0
Google Ads,Brand,Degreefyd_Generic_Online_IU,2026-04-28,CU_Online_V1,23794940566,837.6,1,1,0,0,838,1,0,-,-,-,0%,0
Google Ads,Brand,Amity_Partner_001,2026-04-28,Partner_Amity_Online_2026,23228113322,3915.15,18,16,0,0,218,1,0,-,-,-,11%,0
Meta Ads,,FaceBook_University_Admit,2026-04-29,F_UA01_{UG All Colleges V03.1},F_UA01_{UG All Colleges 3.1} {INT 01} {C1.3},1156.26,10,8,0,0,116,1,0,-,-,-,20%,0
Meta Ads,,FaceBook_University_Admit,2026-04-29,F_UA1_FEB_MBA_Aryan v1.4,F_UA1_FEB_MBA_Aryan (INT 01)_ 1.1,1876.51,21,22,0,0,89,1,0,-,-,-,-5%,0
Meta Ads,,FaceBook_University_Admit,2026-04-29,FUA1_MBA_April_LAL,FUA1_MBA_April_LAL INT 01_C01,670.03,8,8,0,0,84,1,0,-,-,-,0%,0
Meta Ads,,FaceBook_University_Admit,2026-04-29,FUA1_MBA_April_LAL,FUA1_MBA_April_LAL INT 01_C03,0.02,,,0,0,0,,0,-,-,-,0%,0
Meta Ads,,FaceBook_University_Admit,2026-04-29,F_UA1_FEB_MBA_Aryan v1.4.4,F_UA1_FEB_MBA_Aryan (INT 01)_ 4.1.1,1082.22,,1,0,0,1082,0,0,-,-,-,0%,0
Meta Ads,,FaceBook_University_Admit,2026-04-29,F_UA1_FEB_MBA_Aryan_April_ V1,F_UA1_FEB_MBA_Aryan_April_ V1 (INT01) C01,32.96,,,0,0,33,,0,-,-,-,0%,0
Meta Ads,,FaceBook_University_Admit,2026-04-29,F_UA1_FEB_MBA_Aryan_April_ V1,F_UA1_FEB_MBA_Aryan_April_ V1 (INT01) C03,818.84,,1,0,0,819,0,0,-,-,-,0%,0
Meta Ads,,FaceBook_University_Admit,2026-04-29,F_UA1_FEB_MBA_Aryan_April_ V2,F_UA1_FEB_MBA_Aryan_April_ V2 (INT01) C02,223.9,,,0,0,224,,0,-,-,-,0%,0
Meta Ads,,FaceBook_University_Admit,2026-04-29,F_UA1_FEB_MBA_Aryan_April_ V2,F_UA1_FEB_MBA_Aryan_April_ V1 (INT01) C03,578.79,1,1,0,0,579,1,0,-,-,-,0%,0
Meta Ads,,FaceBook_University_Admit,2026-04-29,F_UA1_FEB_MBA_Aryan_April_ V2,F_UA1_FEB_MBA_Aryan_April_ V1 (INT01) C04,5.29,,,0,0,5,,0,-,-,-,0%,0
Meta Ads,,FaceBook_University_Admit,2026-04-29,F_UA1_FEB_MBA_Aryan v1.4,F_UA1_FEB_MBA_Aryan (INT 01)_ 1.4,0.13,,,0,0,0,,0,-,-,-,0%,0
Meta Ads,,FaceBook_University_Admit,2026-04-29,F_UA1_FEB_MBA_Aryan v1.4.4,F_UA1_FEB_MBA_Aryan (INT 01)_ 4.1.1,1086.38,3,1,0,0,362,3,0,-,-,-,67%,0
Meta Ads,,FaceBook_Degreefyd_B,2026-04-29,Online_MBA,Amity_Old_Targeting_T2,223.22,2,1,0,0,112,2,0,-,-,-,50%,0
Meta Ads,,FaceBook_Degreefyd_B,2026-04-29,IGNOU_ONLINE_DEGREE,IGNOU_ONLINE_Degree_CR1,407.76,4,4,0,0,102,1,0,-,-,-,0%,0
Meta Ads,,FaceBook_Degreefyd_B,2026-04-29,Ignou_Online_MBA,Ignou_Online_MBA_Ad1,398.92,,,0,0,399,,0,-,-,-,0%,0
Meta Ads,,FaceBook_Degreefyd_B,2026-04-29,Online_MBA_SF,Online_MBA_SF_Ad_Set_T1_C1,186.65,,,0,0,187,,0,-,-,-,0%,0
Meta Ads,,FaceBook_Degreefyd_B,2026-04-29,Online_MCA,Online_MCA_Creative1,178.79,1,1,0,0,179,1,0,-,-,-,0%,0
Meta Ads,,FaceBook_Degreefyd_B,2026-04-29,Galgotias_Lead_2026,Galgotias_Leads_2026_P_Ad_01,1651.67,24,23,0,0,69,1,0,-,-,-,4%,0
Meta Ads,,FaceBook_Degreefyd_B,2026-04-29,IGNOU_Online_Courses_Admission_DFYD,IGNOU_Online_Courses_Admission_DFYD_Delhi_NCR_Ad01,857.68,20,18,0,0,43,1,0,-,-,-,10%,0
Meta Ads,,FaceBook_Degreefyd_B,2026-04-29,IGNOU_Online_Courses_Admission_DFYD,IGNOU_Online_Courses_Admission_DFYD_Rest_Ad01,462.15,8,7,0,0,58,1,0,-,-,-,13%,0
Meta Ads,,FaceBook_Degreefyd_B,2026-04-29,UG_Online_Admission_2026 _SF,UG_Online_Admission_SF_Ad_Set01_Ad01,6.96,,,0,0,7,,0,-,-,-,0%,0
Meta Ads,,FaceBook_Degreefyd_B,2026-04-29,UG_Online_Admission_2026 _SF,UG_Online_Admission_SF_Ad_Set01_Ad02,345.37,7,,0,0,49,7,0,-,-,-,100%,0
Google Ads,Brand,Degreefyd_Generic_Online_IU,2026-04-29,VGU_Online_V1,23772025619,514.84,0,,0,0,515,0,0,-,-,-,0%,0
Google Ads,Brand,Degreefyd_Generic_Online_IU,2026-04-29,GLA_Online_V1,23772157658,171.55,0,,0,0,172,0,0,-,-,-,0%,0
Google Ads,Brand,Degreefyd_Generic_Online_IU,2026-04-29,Manipal_Online_V1,23779002914,816.99,0,,0,0,817,0,0,-,-,-,0%,0
Google Ads,Brand,Degreefyd_Generic_Online_IU,2026-04-29,LPU_Online_V1,23794010280,321.36,0,,0,0,321,0,0,-,-,-,0%,0
Google Ads,Brand,Degreefyd_Generic_Online_IU,2026-04-29,Amity_Online_V1,23794794232,1317.51,2,2,0,0,659,1,0,-,-,-,0%,0
Google Ads,Brand,Degreefyd_Generic_Online_IU,2026-04-29,CU_Online_V1,23794940566,1548.16,2,2,0,0,774,1,0,-,-,-,0%,0
Google Ads,Brand,Degreefyd_Generic_Online_IU,2026-04-29,Shoolini_Online_V2,23798269338,492.69,1,1,1,1,493,1,36636,492.69,492.69,1.34%,0%,42600
Google Ads,Brand,Degreefyd_Generic_Online_IU,2026-04-29,GLA_Online_V2,23803352159,594.18,0,,0,0,594,0,0,-,-,-,0%,0
Google Ads,Brand,Amity_Partner_001,2026-04-29,Partner_Amity_Online_2026,23228113322,5422.25,15,13,0,0,361,1,0,-,-,-,13%,0
Google Ads,Brand,EP_Partner_Amity_Online_DFYD,2026-04-29,Amity_Online_Admission_MBA,23659350616,851.39,1,1,0,0,851,1,0,-,-,-,0%,0
Google Ads,DSA,Degreefyd_Generic_Regular,2026-04-29,DSA_Admission_Online_Distance,23349276370,947.41,57.99,52,0,0,16,1,0,-,-,-,10%,0
Meta Ads,,FaceBook_University_Admit,2026-04-30,F_UA01_{UG All Colleges V03.1},F_UA01_{UG All Colleges 3.1} {INT 01} {C1.3},1226,14,12,0,0,88,1,0,-,-,-,14%,0
Meta Ads,,FaceBook_University_Admit,2026-04-30,F_UA1_FEB_MBA_Aryan v1.4,F_UA1_FEB_MBA_Aryan (INT 01)_ 1.1,2040.66,28,28,0,0,73,1,0,-,-,-,0%,0
Meta Ads,,FaceBook_University_Admit,2026-04-30,F_UA1_FEB_MBA_Aryan v1.4.4,F_UA1_FEB_MBA_Aryan (INT 01)_ 4.1.1,847.62,,3,0,0,848,0,0,-,-,-,0%,0
Meta Ads,,FaceBook_University_Admit,2026-04-30,F_UA1_FEB_MBA_Aryan_April_ V1,F_UA1_FEB_MBA_Aryan_April_ V1 (INT01) C03,574.26,2,4,0,0,287,1,0,-,-,-,-100%,0
Meta Ads,,FaceBook_University_Admit,2026-04-30,F_UA1_FEB_MBA_Aryan_April_ V1,F_UA1_FEB_MBA_Aryan_April_ V1 (INT01) C02,4.15,,,0,0,4,,0,-,-,-,0%,0
Meta Ads,,FaceBook_University_Admit,2026-04-30,F_UA1_FEB_MBA_Aryan_April_ V2,F_UA1_FEB_MBA_Aryan_April_ V2 (INT01) C02,568.41,4,4,0,0,142,1,0,-,-,-,0%,0
Meta Ads,,FaceBook_University_Admit,2026-04-30,F_UA1_FEB_MBA_Aryan_April_ V2,F_UA1_FEB_MBA_Aryan_April_ V2 (INT01) C01,7.59,,,0,0,8,,0,-,-,-,0%,0
Meta Ads,,FaceBook_University_Admit,2026-04-30,F_UA1_FEB_MBA_Aryan_April_ V2,F_UA1_FEB_MBA_Aryan_April_ V1 (INT01) C03,539.95,2,4,0,0,270,1,0,-,-,-,-100%,0
Meta Ads,,FaceBook_University_Admit,2026-04-30,F_UA1_FEB_MBA_Aryan v1.4.4,F_UA1_FEB_MBA_Aryan (INT 01)_ 4.1.1,651.34,3,3,0,0,217,1,0,-,-,-,0%,0
Meta Ads,,FaceBook_University_Admit,2026-04-30,UA_MBA_Website_Leads V1,UA_MBA_Website_Leads V1 (INT 01) C01,0.33,,,0,0,0,,0,-,-,-,0%,0
Meta Ads,,FaceBook_University_Admit,2026-04-30,UA_MBA_Website_Leads V1,UA_MBA_Website_Leads V1 (INT 01) C02,34.96,,,0,0,35,,0,-,-,-,0%,0
Meta Ads,,FaceBook_University_Admit,2026-04-30,UA_MBA_Website_Leads V1,UA_MBA_Website_Leads V1(INT 01 ) C03,94.17,,,0,0,94,,0,-,-,-,0%,0
Meta Ads,,FaceBook_University_Admit,2026-04-30,UA_MBA_Website_Leads V2,UA_MBA_Website_Leads V2 (INT 01) C01,52.3,,,0,0,52,,0,-,-,-,0%,0
Meta Ads,,FaceBook_Degreefyd_B,2026-04-30,Online_MBA_SF_G1,Online_MBA_SF_G1_CR1,153.85,,,0,0,154,,0,-,-,-,0%,0
Meta Ads,,FaceBook_Degreefyd_B,2026-04-30,IGNOU_ONLINE_DEGREE,IGNOU_ONLINE_Degree_CR1,545.06,5,5,0,0,109,1,0,-,-,-,0%,0
Meta Ads,,FaceBook_Degreefyd_B,2026-04-30,Ignou_Online_MBA,Ignou_Online_MBA_SF_Ad1,356.39,2,,0,0,178,2,0,-,-,-,100%,0
Meta Ads,,FaceBook_Degreefyd_B,2026-04-30,Online_MBA_SF,Online_MBA_SF_Ad_Set_T1_C1,391.75,,,0,0,392,,0,-,-,-,0%,0
Meta Ads,,FaceBook_Degreefyd_B,2026-04-30,Galgotias_Lead_2026,Galgotias_Leads_2026_P_Ad_01,1545.97,18,16,0,0,86,1,0,-,-,-,11%,0
Meta Ads,,FaceBook_Degreefyd_B,2026-04-30,IGNOU_Online_Courses_Admission_DFYD,IGNOU_Online_Courses_Admission_DFYD_Delhi_NCR_Ad01,747.17,21,23,0,0,36,1,0,-,-,-,-10%,0
Meta Ads,,FaceBook_Degreefyd_B,2026-04-30,IGNOU_Online_Courses_Admission_DFYD,IGNOU_Online_Courses_Admission_DFYD_Rest_Ad01,419.7,17,17,1,1,25,1,4375,419.7,419.7,9.59%,0%,26250
Meta Ads,,FaceBook_Degreefyd_B,2026-04-30,UG_Online_Admission_2026 _SF,UG_Online_Admission_SF_Ad_Set01_Ad02,421.19,5,,0,0,84,5,0,-,-,-,100%,0
Google Ads,Brand,Degreefyd_Generic_Online_IU,2026-04-30,VGU_Online_V1,23772025619,869.99,0,,0,0,870,0,0,-,-,-,0%,0
Google Ads,Brand,Degreefyd_Generic_Online_IU,2026-04-30,Manipal_Online_V1,23779002914,798.33,0,,0,0,798,0,0,-,-,-,0%,0
Google Ads,Brand,Degreefyd_Generic_Online_IU,2026-04-30,LPU_Online_V1,23794010280,799.65,0,,0,0,800,0,0,-,-,-,0%,0
Google Ads,Brand,Degreefyd_Generic_Online_IU,2026-04-30,Amity_Online_V1,23794794232,262.95,1,1,0,0,263,1,0,-,-,-,0%,0
Google Ads,Brand,Degreefyd_Generic_Online_IU,2026-04-30,CU_Online_V1,23794940566,1996.88,6.99,8,3,2,286,1,7656.25,665.6266667,998.44,26.08%,-14%,45937.5
Google Ads,Brand,Degreefyd_Generic_Online_IU,2026-04-30,Shoolini_Online_V2,23798269338,752.95,0,,0,0,753,0,0,-,-,-,0%,0
Google Ads,Brand,Degreefyd_Generic_Online_IU,2026-04-30,GLA_Online_V2,23803352159,799.03,1,1,0,0,799,1,0,-,-,-,0%,0
Google Ads,Brand,EP_Partner_Amity_Online_DFYD,2026-04-30,Amity_Online_Admission_MBA,23659350616,729.14,2,2,0,0,365,1,0,-,-,-,0%,0
Google Ads,Brand,Amity_Partner_001,2026-04-30,Partner_Amity_Online_2026,23228113322,5377.75,17,12,0,0,316,1,0,-,-,-,29%,0
Google Ads,DSA,Degreefyd_Generic_Regular,2026-04-30,DSA_Admission_Online_Distance,23349276370,898.79,26.99,27,0,0,33,1,0,-,-,-,0%,0
Meta Ads,,FaceBook_University_Admit,2026-05-01,F_UA01_{UG All Colleges V03.1},F_UA01_{UG All Colleges 3.1} {INT 01} {C1.3},1283.79,21,19,0,0,61,1,0,-,-,-,10%,0
Meta Ads,,FaceBook_University_Admit,2026-05-01,F_UA1_FEB_MBA_Aryan v1.4,F_UA1_FEB_MBA_Aryan (INT 01)_ 1.1,2022.37,26,25,0,0,78,1,0,-,-,-,4%,0
Meta Ads,,FaceBook_University_Admit,2026-05-01,F_UA1_FEB_MBA_Aryan v1.4.4,F_UA1_FEB_MBA_Aryan (INT 01)_ 4.1.2,0,1,,0,0,0,1,0,-,-,-,100%,0
Meta Ads,,FaceBook_University_Admit,2026-05-01,F_UA1_FEB_MBA_Aryan_April_ V2,F_UA1_FEB_MBA_Aryan_April_ V2 (INT01) C02,532.57,2,2,0,0,266,1,0,-,-,-,0%,0
Meta Ads,,FaceBook_University_Admit,2026-05-01,F_UA1_FEB_MBA_Aryan_April_ V2,F_UA1_FEB_MBA_Aryan_April_ V1 (INT01) C03,125.45,,,0,0,125,,0,-,-,-,0%,0
Meta Ads,,FaceBook_University_Admit,2026-05-01,F_UA1_FEB_MBA_Aryan_April_ V2,F_UA1_FEB_MBA_Aryan_April_ V1 (INT01) C04,23.89,,,0,0,24,,0,-,-,-,0%,0
Meta Ads,,FaceBook_University_Admit,2026-05-01,UA_MBA_Website_Leads V1,UA_MBA_Website_Leads V1 (INT 01) C01,379.69,2,3,0,0,190,1,0,-,-,-,-50%,0
Meta Ads,,FaceBook_University_Admit,2026-05-01,UA_MBA_Website_Leads V1,UA_MBA_Website_Leads V1 (INT 01) C02,183.98,5,,0,0,37,5,0,-,-,-,100%,0
Meta Ads,,FaceBook_University_Admit,2026-05-01,UA_MBA_Website_Leads V1,UA_MBA_Website_Leads V1(INT 01 ) C03,125.69,2,,0,0,63,2,0,-,-,-,100%,0
Meta Ads,,FaceBook_University_Admit,2026-05-01,UA_MBA_Website_Leads V2,UA_MBA_Website_Leads V2 (INT 01) C01,507.96,11,,0,0,46,11,0,-,-,-,100%,0
Meta Ads,,FaceBook_Degreefyd_B,2026-05-01,IGNOU_Online_Courses_Admission_DFYD,IGNOU_Online_Courses_Admission_DFYD_Delhi_NCR_Ad01,1003.27,44,39,0,0,23,1,0,-,-,-,11%,0
Meta Ads,,FaceBook_Degreefyd_B,2026-05-01,Galgotias_Lead_2026,Galgotias_Leads_2026_P_Ad_01,1795.12,38,35,1,1,47,1,17500,1795.12,1795.12,10.26%,8%,35000
Meta Ads,,FaceBook_Degreefyd_B,2026-05-01,IGNOU_Online_Courses_Admission_DFYD,IGNOU_Online_Courses_Admission_DFYD_Rest_Ad01,531.89,19,18,0,0,28,1,0,-,-,-,5%,0
Meta Ads,,FaceBook_Degreefyd_B,2026-05-01,IGNOU_ONLINE_DEGREE,IGNOU_ONLINE_Degree_CR1,490.83,6,5,0,0,82,1,0,-,-,-,17%,0
Meta Ads,,FaceBook_Degreefyd_B,2026-05-01,UG_Online_Admission_2026 _SF,UG_Online_Admission_SF_Ad_Set01_Ad02,398.31,6,14,0,0,66,0,0,-,-,-,-133%,0
Meta Ads,,FaceBook_Degreefyd_B,2026-05-01,Online_MBA_SF_G1,Online_MBA_SF_G1_CR1,185.41,4,,0,0,46,4,0,-,-,-,100%,0
Meta Ads,,FaceBook_Degreefyd_B,2026-05-01,Ignou_Online_MBA,Ignou_Online_MBA_SF_Ad1,316.01,1,,0,0,316,1,0,-,-,-,100%,0
Meta Ads,,FaceBook_Degreefyd_B,2026-05-01,Online_MBA_SF,Online_MBA_SF_Ad_Set_T1_C1,122.29,,,0,0,122,,0,-,-,-,0%,0
Meta Ads,,FaceBook_Degreefyd_B,2026-05-01,Online_MBA_SF_G1,Online_MBA_SF_G1_CR2,201.11,,,0,0,201,,0,-,-,-,0%,0
Google Ads,Brand,EP_Partner_Amity_Online_DFYD,2026-05-01,Amity_Online_Admission_MBA,23659350616,797.29,0,,0,0,797,0,0,-,-,-,0%,0
Google Ads,Brand,Amity_Partner_001,2026-05-01,Partner_Amity_Online_2026,23228113322,5251.79,20,22,1,1,263,1,11424,5251.79,5251.79,45.97%,-10%,78624
Google Ads,DSA,Degreefyd_Generic_Regular,2026-05-01,DSA_Admission_Online_Distance,23349276370,1031.31,50.99,46,1,1,20,1,48825,1031.31,1031.31,2.11%,10%,48825
Google Ads,Brand,Degreefyd_Generic_Online_IU,2026-05-01,VGU_Online_V1,23772025619,605.65,0,,0,0,606,0,0,-,-,-,0%,0
Google Ads,Brand,Degreefyd_Generic_Online_IU,2026-05-01,Manipal_Online_V1,23779002914,659.77,1,2,1,1,660,1,26775,659.77,659.77,2.46%,-100%,58275
Google Ads,Brand,Degreefyd_Generic_Online_IU,2026-05-01,LPU_Online_V1,23794010280,831.64,0,,0,0,832,0,0,-,-,-,0%,0
Google Ads,Brand,Degreefyd_Generic_Online_IU,2026-05-01,Amity_Online_V1,23794794232,535.26,0,,0,0,535,0,0,-,-,-,0%,0
Google Ads,Brand,Degreefyd_Generic_Online_IU,2026-05-01,CU_Online_V1,23794940566,1895.04,0,1,0,0,1895,0,0,-,-,-,0%,0
Google Ads,Brand,Degreefyd_Generic_Online_IU,2026-05-01,Shoolini_Online_V2,23798269338,565.51,0,,0,0,566,0,0,-,-,-,0%,0
Google Ads,Brand,Degreefyd_Generic_Online_IU,2026-05-01,GLA_Online_V2,23803352159,659.68,0,,0,0,660,0,0,-,-,-,0%,0
Meta Ads,,FaceBook_University_Admit,2026-05-02,F_UA01_{UG All Colleges V03.1},F_UA01_{UG All Colleges 3.1} {INT 01} {C1.3},972.25,16,14,0,0,61,1,0,-,-,-,13%,0
Meta Ads,,FaceBook_University_Admit,2026-05-02,F_UA1_FEB_MBA_Aryan v1.4,F_UA1_FEB_MBA_Aryan (INT 01)_ 1.1,1569.01,20,18,0,0,78,1,0,-,-,-,10%,0
Meta Ads,,FaceBook_University_Admit,2026-05-02,F_UA1_FEB_MBA_Aryan v1.4,F_UA1_FEB_MBA_Aryan (INT 01)_ 1.4,0.51,,,0,0,1,,0,-,-,-,0%,0
Meta Ads,,FaceBook_University_Admit,2026-05-02,UA_MBA_Website_Leads V1,UA_MBA_Website_Leads V1 (INT 01) C01,1222.55,3,2,0,0,408,2,0,-,-,-,33%,0
Meta Ads,,FaceBook_University_Admit,2026-05-02,UA_MBA_Website_Leads V1,UA_MBA_Website_Leads V1 (INT 01) C02,8.21,,,0,0,8,,0,-,-,-,0%,0
Meta Ads,,FaceBook_University_Admit,2026-05-02,UA_MBA_Website_Leads V1,UA_MBA_Website_Leads V1(INT 01 ) C03,58.28,,1,0,0,58,0,0,-,-,-,0%,0
Meta Ads,,FaceBook_University_Admit,2026-05-02,UA_MBA_Website_Leads V2,UA_MBA_Website_Leads V2 (INT 01) C01,695.18,1,,0,0,695,1,0,-,-,-,100%,0
Meta Ads,,FaceBook_University_Admit,2026-05-02,UA_MBA_Website_Leads V3,UA_MBA_Website_Leads V3 (INT 01) C01,0.14,,,0,0,0,,0,-,-,-,0%,0
Meta Ads,,FaceBook_University_Admit,2026-05-02,UA_MBA_Website_Leads V3,UA_MBA_Website_Leads V3 (INT 01) C02,88.7,,,0,0,89,,0,-,-,-,0%,0
Meta Ads,,FaceBook_University_Admit,2026-05-02,UA_MBA_Website_Leads V3,UA_MBA_Website_Leads V3 (INT 01) C03,13.61,,,0,0,14,,0,-,-,-,0%,0
Meta Ads,,FaceBook_University_Admit,2026-05-02,UA_MBA_Website_Leads V3,UA_MBA_Website_Leads V3 (INT 02) C01,32.33,,,0,0,32,,0,-,-,-,0%,0
Meta Ads,,FaceBook_University_Admit,2026-05-02,UA_MBA_Website_Leads V3,UA_MBA_Website_Leads V3 (INT 02) C02,0.78,,,0,0,1,,0,-,-,-,0%,0
Meta Ads,,FaceBook_University_Admit,2026-05-02,UA_MBA_Website_Leads V3,UA_MBA_Website_Leads V3 (INT 02) C03,17.87,,,0,0,18,,0,-,-,-,0%,0
Meta Ads,,FaceBook_University_Admit,2026-05-02,UA_MBA_Website_Leads V3,UA_MBA_Website_Leads V3 (INT 03) C01,159.9,,,0,0,160,,0,-,-,-,0%,0
Meta Ads,,FaceBook_University_Admit,2026-05-02,UA_MBA_Website_Leads V3,UA_MBA_Website_Leads V3 (INT 03) C02,0.61,,,0,0,1,,0,-,-,-,0%,0
Meta Ads,,FaceBook_University_Admit,2026-05-02,UA_MBA_Website_Leads V3,UA_MBA_Website_Leads V3 (INT 03) C03,88.24,2,1,0,0,44,2,0,-,-,-,50%,0
Meta Ads,,FaceBook_Degreefyd_B,2026-05-02,IGNOU_Online_Courses_Admission_DFYD,IGNOU_Online_Courses_Admission_DFYD_Delhi_NCR_Ad01,852.69,34,29,0,0,25,1,0,-,-,-,15%,0
Meta Ads,,FaceBook_Degreefyd_B,2026-05-02,IGNOU_Online_Courses_Admission_DFYD,IGNOU_Online_Courses_Admission_DFYD_Rest_Ad01,491.68,32,30,0,0,15,1,0,-,-,-,6%,0
Meta Ads,,FaceBook_Degreefyd_B,2026-05-02,Galgotias_Lead_2026,Galgotias_Leads_2026_P_Ad_01,1598.39,29,27,0,0,55,1,0,-,-,-,7%,0
Meta Ads,,FaceBook_Degreefyd_B,2026-05-02,IGNOU_ONLINE_DEGREE,IGNOU_ONLINE_Degree_CR1,394.74,5,3,0,0,79,2,0,-,-,-,40%,0
Meta Ads,,FaceBook_Degreefyd_B,2026-05-02,UG_Online_Admission_2026 _SF,UG_Online_Admission_SF_Ad_Set01_Ad02,329.19,4,3,0,0,82,1,0,-,-,-,25%,0
Meta Ads,,FaceBook_Degreefyd_B,2026-05-02,Online_MBA_SF_G1,Online_MBA_SF_G1_CR1,2.9,2,,0,0,1,2,0,-,-,-,100%,0
Meta Ads,,FaceBook_Degreefyd_B,2026-05-02,Ignou_Online_MBA,Ignou_Online_MBA_SF_Ad1,223.16,1,,0,0,223,1,0,-,-,-,100%,0
Meta Ads,,FaceBook_Degreefyd_B,2026-05-02,Online_MBA_SF_G1,Online_MBA_SF_G1_CR2,107.87,,,0,0,108,,0,-,-,-,0%,0
Meta Ads,,FaceBook_Degreefyd_B,2026-05-02,UG_Online_Admission_2026 _SF,UG_Online_Admission_SF_Ad_Set01_Ad01,45.39,,3,0,0,45,0,0,-,-,-,0%,0
Google Ads,DSA,Degreefyd_Generic_Regular,2026-05-02,DSA_Admission_Online_Distance,23349276370,1028.3,45.99,43,0,0,22,1,0,-,-,-,7%,0
Google Ads,Brand,EP_Partner_Amity_Online_DFYD,2026-05-02,Amity_Online_Admission_MBA,23659350616,860.49,2,2,0,0,430,1,0,-,-,-,0%,0
Google Ads,Brand,Amity_Partner_001,2026-05-02,Partner_Amity_Online_2026,23228113322,5296.96,23,20,2,1,230,1,27709.5,2648.48,5296.96,19.12%,13%,83128.5
Meta Ads,,FaceBook_University_Admit,2026-05-03,F_UA01_{UG All Colleges V03.1},F_UA01_{UG All Colleges 3.1} {INT 01} {C1.3},1175.64,13,10,0,0,90,1,0,-,-,-,23%,0
Meta Ads,,FaceBook_University_Admit,2026-05-03,F_UA1_FEB_MBA_Aryan v1.4,F_UA1_FEB_MBA_Aryan (INT 01)_ 1.1,2218.66,31,28,0,0,72,1,0,-,-,-,10%,0
Meta Ads,,FaceBook_University_Admit,2026-05-03,F_UA1_FEB_MBA_Aryan_April_ V2,F_UA1_FEB_MBA_Aryan_April_ V2 (INT01) C02,0,1,,0,0,0,1,0,-,-,-,100%,0
Meta Ads,,FaceBook_University_Admit,2026-05-03,UA_MBA_Website_Leads V1,UA_MBA_Website_Leads V1 (INT 01) C01,1188.67,5,7,0,0,238,1,0,-,-,-,-40%,0
Meta Ads,,FaceBook_University_Admit,2026-05-03,UA_MBA_Website_Leads V1,UA_MBA_Website_Leads V1 (INT 01) C02,13.73,,,0,0,14,,0,-,-,-,0%,0
Meta Ads,,FaceBook_University_Admit,2026-05-03,UA_MBA_Website_Leads V1,UA_MBA_Website_Leads V1(INT 01 ) C03,0.23,,,0,0,0,,0,-,-,-,0%,0
Meta Ads,,FaceBook_University_Admit,2026-05-03,UA_MBA_Website_Leads V2,UA_MBA_Website_Leads V2 (INT 01) C01,436.12,,2,0,0,436,0,0,-,-,-,0%,0
Meta Ads,,FaceBook_University_Admit,2026-05-03,UA_MBA_Website_Leads V3,UA_MBA_Website_Leads V3 (INT 01) C01,71.35,,,0,0,71,,0,-,-,-,0%,0
Meta Ads,,FaceBook_University_Admit,2026-05-03,UA_MBA_Website_Leads V3,UA_MBA_Website_Leads V3 (INT 01) C02,138.53,1,1,0,0,139,1,0,-,-,-,0%,0
Meta Ads,,FaceBook_University_Admit,2026-05-03,UA_MBA_Website_Leads V3,UA_MBA_Website_Leads V3 (INT 01) C03,10.45,,,0,0,10,,0,-,-,-,0%,0
Meta Ads,,FaceBook_University_Admit,2026-05-03,UA_MBA_Website_Leads V3,UA_MBA_Website_Leads V3 (INT 02) C01,66.8,,,0,0,67,,0,-,-,-,0%,0
Meta Ads,,FaceBook_University_Admit,2026-05-03,UA_MBA_Website_Leads V3,UA_MBA_Website_Leads V3 (INT 02) C02,291.02,3,2,0,0,97,2,0,-,-,-,33%,0
Meta Ads,,FaceBook_University_Admit,2026-05-03,UA_MBA_Website_Leads V3,UA_MBA_Website_Leads V3 (INT 03) C01,475.17,1,1,0,0,475,1,0,-,-,-,0%,0
Meta Ads,,FaceBook_University_Admit,2026-05-03,UA_MBA_Website_Leads V3,UA_MBA_Website_Leads V3 (INT 03) C02,38.93,,,0,0,39,,0,-,-,-,0%,0
Meta Ads,,FaceBook_University_Admit,2026-05-03,UA_MBA_Website_Leads V3,UA_MBA_Website_Leads V3 (INT 03) C03,39.05,,,0,0,39,,0,-,-,-,0%,0
Meta Ads,,FaceBook_Degreefyd_B,2026-05-03,Galgotias_Lead_2026,Galgotias_Leads_2026_P_Ad_01,1332.35,27,23,0,0,49,1,0,-,-,-,15%,0
Meta Ads,,FaceBook_Degreefyd_B,2026-05-03,IGNOU_Online_Courses_Admission_DFYD,IGNOU_Online_Courses_Admission_DFYD_Rest_Ad01,366.42,22,21,0,0,17,1,0,-,-,-,5%,0
Meta Ads,,FaceBook_Degreefyd_B,2026-05-03,IGNOU_Online_Courses_Admission_DFYD,IGNOU_Online_Courses_Admission_DFYD_Delhi_NCR_Ad01,671.18,16,15,1,0,42,1,0,671.18,-,-,6%,0
Meta Ads,,FaceBook_Degreefyd_B,2026-05-03,IGNOU_ONLINE_DEGREE,IGNOU_ONLINE_Degree_CR1,641.68,9,11,0,0,71,1,0,-,-,-,-22%,0
Meta Ads,,FaceBook_Degreefyd_B,2026-05-03,Ignou_Online_MBA,Ignou_Online_MBA_SF_Ad1,406.32,4,,0,0,102,4,0,-,-,-,100%,0
Meta Ads,,FaceBook_Degreefyd_B,2026-05-03,Online_MBA_SF_G1,Online_MBA_SF_G1_CR1,67.85,1,,0,0,68,1,0,-,-,-,100%,0
Meta Ads,,FaceBook_Degreefyd_B,2026-05-03,UG_Online_Admission_2026 _SF,UG_Online_Admission_SF_Ad_Set01_Ad02,357.66,1,3,0,0,358,0,0,-,-,-,-200%,0
Meta Ads,,FaceBook_Degreefyd_B,2026-05-03,Online_MBA_SF_G1,Online_MBA_SF_G1_CR2,210.33,,,0,0,210,,0,-,-,-,0%,0
Meta Ads,,FaceBook_Degreefyd_B,2026-05-03,UG_Online_Admission_2026 _SF,UG_Online_Admission_SF_Ad_Set01_Ad01,42.95,,3,0,0,43,0,0,-,-,-,0%,0
Google Ads,Brand,EP_Partner_Amity_Online_DFYD,2026-05-03,Amity_Online_Admission_MBA,23659350616,686.36,0,,0,0,686,0,0,-,-,-,0%,0
Google Ads,Brand,Amity_Partner_001,2026-05-03,Partner_Amity_Online_2026,23228113322,5304.13,24,23,1,1,221,1,73150,5304.13,5304.13,7.25%,4%,73150
Google Ads,Brand,EP_Partnere_Shoolini_DFYD,2026-05-03,Shoolini_Online_Delta,23534722448,867.74,2,2,0,0,434,1,0,-,-,-,0%,0
Google Ads,DSA,Degreefyd_Generic_Regular,2026-05-03,DSA_Admission_Online_Distance,23349276370,1028.28,58.49,52,1,0,18,1,0,1028.28,-,-,11%,0
Meta Ads,,FaceBook_University_Admit,2026-05-04,F_UA01_{UG All Colleges V03.1},F_UA01_{UG All Colleges 3.1} {INT 01} {C1.3},1121.76,20,17,0,0,56,1,0,-,-,-,15%,0
Meta Ads,,FaceBook_University_Admit,2026-05-04,F_UA1_FEB_MBA_Aryan v1.4,F_UA1_FEB_MBA_Aryan (INT 01)_ 1.1,2326.33,26,21,0,0,89,1,0,-,-,-,19%,0
Meta Ads,,FaceBook_University_Admit,2026-05-04,UA_MBA_Website_Leads V1,UA_MBA_Website_Leads V1 (INT 01) C01,1372.93,9,17,0,0,153,1,0,-,-,-,-89%,0
Meta Ads,,FaceBook_University_Admit,2026-05-04,UA_MBA_Website_Leads V1,UA_MBA_Website_Leads V1(INT 01 ) C03,0.75,,,0,0,1,,0,-,-,-,0%,0
Meta Ads,,FaceBook_University_Admit,2026-05-04,UA_MBA_Website_Leads V2,UA_MBA_Website_Leads V2 (INT 01) C01,680.07,2,1,0,0,340,2,0,-,-,-,50%,0
Meta Ads,,FaceBook_University_Admit,2026-05-04,UA_MBA_Website_Leads V3,UA_MBA_Website_Leads V3 (INT 01) C01,11.31,,,0,0,11,,0,-,-,-,0%,0
Meta Ads,,FaceBook_University_Admit,2026-05-04,UA_MBA_Website_Leads V3,UA_MBA_Website_Leads V3 (INT 01) C02,82.59,,,0,0,83,,0,-,-,-,0%,0
Meta Ads,,FaceBook_University_Admit,2026-05-04,UA_MBA_Website_Leads V3,UA_MBA_Website_Leads V3 (INT 02) C02,926.82,11,10,0,0,84,1,0,-,-,-,9%,0
Meta Ads,,FaceBook_University_Admit,2026-05-04,UA_MBA_Website_Leads V3,UA_MBA_Website_Leads V3 (INT 03) C01,212.87,2,2,0,0,106,1,0,-,-,-,0%,0
Meta Ads,,FaceBook_University_Admit,2026-05-04,UA_MBA_Website_Leads V3,UA_MBA_Website_Leads V3 (INT 03) C03,45.13,,,0,0,45,,0,-,-,-,0%,0
Meta Ads,,FaceBook_Degreefyd_B,2026-05-04,Galgotias_Lead_2026,Galgotias_Leads_2026_P_Ad_01,1809.95,32,28,1,1,57,1,17500,1809.95,1809.95,10.34%,13%,35000
Meta Ads,,FaceBook_Degreefyd_B,2026-05-04,IGNOU_Online_Courses_Admission_DFYD,IGNOU_Online_Courses_Admission_DFYD_Delhi_NCR_Ad01,958.34,29,26,1,0,33,1,0,958.34,-,-,10%,0
Meta Ads,,FaceBook_Degreefyd_B,2026-05-04,IGNOU_Online_Courses_Admission_DFYD,IGNOU_Online_Courses_Admission_DFYD_Rest_Ad01,541.42,24,23,0,0,23,1,0,-,-,-,4%,0
Meta Ads,,FaceBook_Degreefyd_B,2026-05-04,IGNOU_ONLINE_DEGREE,IGNOU_ONLINE_Degree_CR1,382.13,7,4,0,0,55,2,0,-,-,-,43%,0
Meta Ads,,FaceBook_Degreefyd_B,2026-05-04,Online_MBA_SF_G1,Online_MBA_SF_G1_CR2,177.91,3,,0,0,59,3,0,-,-,-,100%,0
Meta Ads,,FaceBook_Degreefyd_B,2026-05-04,UG_Online_Admission_2026 _SF,UG_Online_Admission_SF_Ad_Set01_Ad02,398.7,3,3,0,0,133,1,0,-,-,-,0%,0
Meta Ads,,FaceBook_Degreefyd_B,2026-05-04,Ignou_Online_MBA,Ignou_Online_MBA_SF_Ad1,300.78,2,,0,0,150,2,0,-,-,-,100%,0
Meta Ads,,FaceBook_Degreefyd_B,2026-05-04,Online_MBA_SF_G1,Online_MBA_SF_G1_CR1,36.05,1,,0,0,36,1,0,-,-,-,100%,0
Meta Ads,,FaceBook_Degreefyd_B,2026-05-04,UG_Online_Admission_2026 _SF,UG_Online_Admission_SF_Ad_Set01_Ad01,71.38,,3,0,0,71,0,0,-,-,-,0%,0
Meta Ads,,FaceBook_Degreefyd_B,2026-05-04,Online_UG&PG_SF,Online_UG&PG_SF_CR1,65.06,,,0,0,65,,0,-,-,-,0%,0
Meta Ads,,FaceBook_Degreefyd_B,2026-05-04,Online_BBA_SF_ASH_1,Online_BBA_SF_ASH_CR1,137.14,,,0,0,137,,0,-,-,-,0%,0
Meta Ads,,FaceBook_Degreefyd_B,2026-05-04,Online_UG&PG_SF,Online_UG&PG_SF_CR2,141.23,,,0,0,141,,0,-,-,-,0%,0
Meta Ads,,FaceBook_Degreefyd_B,2026-05-04,Online_UG_Video_SF,Online_UG_Video_SF_VD1,51.61,,,0,0,52,,0,-,-,-,0%,0
Meta Ads,,FaceBook_Degreefyd_B,2026-05-04,Online_UG_Video_SF,Online_UG_Video_SF_VD2,79.9,,,0,0,80,,0,-,-,-,0%,0
Google Ads,DSA,Degreefyd_Generic_Regular,2026-05-04,DSA_Admission_Online_Distance,23349276370,529.01,32,28,0,0,17,1,0,-,-,-,13%,0
Google Ads,brand,Amity_Partner_001,2026-05-04,Partner_Amity_Online_2026,23228113322,6184.95,23,21,1,1,269,1,58187.5,6184.95,6184.95,10.63%,9%,58187.5
Google Ads,brand,EP_Partner_Amity_Online_DFYD,2026-05-04,Amity_Online_Admission_MBA,23659350616,1046.44,0,,0,0,1046,0,0,-,-,-,0%,0
Google Ads,brand,EP_Partner_Amity_Online_DFYD,2026-05-04,Amity_University_Gurugram,23807086200,824.88,1,,0,0,825,1,0,-,-,-,100%,0
Google Ads,brand,EP_Partner_Amity_Online_DFYD,2026-05-04,Amity_University_Raipur,23810994645,595.99,1,,0,0,596,1,0,-,-,-,100%,0
Google Ads,brand,EP_Partner_Amity_Online_DFYD,2026-05-04,Amity_University_Lucknow,23814823859,935.63,1,,0,0,936,1,0,-,-,-,100%,0
Google Ads,brand,EP_Partner_Amity_Online_DFYD,2026-05-04,Amity_University_Mumbai,23820721369,629.2,4,,0,0,157,4,0,-,-,-,100%,0
Google Ads,brand,EP_Partner_Amity_Online_DFYD,2026-05-04,Amity_University_Gwalior,23821027168,402.54,5,,0,0,81,5,0,-,-,-,100%,0
Google Ads,brand,EP_Partnere_Shoolini_DFYD,2026-05-04,Shoolini_Online_Delta,23534722448,787.79,0,,0,0,788,0,0,-,-,-,0%,0
Meta Ads,,FaceBook_University_Admit,2026-05-05,F_UA01_{UG All Colleges V03.1},F_UA01_{UG All Colleges 3.1} {INT 01} {C1.3},1197.38,17,17,1,0,70,1,0,1197.38,-,-,0%,0
Meta Ads,,FaceBook_University_Admit,2026-05-05,F_UA1_FEB_MBA_Aryan v1.4,F_UA1_FEB_MBA_Aryan (INT 01)_ 1.1,2428.35,26,23,0,0,93,1,0,-,-,-,12%,0
Meta Ads,,FaceBook_University_Admit,2026-05-05,UA_MBA_Website_Leads V1,UA_MBA_Website_Leads V1 (INT 01) C01,1015.93,17,15,0,0,60,1,0,-,-,-,12%,0
Meta Ads,,FaceBook_University_Admit,2026-05-05,UA_MBA_Website_Leads V1,UA_MBA_Website_Leads V1 (INT 01) C02,0.05,,,0,0,0,,0,-,-,-,0%,0
Meta Ads,,FaceBook_University_Admit,2026-05-05,UA_MBA_Website_Leads V2,UA_MBA_Website_Leads V2 (INT 01) C01,620.36,1,,0,0,620,1,0,-,-,-,100%,0
Meta Ads,,FaceBook_University_Admit,2026-05-05,UA_MBA_Website_Leads V3,UA_MBA_Website_Leads V3 (INT 01) C02,41.83,,,0,0,42,,0,-,-,-,0%,0
Meta Ads,,FaceBook_University_Admit,2026-05-05,UA_MBA_Website_Leads V3,UA_MBA_Website_Leads V3 (INT 02) C02,896.07,5,7,0,0,179,1,0,-,-,-,-40%,0
Meta Ads,,FaceBook_University_Admit,2026-05-05,UA_MBA_Website_Leads V3,UA_MBA_Website_Leads V3 (INT 03) C01,92.93,,,0,0,93,,0,-,-,-,0%,0
Meta Ads,,FaceBook_University_Admit,2026-05-05,UA_MBA_Website_Leads V4,UA_MBA_Website_Leads V4 (INT 01) C01,47.33,,,0,0,47,,0,-,-,-,0%,0
Meta Ads,,FaceBook_University_Admit,2026-05-05,UA_MBA_Website_Leads V4,UA_MBA_Website_Leads V4 (INT 01) C02,306.24,1,,0,0,306,1,0,-,-,-,100%,0
Meta Ads,,FaceBook_University_Admit,2026-05-05,UA_MBA_Website_Leads V4,UA_MBA_Website_Leads V4 (INT 01) C03,844.79,3,,0,0,282,3,0,-,-,-,100%,0
Meta Ads,,FaceBook_University_Admit,2026-05-05,UA_MBA_Website_Leads V4,UA_MBA_Website_Leads V4 (INT 01) C04,352.68,,,0,0,353,,0,-,-,-,0%,0
Meta Ads,,FaceBook_Degreefyd_B,2026-05-05,IGNOU_Online_Courses_Admission_DFYD,IGNOU_Online_Courses_Admission_DFYD_Delhi_NCR_Ad01,1004.77,42,41,1,0,24,1,0,1004.77,-,-,2%,0
Meta Ads,,FaceBook_Degreefyd_B,2026-05-05,Galgotias_Lead_2026,Galgotias_Leads_2026_P_Ad_01,1845.6,28,22,0,0,66,1,0,-,-,-,21%,0
Meta Ads,,FaceBook_Degreefyd_B,2026-05-05,IGNOU_Online_Courses_Admission_DFYD,IGNOU_Online_Courses_Admission_DFYD_Rest_Ad01,555.2,20,18,0,0,28,1,0,-,-,-,10%,0
Meta Ads,,FaceBook_Degreefyd_B,2026-05-05,IGNOU_ONLINE_DEGREE,IGNOU_ONLINE_Degree_CR1,412.53,6,5,0,0,69,1,0,-,-,-,17%,0
Meta Ads,,FaceBook_Degreefyd_B,2026-05-05,UG_Online_Admission_2026 _SF,UG_Online_Admission_SF_Ad_Set01_Ad02,343.79,2,7,0,0,172,0,0,-,-,-,-250%,0
Meta Ads,,FaceBook_Degreefyd_B,2026-05-05,Ignou_Online_MBA,Ignou_Online_MBA_SF_Ad1,226.95,1,,0,0,227,1,0,-,-,-,100%,0
Meta Ads,,FaceBook_Degreefyd_B,2026-05-05,Online_MBA_SF_G1,Online_MBA_SF_G1_CR1,85.33,1,,0,0,85,1,0,-,-,-,100%,0
Meta Ads,,FaceBook_Degreefyd_B,2026-05-05,UG_Online_Admission_2026 _SF,UG_Online_Admission_SF_Ad_Set01_Ad01,102.29,1,7,0,0,102,0,0,-,-,-,-600%,0
Meta Ads,,FaceBook_Degreefyd_B,2026-05-05,ONLINE_MBA_SF_ASH_3,ONLINE_MBA_SF_ASH_3_CR1,177.16,1,1,0,0,177,1,0,-,-,-,0%,0
Meta Ads,,FaceBook_Degreefyd_B,2026-05-05,Online_MBA_SF_G1,Online_MBA_SF_G1_CR2,35,,,0,0,35,,0,-,-,-,0%,0
Meta Ads,,FaceBook_Degreefyd_B,2026-05-05,Online_UG&PG_SF,Online_UG&PG_SF_CR1,70.24,,,0,0,70,,0,-,-,-,0%,0
Meta Ads,,FaceBook_Degreefyd_B,2026-05-05,Online_BBA_SF_ASH_1,Online_BBA_SF_ASH_CR1,218.8,,,0,0,219,,0,-,-,-,0%,0
Meta Ads,,FaceBook_Degreefyd_B,2026-05-05,Online_UG&PG_SF,Online_UG&PG_SF_CR2,208.57,,,0,0,209,,0,-,-,-,0%,0
Meta Ads,,FaceBook_Degreefyd_B,2026-05-05,Online_UG_Video_SF,Online_UG_Video_SF_VD2,225.72,,,0,0,226,,0,-,-,-,0%,0
Meta Ads,,FaceBook_Degreefyd_B,2026-05-05,ONLINE_MBA_SF_ASH_2,ONLINE_MBA_SF_ASH_2_CR1,145.9,,,0,0,146,,0,-,-,-,0%,0
Meta Ads,,FaceBook_Degreefyd_B,2026-05-05,Amity_Online_MBA_SF,Amity_Online_MBA_SF_CR1,220.8,,1,0,0,221,0,0,-,-,-,0%,0
Meta Ads,,FaceBook_Degreefyd_B,2026-05-05,ONLINE_MBA_SF_ASH_2,ONLINE_MBA_SF_ASH_2_CR2,93.5,,,0,0,94,,0,-,-,-,0%,0
Meta Ads,,FaceBook_Degreefyd_B,2026-05-05,ONLINE_MBA_SF_ASH_3,ONLINE_MBA_SF_ASH_3_CR2,36.59,,,0,0,37,,0,-,-,-,0%,0
Meta Ads,,FaceBook_Degreefyd_B,2026-05-05,CU_ONLINE_UG&PG_ASH_4,CU_ONLINE_UG&PG_ASH_4_CR1,76.77,,,0,0,77,,0,-,-,-,0%,0
Meta Ads,,FaceBook_Degreefyd_B,2026-05-05,CU_ONLINE_UG&PG_ASH_4,CU_ONLINE_UG&PG_ASH_4_CR2,72.29,,,0,0,72,,0,-,-,-,0%,0
Meta Ads,,FaceBook_Degreefyd_B,2026-05-05,Manipal_Online_UG&PG_SF,Manipal_Online_UG&PG_SF_CR1,121.89,,,0,0,122,,0,-,-,-,0%,0
Meta Ads,,FaceBook_Degreefyd_B,2026-05-05,AMITY_ONLINE_UG&PG_ASH_5,AMITY_ONLINE_UG&PG_ASH_5_CR1,22.08,,,0,0,22,,0,-,-,-,0%,0
Meta Ads,,FaceBook_Degreefyd_B,2026-05-05,AMITY_ONLINE_UG&PG_ASH_5,AMITY_ONLINE_UG&PG_ASH_5_CR2,11.65,,,0,0,12,,0,-,-,-,0%,0
Meta Ads,,FaceBook_Degreefyd_B,2026-05-05,Shoolini_Online_UG&PG_SF,Shoolini_Online_UG&PG_SF_CR1,3.42,,,0,0,3,,0,-,-,-,0%,0
Meta Ads,,FaceBook_Degreefyd_B,2026-05-05,Manipal_Online_UG&PG_SF,Manipal_Online_UG&PG_SF_CR2,35.98,,,0,0,36,,0,-,-,-,0%,0
Meta Ads,,FaceBook_Degreefyd_B,2026-05-05,Shoolini_Online_UG&PG_SF,Shoolini_Online_UG&PG_SF_CR2,9.15,,,0,0,9,,0,-,-,-,0%,0
Meta Ads,,FaceBook_Degreefyd_B,2026-05-05,Shoolini_Online_UG&PG_IF,Shoolini_Online_UG&PG_IF_CR2,0.19,,,0,0,0,,0,-,-,-,0%,0
Google Ads,Brand,EP_Partnere_Shoolini_DFYD,2026-05-05,Shoolini_Online_Delta,23534722448,579.55,1,1,0,0,580,1,0,-,-,-,0%,0
Google Ads,DSA,Degreefyd_Generic_Regular,2026-05-05,DSA_Admission_Online_Distance,23349276370,528.12,35.99,27,0,0,15,1,0,-,-,-,25%,0
Google Ads,Brand,Amity_Partner_001,2026-05-05,Partner_Amity_Online_2026,23228113322,6188.71,19,18,0,0,326,1,0,-,-,-,5%,0
Google Ads,Brand,EP_Partner_Amity_Online_DFYD,2026-05-05,Amity_Online_Admission_MBA,23659350616,848.75,2,2,0,0,424,1,0,-,-,-,0%,0
Google Ads,Brand,EP_Partner_Amity_Online_DFYD,2026-05-05,Amity_University_Gurugram,23807086200,624.96,3,,0,0,208,3,0,-,-,-,100%,0
Google Ads,Brand,EP_Partner_Amity_Online_DFYD,2026-05-05,Amity_University_Raipur,23810994645,410.99,1,,0,0,411,1,0,-,-,-,100%,0
Google Ads,Brand,EP_Partner_Amity_Online_DFYD,2026-05-05,Amity_University_Lucknow,23814823859,611.69,4,,0,0,153,4,0,-,-,-,100%,0
Google Ads,Brand,EP_Partner_Amity_Online_DFYD,2026-05-05,Amity_University_Mumbai,23820721369,618.26,3,,0,0,206,3,0,-,-,-,100%,0
Google Ads,Brand,EP_Partner_Amity_Online_DFYD,2026-05-05,Amity_University_Gwalior,23821027168,411.26,4,,0,0,103,4,0,-,-,-,100%,0
,,,,,,,,,0,0,,,,-,-,-,0%
,,,,,,,,,0,0,,,,-,-,-,0%
,,,,,,,,,0,0,,,,-,-,-,0%
,,,,,,,,,0,0,,,,-,-,-,0%
,,,,,,,,,0,0,,,,-,-,-,0%
,,,,,,,,,0,0,,,,-,-,-,0%
,,,,,,,,,0,0,,,,-,-,-,0%
,,,,,,,,,0,0,,,,-,-,-,0%
,,,,,,,,,0,0,,,,-,-,-,0%
,,,,,,,,,0,0,,,,-,-,-,0%
,,,,,,,,,0,0,,,,-,-,-,0%
,,,,,,,,,0,0,,,,-,-,-,0%
,,,,,,,,,0,0,,,,-,-,-,0%
,,,,,,,,,0,0,,,,-,-,-,0%
,,,,,,,,,0,0,,,,-,-,-,0%
,,,,,,,,,0,0,,,,-,-,-,0%
,,,,,,,,,0,0,,,,-,-,-,0%
,,,,,,,,,0,0,,,,-,-,-,0%
,,,,,,,,,0,0,,,,-,-,-,0%
,,,,,,,,,0,0,,,,-,-,-,0%
,,,,,,,,,0,0,,,,-,-,-,0%
,,,,,,,,,0,0,,,,-,-,-,0%
,,,,,,,,,0,0,,,,-,-,-,0%
,,,,,,,,,0,0,,,,-,-,-,0%
,,,,,,,,,0,0,,,,-,-,-,0%
,,,,,,,,,0,0,,,,-,-,-,0%
,,,,,,,,,0,0,,,,-,-,-,0%
,,,,,,,,,0,0,,,,-,-,-,0%
,,,,,,,,,0,0,,,,-,-,-,0%
,,,,,,,,,0,0,,,,-,-,-,0%
,,,,,,,,,0,0,,,,-,-,-,0%
,,,,,,,,,0,0,,,,-,-,-,0%
,,,,,,,,,0,0,,,,-,-,-,0%
,,,,,,,,,0,0,,,,-,-,-,0%
,,,,,,,,,0,0,,,,-,-,-,0%
,,,,,,,,,0,0,,,,-,-,-,0%
,,,,,,,,,0,0,,,,-,-,-,0%
,,,,,,,,,0,0,,,,-,-,-,0%
,,,,,,,,,0,0,,,,-,-,-,0%
,,,,,,,,,0,0,,,,-,-,-,0%
,,,,,,,,,0,0,,,,-,-,-,0%
,,,,,,,,,0,0,,,,-,-,-,0%
,,,,,,,,,0,0,,,,-,-,-,0%
,,,,,,,,,0,0,,,,-,-,-,0%
,,,,,,,,,0,0,,,,-,-,-,0%
,,,,,,,,,0,0,,,,-,-,-,0%
,,,,,,,,,0,0,,,,-,-,-,0%
,,,,,,,,,0,0,,,,-,-,-,0%
,,,,,,,,,0,0,,,,-,-,-,0%
,,,,,,,,,0,0,,,,-,-,-,0%
,,,,,,,,,0,0,,,,-,-,-,0%
,,,,,,,,,0,0,,,,-,-,-,0%
,,,,,,,,,0,0,,,,-,-,-,0%
,,,,,,,,,0,0,,,,-,-,-,0%
,,,,,,,,,0,0,,,,-,-,-,0%
,,,,,,,,,0,0,,,,-,-,-,0%
,,,,,,,,,0,0,,,,-,-,-,0%
,,,,,,,,,0,0,,,,-,-,-,0%
,,,,,,,,,0,0,,,,-,-,-,0%
,,,,,,,,,0,0,,,,-,-,-,0%
,,,,,,,,,0,0,,,,-,-,-,0%
,,,,,,,,,0,0,,,,-,-,-,0%
,,,,,,,,,0,0,,,,-,-,-,0%
,,,,,,,,,0,0,,,,-,-,-,0%
,,,,,,,,,0,0,,,,-,-,-,0%
,,,,,,,,,0,0,,,,-,-,-,0%
,,,,,,,,,0,0,,,,-,-,-,0%
,,,,,,,,,0,0,,,,-,-,-,0%
,,,,,,,,,0,0,,,,-,-,-,0%
,,,,,,,,,0,0,,,,-,-,-,0%
,,,,,,,,,0,0,,,,-,-,-,0%
,,,,,,,,,0,0,,,,-,-,-,0%
,,,,,,,,,0,0,,,,-,-,-,0%
,,,,,,,,,0,0,,,,-,-,-,0%
,,,,,,,,,0,0,,,,-,-,-,0%
,,,,,,,,,0,0,,,,-,-,-,0%
,,,,,,,,,0,0,,,,-,-,-,0%
,,,,,,,,,0,0,,,,-,-,-,0%
,,,,,,,,,0,0,,,,-,-,-,0%
,,,,,,,,,0,0,,,,-,-,-,0%
,,,,,,,,,0,0,,,,-,-,-,0%
,,,,,,,,,0,0,,,,-,-,-,0%
,,,,,,,,,0,0,,,,-,-,-,0%
,,,,,,,,,0,0,,,,-,-,-,0%
,,,,,,,,,0,0,,,,-,-,-,0%
,,,,,,,,,0,0,,,,-,-,-,0%
,,,,,,,,,0,0,,,,-,-,-,0%
,,,,,,,,,0,0,,,,-,-,-,0%
,,,,,,,,,0,0,,,,-,-,-,0%
,,,,,,,,,0,0,,,,-,-,-,0%
,,,,,,,,,0,0,,,,-,-,-,0%
,,,,,,,,,0,0,,,,-,-,-,0%
,,,,,,,,,0,0,,,,-,-,-,0%
,,,,,,,,,0,0,,,,-,-,-,0%
,,,,,,,,,0,0,,,,-,-,-,0%
,,,,,,,,,0,0,,,,-,-,-,0%
,,,,,,,,,0,0,,,,-,-,-,0%
,,,,,,,,,0,0,,,,-,-,-,0%
,,,,,,,,,0,0,,,,-,-,-,0%
,,,,,,,,,0,0,,,,-,-,-,0%
,,,,,,,,,0,0,,,,-,-,-,0%
,,,,,,,,,0,0,,,,-,-,-,0%
,,,,,,,,,0,0,,,,-,-,-,0%
,,,,,,,,,0,0,,,,-,-,-,0%
,,,,,,,,,0,0,,,,-,-,-,0%
,,,,,,,,,0,0,,,,-,-,-,0%
,,,,,,,,,0,0,,,,-,-,-,0%
,,,,,,,,,0,0,,,,-,-,-,0%
,,,,,,,,,0,0,,,,-,-,-,0%
,,,,,,,,,0,0,,,,-,-,-,0%
,,,,,,,,,0,0,,,,-,-,-,0%
,,,,,,,,,0,0,,,,-,-,-,0%
,,,,,,,,,0,0,,,,-,-,-,0%
,,,,,,,,,0,0,,,,-,-,-,0%
,,,,,,,,,0,0,,,,-,-,-,0%
,,,,,,,,,0,0,,,,-,-,-,0%
,,,,,,,,,0,0,,,,-,-,-,0%
,,,,,,,,,0,0,,,,-,-,-,0%
,,,,,,,,,0,0,,,,-,-,-,0%
,,,,,,,,,0,0,,,,-,-,-,0%
,,,,,,,,,0,0,,,,-,-,-,0%
,,,,,,,,,0,0,,,,-,-,-,0%
,,,,,,,,,0,0,,,,-,-,-,0%
,,,,,,,,,0,0,,,,-,-,-,0%
,,,,,,,,,0,0,,,,-,-,-,0%
,,,,,,,,,0,0,,,,-,-,-,0%
,,,,,,,,,0,0,,,,-,-,-,0%
,,,,,,,,,0,0,,,,-,-,-,0%
,,,,,,,,,0,0,,,,-,-,-,0%
,,,,,,,,,0,0,,,,-,-,-,0%
,,,,,,,,,0,0,,,,-,-,-,0%
,,,,,,,,,0,0,,,,-,-,-,0%
,,,,,,,,,0,0,,,,-,-,-,0%
,,,,,,,,,0,0,,,,-,-,-,0%
,,,,,,,,,0,0,,,,-,-,-,0%
,,,,,,,,,0,0,,,,-,-,-,0%
,,,,,,,,,0,0,,,,-,-,-,0%
,,,,,,,,,0,0,,,,-,-,-,0%
,,,,,,,,,0,0,,,,-,-,-,0%
,,,,,,,,,0,0,,,,-,-,-,0%
,,,,,,,,,0,0,,,,-,-,-,0%
,,,,,,,,,0,0,,,,-,-,-,0%
,,,,,,,,,0,0,,,,-,-,-,0%
,,,,,,,,,0,0,,,,-,-,-,0%
,,,,,,,,,0,0,,,,-,-,-,0%
,,,,,,,,,0,0,,,,-,-,-,0%
,,,,,,,,,0,0,,,,-,-,-,0%
,,,,,,,,,0,0,,,,-,-,-,0%
,,,,,,,,,0,0,,,,-,-,-,0%
,,,,,,,,,0,0,,,,-,-,-,0%
,,,,,,,,,0,0,,,,-,-,-,0%
,,,,,,,,,0,0,,,,-,-,-,0%
,,,,,,,,,0,0,,,,-,-,-,0%
,,,,,,,,,0,0,,,,-,-,-,0%
,,,,,,,,,0,0,,,,-,-,-,0%
,,,,,,,,,0,0,,,,-,-,-,0%
,,,,,,,,,0,0,,,,-,-,-,0%
,,,,,,,,,0,0,,,,-,-,-,0%
,,,,,,,,,0,0,,,,-,-,-,0%
,,,,,,,,,0,0,,,,-,-,-,0%
,,,,,,,,,0,0,,,,-,-,-,0%
,,,,,,,,,0,0,,,,-,-,-,0%
,,,,,,,,,0,0,,,,-,-,-,0%
,,,,,,,,,0,0,,,,-,-,-,0%
,,,,,,,,,0,0,,,,-,-,-,0%
,,,,,,,,,0,0,,,,-,-,-,0%
,,,,,,,,,0,0,,,,-,-,-,0%
,,,,,,,,,0,0,,,,-,-,-,0%
,,,,,,,,,0,0,,,,-,-,-,0%
,,,,,,,,,0,0,,,,-,-,-,0%
,,,,,,,,,0,0,,,,-,-,-,0%
,,,,,,,,,0,0,,,,-,-,-,0%
,,,,,,,,,0,0,,,,-,-,-,0%
,,,,,,,,,0,0,,,,-,-,-,0%
,,,,,,,,,0,0,,,,-,-,-,0%
,,,,,,,,,0,0,,,,-,-,-,0%
,,,,,,,,,0,0,,,,-,-,-,0%
,,,,,,,,,0,0,,,,-,-,-,0%
,,,,,,,,,0,0,,,,-,-,-,0%
,,,,,,,,,0,0,,,,-,-,-,0%
,,,,,,,,,0,0,,,,-,-,-,0%
,,,,,,,,,0,0,,,,-,-,-,0%
,,,,,,,,,0,0,,,,-,-,-,0%
,,,,,,,,,0,0,,,,-,-,-,0%
,,,,,,,,,0,0,,,,-,-,-,0%
,,,,,,,,,0,0,,,,-,-,-,0%
,,,,,,,,,0,0,,,,-,-,-,0%
,,,,,,,,,0,0,,,,-,-,-,0%
,,,,,,,,,0,0,,,,-,-,-,0%
,,,,,,,,,0,0,,,,-,-,-,0%
,,,,,,,,,0,0,,,,-,-,-,0%
,,,,,,,,,0,0,,,,-,-,-,0%
,,,,,,,,,0,0,,,,-,-,-,0%
,,,,,,,,,0,0,,,,-,-,-,0%
,,,,,,,,,0,0,,,,-,-,-,0%
,,,,,,,,,0,0,,,,-,-,-,0%
,,,,,,,,,0,0,,,,-,-,-,0%
,,,,,,,,,0,0,,,,-,-,-,0%
,,,,,,,,,0,0,,,,-,-,-,0%
,,,,,,,,,0,0,,,,-,-,-,0%
,,,,,,,,,0,0,,,,-,-,-,0%
,,,,,,,,,0,0,,,,-,-,-,0%
,,,,,,,,,0,0,,,,-,-,-,0%
,,,,,,,,,0,0,,,,-,-,-,0%
,,,,,,,,,0,0,,,,-,-,-,0%
,,,,,,,,,0,0,,,,-,-,-,0%
,,,,,,,,,0,0,,,,-,-,-,0%
,,,,,,,,,0,0,,,,-,-,-,0%
,,,,,,,,,0,0,,,,-,-,-,0%
,,,,,,,,,0,0,,,,-,-,-,0%
,,,,,,,,,0,0,,,,-,-,-,0%
,,,,,,,,,0,0,,,,-,-,-,0%
,,,,,,,,,0,0,,,,-,-,-,0%
,,,,,,,,,0,0,,,,-,-,-,0%
,,,,,,,,,0,0,,,,-,-,-,0%
,,,,,,,,,0,0,,,,-,-,-,0%
,,,,,,,,,0,0,,,,-,-,-,0%
,,,,,,,,,0,0,,,,-,-,-,0%
,,,,,,,,,0,0,,,,-,-,-,0%
,,,,,,,,,0,0,,,,-,-,-,0%
,,,,,,,,,0,0,,,,-,-,-,0%
,,,,,,,,,0,0,,,,-,-,-,0%
,,,,,,,,,0,0,,,,-,-,-,0%
,,,,,,,,,0,0,,,,-,-,-,0%
,,,,,,,,,0,0,,,,-,-,-,0%
,,,,,,,,,0,0,,,,-,-,-,0%
,,,,,,,,,0,0,,,,-,-,-,0%
,,,,,,,,,0,0,,,,-,-,-,0%
,,,,,,,,,0,0,,,,-,-,-,0%
,,,,,,,,,0,0,,,,-,-,-,0%
,,,,,,,,,0,0,,,,-,-,-,0%
,,,,,,,,,0,0,,,,-,-,-,0%
,,,,,,,,,0,0,,,,-,-,-,0%
,,,,,,,,,0,0,,,,-,-,-,0%
,,,,,,,,,0,0,,,,-,-,-,0%
,,,,,,,,,0,0,,,,-,-,-,0%
,,,,,,,,,0,0,,,,-,-,-,0%
,,,,,,,,,0,0,,,,-,-,-,0%
,,,,,,,,,0,0,,,,-,-,-,0%
,,,,,,,,,0,0,,,,-,-,-,0%
,,,,,,,,,0,0,,,,-,-,-,0%
,,,,,,,,,0,0,,,,-,-,-,0%
,,,,,,,,,0,0,,,,-,-,-,0%
,,,,,,,,,0,0,,,,-,-,-,0%
,,,,,,,,,0,0,,,,-,-,-,0%
,,,,,,,,,0,0,,,,-,-,-,0%
,,,,,,,,,0,0,,,,-,-,-,0%
,,,,,,,,,0,0,,,,-,-,-,0%
,,,,,,,,,0,0,,,,-,-,-,0%
,,,,,,,,,0,0,,,,-,-,-,0%
,,,,,,,,,0,0,,,,-,-,-,0%
,,,,,,,,,0,0,,,,-,-,-,0%
,,,,,,,,,0,0,,,,-,-,-,0%
,,,,,,,,,0,0,,,,-,-,-,0%
,,,,,,,,,0,0,,,,-,-,-,0%
,,,,,,,,,0,0,,,,-,-,-,0%
,,,,,,,,,0,0,,,,-,-,-,0%
,,,,,,,,,0,0,,,,-,-,-,0%
,,,,,,,,,0,0,,,,-,-,-,0%
,,,,,,,,,0,0,,,,-,-,-,0%
,,,,,,,,,0,0,,,,-,-,-,0%
,,,,,,,,,0,0,,,,-,-,-,0%
,,,,,,,,,0,0,,,,-,-,-,0%
,,,,,,,,,0,0,,,,-,-,-,0%
,,,,,,,,,0,0,,,,-,-,-,0%
,,,,,,,,,0,0,,,,-,-,-,0%
,,,,,,,,,0,0,,,,-,-,-,0%
,,,,,,,,,0,0,,,,-,-,-,0%
,,,,,,,,,0,0,,,,-,-,-,0%
,,,,,,,,,0,0,,,,-,-,-,0%
,,,,,,,,,0,0,,,,-,-,-,0%
,,,,,,,,,0,0,,,,-,-,-,0%
,,,,,,,,,0,0,,,,-,-,-,0%
,,,,,,,,,0,0,,,,-,-,-,0%
,,,,,,,,,0,0,,,,-,-,-,0%
,,,,,,,,,0,0,,,,-,-,-,0%
,,,,,,,,,0,0,,,,-,-,-,0%
,,,,,,,,,0,0,,,,-,-,-,0%
,,,,,,,,,0,0,,,,-,-,-,0%
,,,,,,,,,0,0,,,,-,-,-,0%
,,,,,,,,,0,0,,,,-,-,-,0%
