Platform,Meta,Meta,Meta,Meta,Meta,Meta,LMS,FFH Sheet,FFH Sheet,Fornula,Fornula,FFH Sheet,Formula,Formula,Formula,Formula
Platform,Account,Date,Campaign,Ad Name,Spends,Pannel_Lead,Lead_LMS,FFH,Adm,CPL Pannel,CPL LMS,Invoicing_Var,CAC FFH,CAC Adm,CAC / ARPU,Lead Dup
Google Ads,Degreefyd_Generic_Regular,2025-12-02,DSA_Punjab_Generic_Admission,23292287218,7.29,0,0,0,0,7,7,0,-,-,-,0%
Google Ads,Degreefyd_Generic_Regular,2025-12-03,DSA_Punjab_Generic_Admission,23292287218,12.48,0,0,0,0,12,12,0,-,-,-,0%
Google Ads,Degreefyd_Generic_Regular,2025-12-04,DSA_Punjab_Generic_Admission,23292287218,6.56,0,0,0,0,7,7,0,-,-,-,0%
Google Ads,Degreefyd_Generic_Regular,2025-12-05,DSA_Punjab_Generic_Admission,23292287218,5.67,0,0,0,0,6,6,0,-,-,-,0%
Google Ads,Degreefyd_Generic_Regular,2026-01-08,DSA_Punjab_Generic_Admission,23292287218,31.15,1,1,0,0,31,31,0,-,-,-,0%
Google Ads,Degreefyd_Generic_Regular,2026-01-09,DSA_Punjab_Generic_Admission,23292287218,35.33,0,0,0,0,35,35,0,-,-,-,0%
Google Ads,Degreefyd_Standard_Generic,2026-01-09,Punjab_Engineering_Admissions,23439004530,453.89,2,1,0,0,227,454,0,-,-,-,50%
Google Ads,Degreefyd_Standard_Generic,2026-01-09,Punjab_Admissions,23443833083,632.33,2,2,0,0,316,316,0,-,-,-,0%
Google Ads,Degreefyd_Generic_Regular,2026-01-10,DSA_Punjab_Generic_Admission,23292287218,488.64,5,5,0,0,98,98,0,-,-,-,0%
Google Ads,Degreefyd_Standard_Generic,2026-01-10,Punjab_Admissions,23443833083,596.76,2,2,0,0,298,298,0,-,-,-,0%
Google Ads,Degreefyd_Standard_Generic,2026-01-10,Punjab_Engineering_Admissions,23439004530,496.47,1,1,0,0,496,496,0,-,-,-,0%
Google Ads,Degreefyd_Generic_Regular,2026-01-11,DSA_Punjab_Generic_Admission,23292287218,178.82,5,5,0,0,36,36,0,-,-,-,0%
Google Ads,Degreefyd_Standard_Generic,2026-01-11,Punjab_Admissions,23443833083,649.51,3,1,0,0,217,650,0,-,-,-,67%
Google Ads,Degreefyd_Generic_Competitor_Regular,2026-01-11,Punjab_Competitor_Uni_Punjabi,23442240654,589.76,0,0,0,0,590,590,0,-,-,-,0%
Google Ads,Degreefyd_Standard_Generic,2026-01-11,Punjab_Engineering_Admissions,23439004530,479.73,2,1,0,0,240,480,0,-,-,-,50%
Google Ads,Degreefyd_Generic_Regular,2026-01-12,DSA_Punjab_Generic_Admission,23292287218,320.77,11,8,1,0,29,40,0,320.77,-,-,27%
Google Ads,Degreefyd_Generic_Competitor_Regular,2026-01-12,Punjab_Competitor_Uni_Punjabi,23442240654,374.68,0,0,0,0,375,375,0,-,-,-,0%
Google Ads,Degreefyd_Standard_Generic,2026-01-12,Punjab_Engineering_Admissions,23439004530,571.45,1,1,0,0,571,571,0,-,-,-,0%
Google Ads,Degreefyd_Standard_Generic,2026-01-12,Punjab_Admissions,23443833083,655.36,3,3,0,0,218,218,0,-,-,-,0%
Google Ads,Degreefyd_Generic_Regular,2026-01-13,DSA_Punjab_Generic_Admission,23292287218,209.68,6,4,1,2,35,52,29764,209.68,104.84,0.70%,33%
Google Ads,Degreefyd_Standard_Generic,2026-01-13,Punjab_Engineering_Admissions,23439004530,561.32,2,2,0,0,281,281,0,-,-,-,0%
Google Ads,Degreefyd_Standard_Generic,2026-01-13,Punjab_Admissions,23443833083,575.98,3,3,0,0,192,192,0,-,-,-,0%
Google Ads,Degreefyd_Generic_Competitor_Regular,2026-01-13,Punjab_Competitor_Uni_Punjabi,23442240654,304.01,2,2,0,0,152,152,0,-,-,-,0%
Google Ads,Degreefyd_Generic_Regular,2026-01-14,DSA_Punjab_Generic_Admission,23292287218,242.45,12,9,1,0,20,27,0,242.45,-,-,25%
Google Ads,Degreefyd_Generic_Competitor_Regular,2026-01-14,Punjab_Competitor_Uni_Punjabi,23442240654,326.14,2,1,0,0,163,326,0,-,-,-,50%
Google Ads,Degreefyd_Standard_Generic,2026-01-14,Punjab_Engineering_Admissions,23439004530,440.08,2,2,1,1,220,220,12852,440.08,440.08,3.42%,0%
Google Ads,Degreefyd_Standard_Generic,2026-01-14,Punjab_Admissions,23443833083,737.72,5,4,0,0,148,184,0,-,-,-,20%
Google Ads,Degreefyd_Standard_Generic,2026-01-15,Punjab_Engineering_Admissions,23439004530,479.59,1,1,0,0,480,480,0,-,-,-,0%
Google Ads,Degreefyd_Standard_Generic,2026-01-15,Punjab_Admissions,23443833083,726.63,3,3,1,0,242,242,0,726.63,-,-,0%
Google Ads,Degreefyd_Generic_Regular,2026-01-15,DSA_Punjab_Generic_Admission,23292287218,798.08,19.17,18,0,0,42,44,0,-,-,-,6%
Google Ads,Degreefyd_Generic_Competitor_Regular,2026-01-15,Punjab_Competitor_Uni_Punjabi,23442240654,313.09,2,2,0,0,157,157,0,-,-,-,0%
Google Ads,Degreefyd_Generic_Competitor_Regular,2026-01-16,Punjab_Competitor_Uni_Punjabi,23442240654,310.17,2,2,0,0,155,155,0,-,-,-,0%
Google Ads,Degreefyd_Standard_Generic,2026-01-16,Punjab_Engineering_Admissions,23439004530,457.76,2,3,1,0,229,153,0,457.76,-,-,-50%
Google Ads,Degreefyd_Standard_Generic,2026-01-16,Punjab_Admissions,23443833083,625.2,2,2,0,0,313,313,0,-,-,-,0%
Google Ads,Degreefyd_Generic_Regular,2026-01-16,DSA_Punjab_Generic_Admission,23292287218,878.56,19,12,1,1,46,73,15540,878.56,878.56,5.65%,37%
Google Ads,Degreefyd_Generic_Regular,2026-01-16,DSA_Punjab_Generic_Admission_Colleges,23463111599,320.36,8,5,0,0,40,64,0,-,-,-,38%
Google Ads,EP_LPU_Online_DFYD,2026-01-16,LPU_Online_Admission,23462286432,274.3,2,2,0,0,137,137,0,-,-,-,0%
Google Ads,EP_CU_Online_DFYD,2026-01-17,CU_Online_Admission,23470383548,63.84,0,0,0,0,64,64,0,-,-,-,0%
Google Ads,EP_LPU_Online_DFYD,2026-01-17,LPU_Online_Admission,23462286432,902.76,4,4,0,0,226,226,0,-,-,-,0%
Google Ads,Degreefyd_Standard_Generic,2026-01-17,Punjab_Engineering_Admissions,23439004530,500.97,2,1,0,0,250,501,0,-,-,-,50%
Google Ads,Degreefyd_Standard_Generic,2026-01-17,Punjab_Admissions,23443833083,797.85,5,2,0,0,160,399,0,-,-,-,60%
Google Ads,Degreefyd_Generic_Competitor_Regular,2026-01-17,Punjab_Competitor_Uni_Punjabi,23442240654,330.54,3,2,1,1,110,165,3528,330.54,330.54,9.37%,33%
Google Ads,Degreefyd_Generic_Regular,2026-01-17,DSA_Punjab_Generic_Admission,23292287218,1025.44,16,14,1,0,64,73,0,1025.44,-,-,13%
Google Ads,Degreefyd_Generic_Regular,2026-01-17,DSA_Punjab_Generic_Admission_Colleges,23463111599,521.14,7,2,0,0,74,261,0,-,-,-,71%
Google Ads,Degreefyd_Generic_Exam,2026-01-18,JEE_Mains_Admit_Card,23465747037,268.07,17.33,17,0,0,15,16,0,-,-,-,2%
Google Ads,Degreefyd_Generic_Regular,2026-01-18,DSA_Punjab_Generic_Admission,23292287218,1004,16.67,14,1,1,60,72,15582,1004,1004,6.44%,16%
Google Ads,Degreefyd_Generic_Regular,2026-01-18,DSA_Punjab_Generic_Admission_Colleges,23463111599,431.96,6,9,0,0,72,48,0,-,-,-,-50%
Google Ads,Degreefyd_Generic_Competitor_Regular,2026-01-18,Punjab_Competitor_Uni_Punjabi,23442240654,317.67,2,3,0,0,159,106,0,-,-,-,-50%
Google Ads,Degreefyd_Standard_Generic,2026-01-18,Punjab_Engineering_Admissions,23439004530,439.28,0,0,0,0,439,439,0,-,-,-,0%
Google Ads,Degreefyd_Standard_Generic,2026-01-18,Punjab_Admissions,23443833083,588.07,3,3,0,0,196,196,0,-,-,-,0%
Google Ads,EP_LPU_Online_DFYD,2026-01-18,LPU_Online_Admission,23462286432,1036.99,7,7,0,0,148,148,0,-,-,-,0%
Google Ads,EP_CU_Online_DFYD,2026-01-18,CU_Online_Admission,23470383548,880.59,4,3,0,0,220,294,0,-,-,-,25%
Google Ads,EP_LPU_Online_DFYD,2026-01-19,LPU_Online_Admission,23462286432,1589.45,11,11,1,0,144,144,0,1589.45,-,-,0%
Google Ads,EP_CU_Online_DFYD,2026-01-19,CU_Online_Admission,23470383548,1151.94,8,7,4,2,144,165,27258.77966,287.985,575.97,4.23%,13%
Google Ads,Degreefyd_Generic_Exam,2026-01-19,JEE_Mains_Admit_Card,23465747037,806.69,55.5,49,0,0,15,16,0,-,-,-,12%
Google Ads,Degreefyd_Generic_Competitor_Regular,2026-01-19,Punjab_Competitor_Uni_Punjabi,23442240654,272.93,1,1,0,0,273,273,0,-,-,-,0%
Google Ads,Degreefyd_Standard_Generic,2026-01-19,Punjab_Engineering_Admissions,23439004530,201.17,1,1,0,0,201,201,0,-,-,-,0%
Google Ads,Degreefyd_Standard_Generic,2026-01-19,Punjab_Admissions,23443833083,191.33,0,,0,0,191,191,0,-,-,-,0%
Google Ads,Degreefyd_Generic_Regular,2026-01-19,DSA_Punjab_Generic_Admission,23292287218,347.48,6.5,4,1,1,53,87,5124,347.48,347.48,6.78%,38%
Google Ads,Degreefyd_Generic_Regular,2026-01-19,DSA_Punjab_Generic_Admission_Colleges,23463111599,540.2,6,5,0,0,90,108,0,-,-,-,17%
Google Ads,EP_CU_Online_DFYD,2026-01-20,CU_Online_Admission,23470383548,973.73,2,1,0,0,487,974,0,-,-,-,50%
Google Ads,EP_LPU_Online_DFYD,2026-01-20,LPU_Online_Admission,23462286432,672.35,2,2,0,0,336,336,0,-,-,-,0%
Google Ads,Degreefyd_Generic_Regular,2026-01-20,DSA_Punjab_Generic_Admission_Colleges,23463111599,528.06,11.5,10,1,1,46,53,3528,528.06,528.06,14.97%,13%
Google Ads,Degreefyd_Generic_Exam,2026-01-20,JEE_Mains_Admit_Card,23465747037,307.85,26,20,2,0,12,15,0,153.925,-,-,23%
Google Ads,Degreefyd_Generic_Regular,2026-01-21,DSA_Punjab_Generic_Admission_Colleges,23463111599,616.53,14,11,2,3,44,56,49238,308.265,205.51,1.25%,21%
Google Ads,EP_LPU_Online_DFYD,2026-01-21,LPU_Online_Admission,23462286432,2017.64,1,1,0,0,2018,2018,0,-,-,-,0%
Google Ads,EP_CU_Online_DFYD,2026-01-21,CU_Online_Admission,23470383548,1419.23,5,5,1,0,284,284,0,1419.23,-,-,0%
Google Ads,Degreefyd_Generic_Exam,2026-01-21,JEE_Mains_Admit_Card,23465747037,338.87,9,9,0,0,38,38,0,-,-,-,0%
Google Ads,EP_CU_Online_DFYD,2026-01-22,CU_Online_Admission,23470383548,763.4,3,3,0,0,254,254,0,-,-,-,0%
Google Ads,EP_LPU_Online_DFYD,2026-01-22,LPU_Online_Admission,23462286432,819.76,1,,0,0,820,820,0,-,-,-,100%
Google Ads,EP_LPU_Online_DFYD,2026-01-22,LPU_Online_AdmissionP,23483764481,732.16,3,4,0,0,244,183,0,-,-,-,-33%
Google Ads,Degreefyd_Generic_Regular,2026-01-22,DSA_Punjab_Generic_Admission_Colleges,23463111599,624.28,16,14,3,2,39,45,21714,208.0933333,312.14,2.88%,13%
Google Ads,EP_CU_Online_DFYD,2026-01-23,CU_Online_Admission,23470383548,970.42,4,4,0,0,243,243,0,-,-,-,0%
Google Ads,EP_LPU_Online_DFYD,2026-01-23,LPU_Online_AdmissionP,23483764481,1081.81,2,2,0,0,541,541,0,-,-,-,0%
Google Ads,Degreefyd_Generic_Regular,2026-01-23,DSA_Punjab_Generic_Admission_Colleges,23463111599,576.41,11,11,1,1,52,52,14406.77966,576.41,576.41,4.00%,0%
Google Ads,EP_Partner_LPU_Online_DFYD,2026-01-23,LPU_Online_Alpha,23486436393,48.85,0,0,0,0,49,49,0,-,-,-,0%
Google Ads,Degreefyd,2026-01-23,LPU_Online_2,22187016189,1370.78,9,8,0,0,152,171,0,-,-,-,11%
Google Ads,Degreefyd_Generic_Regular,2026-01-24,DSA_Punjab_Generic_Admission_Colleges,23463111599,758.05,19.5,19,3,0,39,40,0,252.6833333,-,-,3%
Google Ads,EP_Partner_LPU_Online_DFYD,2026-01-24,LPU_Online_Alpha,23486436393,750.02,2,1,0,0,375,750,0,-,-,-,50%
Google Ads,EP_Partner_LPU_Online_DFYD,2026-01-24,LPU_Online_Gamma,23486463996,671.16,3,3,1,0,224,224,0,671.16,-,-,0%
Google Ads,EP_CU_Online_DFYD,2026-01-24,CU_Online_Admission,23470383548,562.94,2,2,0,0,281,281,0,-,-,-,0%
Google Ads,Degreefyd,2026-01-24,LPU_Online_2,22187016189,1510.52,3,3,0,0,504,504,0,-,-,-,0%
Google Ads,Degreefyd,2026-01-24,CU_Online,22241388890,190.4,0,0,0,0,190,190,0,-,-,-,0%
Google Ads,EP_Partner_LPU_Online_DFYD,2026-01-25,LPU_Online_Alpha,23486436393,722.69,1,1,0,0,723,723,0,-,-,-,0%
Google Ads,EP_Partner_LPU_Online_DFYD,2026-01-25,LPU_Online_Gamma,23486463996,504.29,1,1,0,0,504,504,0,-,-,-,0%
Google Ads,EP_CU_Online_DFYD,2026-01-25,CU_Online_Admission,23470383548,882.72,1,2,0,0,883,441,0,-,-,-,-100%
Google Ads,Degreefyd_Generic_Regular,2026-01-25,DSA_Punjab_Generic_Admission_Colleges,23463111599,681.55,15.5,15,1,0,44,45,0,681.55,-,-,3%
Google Ads,Degreefyd,2026-01-25,LPU_Online_2,22187016189,1591.4,7,8,1,1,227,199,17500,1591.4,1591.4,9.09%,-14%
Google Ads,Degreefyd,2026-01-25,CU_Online,22241388890,478.02,3,3,2,2,159,159,28813.55932,239.01,239.01,1.66%,0%
Google Ads,Degreefyd_Generic_Regular,2026-01-26,DSA_Punjab_Generic_Admission_Colleges,23463111599,640.57,18,15,0,0,36,43,0,-,-,-,17%
Google Ads,EP_CU_Online_DFYD,2026-01-26,CU_Online_Admission,23470383548,713.93,2,3,0,0,357,238,0,-,-,-,-50%
Google Ads,EP_Partner_LPU_Online_DFYD,2026-01-26,LPU_Online_Alpha,23486436393,744.22,1,1,0,0,744,744,0,-,-,-,0%
Google Ads,EP_Partner_LPU_Online_DFYD,2026-01-26,LPU_Online_Gamma,23486463996,511.12,3,3,0,0,170,170,0,-,-,-,0%
Google Ads,Degreefyd,2026-01-26,LPU_Online_2,22187016189,1471.59,8,8,1,0,184,184,0,1471.59,-,-,0%
Google Ads,Degreefyd,2026-01-26,CU_Online,22241388890,1444.69,6,5,0,0,241,289,0,-,-,-,17%
Google Ads,Degreefyd_Generic_Regular,2026-01-27,DSA_Punjab_Generic_Admission_Colleges,23463111599,998.86,13.5,12,0,0,74,83,0,-,-,-,11%
Google Ads,EP_Partner_LPU_Online_DFYD,2026-01-27,LPU_Online_Alpha,23486436393,717.89,5,5,1,0,144,144,0,717.89,-,-,0%
Google Ads,EP_Partner_LPU_Online_DFYD,2026-01-27,LPU_Online_Gamma,23486463996,500.33,3,3,1,1,167,167,17500,500.33,500.33,2.86%,0%
Google Ads,EP_CU_Online_DFYD,2026-01-27,CU_Online_Admission,23470383548,510.04,2,2,0,0,255,255,0,-,-,-,0%
Google Ads,Degreefyd,2026-01-27,LPU_Online_2,22187016189,1683.71,8,9,1,1,210,187,17500,1683.71,1683.71,9.62%,-13%
Google Ads,Degreefyd,2026-01-27,CU_Online,22241388890,1401.18,3,3,0,0,467,467,0,-,-,-,0%
Google Ads,Degreefyd_Generic_Regular,2026-01-28,DSA_Punjab_Generic_Admission_Colleges,23463111599,731.02,15,14,2,0,49,52,0,365.51,-,-,7%
Google Ads,EP_Partner_LPU_Online_DFYD,2026-01-28,LPU_Online_Alpha,23486436393,675.51,3,3,0,0,225,225,0,-,-,-,0%
Google Ads,EP_Partner_LPU_Online_DFYD,2026-01-28,LPU_Online_Gamma,23486463996,470.16,2,2,0,0,235,235,0,-,-,-,0%
Google Ads,EP_CU_Online_DFYD,2026-01-28,CU_Online_Admission,23470383548,544.85,2,2,1,1,272,272,8400,544.85,544.85,6.49%,0%
Google Ads,Degreefyd,2026-01-28,LPU_Online_2,22187016189,1528.65,12,12,4,0,127,127,0,382.1625,-,-,0%
Google Ads,Degreefyd,2026-01-28,CU_Online,22241388890,1152.3,3,2,0,0,384,576,0,-,-,-,33%
Google Ads,Degreefyd_Generic_Regular,2026-01-29,DSA_Punjab_Generic_Admission_Colleges,23463111599,729.86,17,16,2,2,43,46,22848,364.93,364.93,3.19%,6%
Google Ads,EP_Partner_LPU_Online_DFYD,2026-01-29,LPU_Online_Alpha,23486436393,679.72,6,6,0,0,113,113,0,-,-,-,0%
Google Ads,EP_Partner_LPU_Online_DFYD,2026-01-29,LPU_Online_Gamma,23486463996,459.6,4,5,1,0,115,92,0,459.6,-,-,-25%
Google Ads,EP_CU_Online_DFYD,2026-01-29,CU_Online_Admission,23470383548,677.23,3,4,1,0,226,169,0,677.23,-,-,-33%
Google Ads,Degreefyd,2026-01-29,LPU_Online_2,22187016189,1465.68,6,5,0,0,244,293,0,-,-,-,17%
Google Ads,Degreefyd,2026-01-29,CU_Online,22241388890,862.16,4,4,2,0,216,216,0,431.08,-,-,0%
Google Ads,Degreefyd_Generic_Regular,2026-01-30,DSA_Punjab_Generic_Admission_Colleges,23463111599,730.62,20,18,1,1,37,41,9408,730.62,730.62,7.77%,10%
Google Ads,EP_CU_Online_DFYD,2026-01-30,CU_Online_Admission,23470383548,1251.88,3,3,0,0,417,417,0,-,-,-,0%
Google Ads,EP_Partner_LPU_Online_DFYD,2026-01-30,LPU_Online_Alpha,23486436393,701.03,6,6,2,1,117,117,17500,350.515,701.03,4.01%,0%
Google Ads,EP_Partner_LPU_Online_DFYD,2026-01-30,LPU_Online_Gamma,23486463996,470.69,1,1,1,1,471,471,9660,470.69,470.69,4.87%,0%
Google Ads,Degreefyd,2026-01-30,LPU_Online_2,22187016189,1410.8,6,6,1,0,235,235,0,1410.8,-,-,0%
Google Ads,Degreefyd,2026-01-30,CU_Online,22241388890,881.07,3,3,0,0,294,294,0,-,-,-,0%
Google Ads,Degreefyd_Generic_Regular,2026-01-31,DSA_Punjab_Generic_Admission_Colleges,23463111599,729.41,19,16,2,2,38,46,23142,364.705,364.705,3.15%,16%
Google Ads,EP_CU_Online_DFYD,2026-01-31,CU_Online_Admission,23470383548,1802.6,5,5,0,0,361,361,0,-,-,-,0%
Google Ads,EP_Partner_LPU_Online_DFYD,2026-01-31,LPU_Online_Alpha,23486436393,605.79,5,5,0,0,121,121,0,-,-,-,0%
Google Ads,EP_Partner_LPU_Online_DFYD,2026-01-31,LPU_Online_Gamma,23486463996,412.2,1,2,0,0,412,206,0,-,-,-,-100%
Google Ads,Degreefyd_Generic_Regular,2026-02-01,DSA_Punjab_Generic_Admission_Colleges,23463111599,1011.44,20,17,0,0,51,59,0,-,-,-,15%
Google Ads,EP_CU_Online_DFYD,2026-02-01,CU_Online_Admission,23470383548,1198.29,1,1,0,0,1198,1198,0,-,-,-,0%
Google Ads,EP_Partner_LPU_Online_DFYD,2026-02-01,LPU_Online_Alpha,23486436393,819.36,2,2,1,0,410,410,0,819.36,-,-,0%
Google Ads,EP_Partner_LPU_Online_DFYD,2026-02-01,LPU_Online_Gamma,23486463996,525.18,4,4,0,0,131,131,0,-,-,-,0%
Google Ads,Degreefyd,2026-01-31,LPU_Online_2,22187016189,1337.04,10,9,2,3,134,149,50582,668.52,445.68,2.64%,10%
Google Ads,Degreefyd,2026-01-31,CU_Online,22241388890,750.21,3,2,0,0,250,375,0,-,-,-,33%
Google Ads,Degreefyd,2026-02-01,LPU_Online_2,22187016189,1163.79,5,5,1,0,233,233,0,1163.79,-,-,0%
Google Ads,Degreefyd,2026-02-01,CU_Online,22241388890,750.51,1,1,0,0,751,751,0,-,-,-,0%
Google Ads,Degreefyd_Generic_Regular,2026-02-02,DSA_Punjab_Generic_Admission_Colleges,23463111599,1233.98,11,10,1,0,112,123,0,1233.98,-,-,9%
Google Ads,EP_CU_Online_DFYD,2026-02-02,CU_Online_Admission,23470383548,1028.54,3,2,0,0,343,514,0,-,-,-,33%
Google Ads,EP_Partner_LPU_Online_DFYD,2026-02-02,LPU_Online_Alpha,23486436393,776.78,5,5,1,1,155,155,17500,776.78,776.78,4.44%,0%
Google Ads,EP_Partner_LPU_Online_DFYD,2026-02-02,LPU_Online_Gamma,23486463996,758.07,1,1,0,0,758,758,0,-,-,-,0%
Google Ads,Degreefyd_Generic_Regular,2026-02-03,DSA_Punjab_Generic_Admission_Colleges,23463111599,1134.71,18,16,1,0,63,71,0,1134.71,-,-,11%
Google Ads,EP_CU_Online_DFYD,2026-02-03,CU_Online_Admission,23470383548,769.47,4,4,2,1,192,192,7140,384.735,769.47,10.78%,0%
Google Ads,EP_Partner_LPU_Online_DFYD,2026-02-03,LPU_Online_Alpha,23486436393,554.9,3,3,0,0,185,185,0,-,-,-,0%
Google Ads,EP_Partner_LPU_Online_DFYD,2026-02-03,LPU_Online_Gamma,23486463996,522.78,2,2,1,1,261,261,17500,522.78,522.78,2.99%,0%
Google Ads,EP_CU_Online_DFYD,2026-02-04,CU_Online_Admission,23470383548,891.44,6,7,0,0,149,127,0,-,-,-,-17%
Google Ads,EP_Partner_LPU_Online_DFYD,2026-02-04,LPU_Online_Alpha,23486436393,1171.93,4,4,0,0,293,293,0,-,-,-,0%
Google Ads,EP_Partner_LPU_Online_DFYD,2026-02-04,LPU_Online_Gamma,23486463996,709.02,3,3,1,0,236,236,0,709.02,-,-,0%
Google Ads,Degreefyd_Generic_Regular,2026-02-04,DSA_Punjab_Generic_Admission_Colleges,23463111599,872.78,20.33,19,1,0,43,46,0,872.78,-,-,7%
Google Ads,Degreefyd_Generic_Regular,2026-02-05,DSA_Punjab_Generic_Admission_Colleges,23463111599,759.51,8,8,0,0,95,95,0,-,-,-,0%
Google Ads,EP_CU_Online_DFYD,2026-02-05,CU_Online_Admission,23470383548,747.45,3,4,1,1,249,187,7392,747.45,747.45,10.11%,-33%
Google Ads,EP_Partner_LPU_Online_DFYD,2026-02-05,LPU_Online_Alpha,23486436393,1068.11,9,9,2,2,119,119,35000,534.055,534.055,3.05%,0%
Google Ads,EP_Partner_LPU_Online_DFYD,2026-02-05,LPU_Online_Gamma,23486463996,929.23,4,4,1,0,232,232,0,929.23,-,-,0%
Google Ads,Degreefyd_Generic_Regular,2026-02-06,DSA_Punjab_Generic_Admission_Colleges,23463111599,713.79,18,18,1,0,40,40,0,713.79,-,-,0%
Google Ads,EP_CU_Online_DFYD,2026-02-06,CU_Online_Admission,23470383548,977.59,3,3,0,0,326,326,0,-,-,-,0%
Google Ads,EP_Partner_LPU_Online_DFYD,2026-02-06,LPU_Online_Alpha,23486436393,1080.56,5,5,1,0,216,216,0,1080.56,-,-,0%
Google Ads,EP_Partner_LPU_Online_DFYD,2026-02-06,LPU_Online_Gamma,23486463996,538.35,5.17,3,0,0,104,179,0,-,-,-,42%
Google Ads,Degreefyd_Generic_Regular,2026-02-07,DSA_Punjab_Generic_Admission_Colleges,23463111599,847.42,18,15,0,0,47,56,0,-,-,-,17%
Google Ads,EP_CU_Online_DFYD,2026-02-07,CU_Online_Admission,23470383548,1171.43,6,4,1,0,195,293,0,1171.43,-,-,33%
Google Ads,EP_Partner_LPU_Online_DFYD,2026-02-07,LPU_Online_Alpha,23486436393,1132.71,4,4,0,0,283,283,0,-,-,-,0%
Google Ads,EP_Partner_LPU_Online_DFYD,2026-02-07,LPU_Online_Gamma,23486463996,1035.87,3,3,1,0,345,345,0,1035.87,-,-,0%
Google Ads,Degreefyd_Generic_Regular,2026-02-08,DSA_Punjab_Generic_Admission_Colleges,23463111599,1061.46,25,24,2,1,42,44,12516,530.73,1061.46,8.48%,4%
Google Ads,EP_CU_Online_DFYD,2026-02-08,CU_Online_Admission,23470383548,1988.03,7,8,1,0,284,249,0,1988.03,-,-,-14%
Google Ads,EP_Partner_LPU_Online_DFYD,2026-02-08,LPU_Online_Alpha,23486436393,1993.78,9.33,10,2,0,214,199,0,996.89,-,-,-7%
Google Ads,EP_Partner_LPU_Online_DFYD,2026-02-08,LPU_Online_Gamma,23486463996,2242.25,17.67,16,2,0,127,140,0,1121.125,-,-,9%
Google Ads,Degreefyd_Generic_Regular,2026-02-09,DSA_Punjab_Generic_Admission_Colleges,23463111599,1589.04,18,15,0,0,88,106,0,-,-,-,17%
Google Ads,EP_CU_Online_DFYD,2026-02-09,CU_Online_Admission,23470383548,1495.4,8,10,2,2,187,150,25032,747.7,747.7,5.97%,-25%
Google Ads,EP_Partner_LPU_Online_DFYD,2026-02-09,LPU_Online_Alpha,23486436393,1273.81,6,5,1,1,212,255,17500,1273.81,1273.81,7.28%,17%
Google Ads,EP_Partner_LPU_Online_DFYD,2026-02-09,LPU_Online_Gamma,23486463996,1382,8,8,1,0,173,173,0,1382,-,-,0%
Google Ads,Degreefyd_Generic_Regular,2026-02-10,DSA_Punjab_Generic_Admission_Colleges,23463111599,1382.74,22,22,3,3,63,63,24528,460.9133333,460.9133333,5.64%,0%
Google Ads,EP_CU_Online_DFYD,2026-02-10,CU_Online_Admission,23470383548,1532.05,6,6,1,0,255,255,0,1532.05,-,-,0%
Google Ads,EP_Partner_LPU_Online_DFYD,2026-02-10,LPU_Online_Alpha,23486436393,1099.99,8,8,1,0,137,137,0,1099.99,-,-,0%
Google Ads,EP_Partner_LPU_Online_DFYD,2026-02-10,LPU_Online_Gamma,23486463996,1388.52,7,7,1,0,198,198,0,1388.52,-,-,0%
Google Ads,Degreefyd_Generic_Regular,2026-02-11,DSA_Punjab_Generic_Admission_Colleges,23463111599,1145.37,28,27,1,1,41,42,12264,1145.37,1145.37,9.34%,4%
Google Ads,EP_CU_Online_DFYD,2026-02-11,CU_Online_Admission,23470383548,1212.94,6,6,1,0,202,202,0,1212.94,-,-,0%
Google Ads,EP_Partner_LPU_Online_DFYD,2026-02-11,LPU_Online_Alpha,23486436393,1412.05,7,7,3,2,202,202,35000,470.6833333,706.025,4.03%,0%
Google Ads,EP_Partner_LPU_Online_DFYD,2026-02-11,LPU_Online_Gamma,23486463996,1459.32,5,3,0,0,292,486,0,-,-,-,40%
Google Ads,Degreefyd_Generic_Regular,2026-02-12,DSA_Punjab_Generic_Admission_Colleges,23463111599,1140.07,35.5,32,5,4,32,36,44394.77966,228.014,285.0175,2.57%,10%
Google Ads,EP_CU_Online_DFYD,2026-02-12,CU_Online_Admission,23470383548,2828.88,13,11,1,1,218,257,14280,2828.88,2828.88,19.81%,15%
Google Ads,EP_Partner_LPU_Online_DFYD,2026-02-12,LPU_Online_Alpha,23486436393,982.57,6,4,0,0,164,246,0,-,-,-,33%
Google Ads,EP_Partner_LPU_Online_DFYD,2026-02-12,LPU_Online_Gamma,23486463996,1374.72,4,4,1,0,344,344,0,1374.72,-,-,0%
Google Ads,Degreefyd_Generic_Regular,2026-02-13,DSA_Punjab_Generic_Admission_Colleges,23463111599,850.22,20.33,20,0,0,42,43,0,-,-,-,2%
Google Ads,EP_CU_Online_DFYD,2026-02-13,CU_Online_Admission,23470383548,2640.5,3,3,0,0,880,880,0,-,-,-,0%
Google Ads,EP_Partner_LPU_Online_DFYD,2026-02-13,LPU_Online_Alpha,23486436393,1407.98,3,3,1,1,469,469,17500,1407.98,1407.98,8.05%,0%
Google Ads,EP_Partner_LPU_Online_DFYD,2026-02-13,LPU_Online_Gamma,23486463996,1345.3,4,4,0,0,336,336,0,-,-,-,0%
Google Ads,Degreefyd_Generic_Regular,2026-02-14,DSA_Punjab_Generic_Admission_Colleges,23463111599,1293.25,18,19,0,0,72,68,0,-,-,-,-6%
Google Ads,EP_CU_Online_DFYD,2026-02-14,CU_Online_Admission,23470383548,2587.65,6,6,0,0,431,431,0,-,-,-,0%
Google Ads,EP_Partner_LPU_Online_DFYD,2026-02-14,LPU_Online_Alpha,23486436393,1444.73,4,5,1,1,361,289,17500,1444.73,1444.73,8.26%,-25%
Google Ads,EP_Partner_LPU_Online_DFYD,2026-02-14,LPU_Online_Gamma,23486463996,1381.43,2.5,3,0,0,553,460,0,-,-,-,-20%
Google Ads,Degreefyd_Generic_Regular,2026-02-15,DSA_Punjab_Generic_Admission_Colleges,23463111599,2003.98,46,38,2,0,44,53,0,1001.99,-,-,17%
Google Ads,EP_CU_Online_DFYD,2026-02-15,CU_Online_Admission,23470383548,3037.25,3,2,1,0,1012,1519,0,3037.25,-,-,33%
Google Ads,EP_Partner_LPU_Online_DFYD,2026-02-15,LPU_Online_Alpha,23486436393,857.71,5,3,0,0,172,286,0,-,-,-,40%
Google Ads,EP_Partner_LPU_Online_DFYD,2026-02-15,LPU_Online_Gamma,23486463996,1531.74,4,4,0,0,383,383,0,-,-,-,0%
Google Ads,Degreefyd_Generic_Regular,2026-02-16,DSA_Punjab_Generic_Admission_Colleges,23463111599,2272.1,55,46,3,0,41,49,0,757.3666667,-,-,16%
Google Ads,EP_CU_Online_DFYD,2026-02-16,CU_Online_Admission,23470383548,1902.98,6,6,1,1,317,317,12852,1902.98,1902.98,14.81%,0%
Google Ads,EP_Partner_LPU_Online_DFYD,2026-02-16,LPU_Online_Alpha,23486436393,1350.64,4,4,0,0,338,338,0,-,-,-,0%
Google Ads,EP_Partner_LPU_Online_DFYD,2026-02-16,LPU_Online_Gamma,23486463996,1364.3,5,5,1,0,273,273,0,1364.3,-,-,0%
Google Ads,Degreefyd_Generic_Exam,2026-02-16,JEE_Main_Result,23568857909,642.86,36,35,1,1,18,18,15582,642.86,642.86,4.13%,3%
Google Ads,Degreefyd_Generic_Regular,2026-02-17,DSA_Punjab_Generic_Admission_Colleges,23463111599,2391.84,48.67,40,3,2,49,60,25074,797.28,1195.92,9.54%,18%
Google Ads,EP_CU_Online_DFYD,2026-02-17,CU_Online_Admission,23470383548,1642.9,3.83,2,0,0,429,821,0,-,-,-,48%
Google Ads,EP_Partner_LPU_Online_DFYD,2026-02-17,LPU_Online_Alpha,23486436393,1027.79,3.33,3,1,1,309,343,17500,1027.79,1027.79,5.87%,10%
Google Ads,EP_Partner_LPU_Online_DFYD,2026-02-17,LPU_Online_Gamma,23486463996,1316.61,4,4,1,1,329,329,17500,1316.61,1316.61,7.52%,0%
Google Ads,Degreefyd_Generic_Exam,2026-02-17,JEE_Main_Result,23568857909,212.02,14,11,0,0,15,19,0,-,-,-,21%
Google Ads,Degreefyd_Generic_Regular,2026-02-18,DSA_Punjab_Generic_Admission_Colleges,23463111599,2306.1,45.33,39,3,0,51,59,0,768.7,-,-,14%
Google Ads,EP_CU_Online_DFYD,2026-02-18,CU_Online_Admission,23470383548,1029.84,5,5,3,2,206,206,17892,343.28,514.92,5.76%,0%
Google Ads,EP_Partner_LPU_Online_DFYD,2026-02-18,LPU_Online_Alpha,23486436393,1056.69,5,4,0,0,211,264,0,-,-,-,20%
Google Ads,EP_Partner_LPU_Online_DFYD,2026-02-18,LPU_Online_Gamma,23486463996,1551.79,6,5,2,1,259,310,17500,775.895,1551.79,8.87%,17%
Google Ads,Degreefyd_Generic_Regular,2026-02-19,DSA_Punjab_Generic_Admission_Colleges,23463111599,1664.14,34.33,26,2,0,48,64,0,832.07,-,-,24%
Google Ads,EP_CU_Online_DFYD,2026-02-19,CU_Online_Admission,23470383548,903.54,1,3,1,1,904,301,12180,903.54,903.54,7.42%,-200%
Google Ads,EP_Partner_LPU_Online_DFYD,2026-02-19,LPU_Online_Alpha,23486436393,1050.38,1,1,1,0,1050,1050,0,1050.38,-,-,0%
Google Ads,EP_Partner_LPU_Online_DFYD,2026-02-19,LPU_Online_Gamma,23486463996,1471.84,7,7,0,0,210,210,0,-,-,-,0%
Google Ads,Degreefyd_Generic_Regular,2026-02-20,DSA_Punjab_Generic_Admission_Colleges,23463111599,1065.59,26,22,0,0,41,48,0,-,-,-,15%
Google Ads,EP_CU_Online_DFYD,2026-02-20,CU_Online_Admission,23470383548,997.11,1.33,2,0,0,750,499,0,-,-,-,-50%
Google Ads,EP_Partner_LPU_Online_DFYD,2026-02-20,LPU_Online_Alpha,23486436393,1055.98,10,7,1,0,106,151,0,1055.98,-,-,30%
Google Ads,EP_Partner_LPU_Online_DFYD,2026-02-20,LPU_Online_Gamma,23486463996,900.93,2,2,0,0,450,450,0,-,-,-,0%
Google Ads,Degreefyd_Generic_Regular,2026-02-21,DSA_Punjab_Generic_Admission_Colleges,23463111599,1242.7,33,33,1,0,38,38,0,1242.7,-,-,0%
Google Ads,EP_CU_Online_DFYD,2026-02-21,CU_Online_Admission,23470383548,1268.14,3,3,0,0,423,423,0,-,-,-,0%
Google Ads,EP_Partner_LPU_Online_DFYD,2026-02-21,LPU_Online_Alpha,23486436393,1658.19,3,3,1,0,553,553,0,1658.19,-,-,0%
Google Ads,EP_Partner_LPU_Online_DFYD,2026-02-21,LPU_Online_Gamma,23486463996,803.18,3,3,0,0,268,268,0,-,-,-,0%
Google Ads,Degreefyd_Generic_Regular,2026-02-22,DSA_Punjab_Generic_Admission_Colleges,23463111599,1656.08,31,28,0,0,53,59,0,-,-,-,10%
Google Ads,EP_CU_Online_DFYD,2026-02-22,CU_Online_Admission,23470383548,1389.37,3,3,0,0,463,463,0,-,-,-,0%
Google Ads,EP_Partner_LPU_Online_DFYD,2026-02-22,LPU_Online_Alpha,23486436393,810.66,2,2,0,0,405,405,0,-,-,-,0%
Google Ads,EP_Partner_LPU_Online_DFYD,2026-02-22,LPU_Online_Gamma,23486463996,944.51,5,4,1,1,189,236,12852,944.51,944.51,7.35%,20%
Google Ads,Degreefyd_Generic_Regular,2026-02-23,DSA_Punjab_Generic_Admission_Colleges,23463111599,1351.36,43,35,2,0,31,39,0,675.68,-,-,19%
Google Ads,EP_CU_Online_DFYD,2026-02-23,CU_Online_Admission,23470383548,734.52,1,1,0,0,735,735,0,-,-,-,0%
Google Ads,EP_Partner_LPU_Online_DFYD,2026-02-23,LPU_Online_Alpha,23486436393,1366.34,6,7,1,0,228,195,0,1366.34,-,-,-17%
Google Ads,EP_Partner_LPU_Online_DFYD,2026-02-23,LPU_Online_Gamma,23486463996,905.83,2,2,1,1,453,453,17500,905.83,905.83,5.18%,0%
Google Ads,Degreefyd_Generic_Regular,2026-02-24,DSA_Punjab_Generic_Admission_Colleges,23463111599,1490.53,40.48,36,5,1,37,41,14406.77966,298.106,1490.53,10.35%,11%
Google Ads,EP_CU_Online_DFYD,2026-02-24,CU_Online_Admission,23470383548,819.74,2,2,0,0,410,410,0,-,-,-,0%
Google Ads,EP_Partner_LPU_Online_DFYD,2026-02-24,LPU_Online_Alpha,23486436393,1683.73,8,10,2,1,210,168,17500,841.865,1683.73,9.62%,-25%
Google Ads,EP_Partner_LPU_Online_DFYD,2026-02-24,LPU_Online_Gamma,23486463996,702.47,2,2,0,0,351,351,0,0,-,-,0%
Google Ads,Degreefyd_Generic_Regular,2026-02-25,DSA_Punjab_Generic_Admission_Colleges,23463111599,1587.71,44.5,49,4,0,36,32,0,0,-,-,-10%
Google Ads,EP_CU_Online_DFYD,2026-02-25,CU_Online_Admission,23470383548,890.97,4,3,0,0,223,297,0,0,-,-,25%
Google Ads,EP_Partner_LPU_Online_DFYD,2026-02-25,LPU_Online_Alpha,23486436393,1466.42,7,8,1,0,209,183,0,0,-,-,-14%
Google Ads,EP_Partner_LPU_Online_DFYD,2026-02-25,LPU_Online_Gamma,23486463996,438.32,1,1,1,0,438,438,0,0,-,-,0%
Google Ads,Degreefyd_Generic_Regular,2026-02-26,DSA_Punjab_Generic_Admission_Colleges,23463111599,1299.25,34.47,28,5,3,38,46,44226.77966,0,433.0833333,2.94%,19%
Google Ads,EP_CU_Online_DFYD,2026-02-26,CU_Online_Admission,23470383548,936.52,4,4,0,0,234,234,0,0,-,-,0%
Google Ads,EP_Partner_LPU_Online_DFYD,2026-02-26,LPU_Online_Alpha,23486436393,1336,6.5,6,1,0,206,223,0,0,-,-,8%
Google Ads,EP_Partner_LPU_Online_DFYD,2026-02-26,LPU_Online_Gamma,23486463996,409.44,2.5,2,1,0,164,205,0,0,-,-,20%
Google Ads,Degreefyd_Generic_Regular,2026-02-27,DSA_Punjab_Generic_Admission_Colleges,23463111599,2035.7,62.24,50,4,1,33,41,12852,0,2035.7,15.84%,20%
Google Ads,EP_CU_Online_DFYD,2026-02-27,CU_Online_Admission,23470383548,1040.1,5,5,1,1,208,208,5712,0,1040.1,18.21%,0%
Google Ads,EP_Partner_LPU_Online_DFYD,2026-02-27,LPU_Online_Alpha,23486436393,1787.24,4,4,0,0,447,447,0,0,-,-,0%
Google Ads,EP_Partner_LPU_Online_DFYD,2026-02-27,LPU_Online_Gamma,23486463996,110.39,0,0,0,0,110,110,0,0,-,-,0%
Google Ads,Degreefyd_Generic_Regular,2026-02-28,DSA_Punjab_Generic_Admission_Colleges,23463111599,1564.41,54.98,37,3,0,28,42,0,0,-,-,33%
Google Ads,EP_CU_Online_DFYD,2026-02-28,CU_Online_Admission,23470383548,918.71,1.5,1,0,0,612,919,0,0,-,-,33%
Google Ads,EP_Partner_LPU_Online_DFYD,2026-02-28,LPU_Online_Alpha,23486436393,1136.05,5,6,1,0,227,189,0,0,-,-,-20%
Google Ads,EP_Partner_LPU_Online_DFYD,2026-02-28,LPU_Online_Gamma,23486463996,449.63,2,2,0,0,225,225,0,0,-,-,0%
Google Ads,Degreefyd_Generic_Regular,2026-03-01,DSA_Punjab_Generic_Admission_Colleges,23463111599,1765.56,54.99,34,0,0,32,52,0,0,-,-,38%
Google Ads,EP_CU_Online_DFYD,2026-03-01,CU_Online_Admission,23470383548,1096.82,2,1,0,0,548,1097,0,0,-,-,50%
Google Ads,EP_Partner_LPU_Online_DFYD,2026-03-01,LPU_Online_Alpha,23486436393,2053.55,5,5,0,0,411,411,0,0,-,-,0%
Google Ads,EP_Partner_LPU_Online_DFYD,2026-03-01,LPU_Online_Gamma,23486463996,142.13,1,1,0,0,142,142,0,0,-,-,0%
Google Ads,Degreefyd_Generic_Regular,2026-03-02,DSA_Punjab_Generic_Admission_Colleges,23463111599,2098.04,44.97,30,2,0,47,70,0,0,-,-,33%
Google Ads,EP_CU_Online_DFYD,2026-03-02,CU_Online_Admission,23470383548,954.64,2.33,3,1,1,410,318,7266,0,954.64,13.14%,-29%
Google Ads,EP_Partner_LPU_Online_DFYD,2026-03-02,LPU_Online_Alpha,23486436393,1386.37,4,4,1,0,347,347,0,0,-,-,0%
Google Ads,EP_Partner_LPU_Online_DFYD,2026-03-02,LPU_Online_Gamma,23486463996,351.45,3,3,0,0,117,117,0,0,-,-,0%
Google Ads,Degreefyd_Generic_Regular,2026-03-03,DSA_Punjab_Generic_Admission_Colleges,23463111599,1940.05,41.99,26,2,1,46,75,17500,0,1940.05,11.09%,38%
Google Ads,EP_CU_Online_DFYD,2026-03-03,CU_Online_Admission,23470383548,930.84,3,2,0,0,310,465,0,0,-,-,33%
Google Ads,EP_Partner_LPU_Online_DFYD,2026-03-03,LPU_Online_Alpha,23486436393,1184.22,6,6,0,0,197,197,0,0,-,-,0%
Google Ads,EP_Partner_LPU_Online_DFYD,2026-03-03,LPU_Online_Gamma,23486463996,121.59,1,1,0,0,122,122,0,0,-,-,0%
Google Ads,Degreefyd_Generic_Regular,2026-03-04,DSA_Punjab_Generic_Admission_Colleges,23463111599,1866.2,36.98,24,1,0,50,78,0,0,-,-,35%
Google Ads,EP_CU_Online_DFYD,2026-03-04,CU_Online_Admission,23470383548,972.73,0,1,0,0,973,973,0,0,-,-,0%
Google Ads,EP_Partner_LPU_Online_DFYD,2026-03-04,LPU_Online_Alpha,23486436393,821.98,3,3,1,0,274,274,0,0,-,-,0%
Google Ads,EP_Partner_LPU_Online_DFYD,2026-03-04,LPU_Online_Gamma,23486463996,526.91,3,3,1,0,176,176,0,0,-,-,0%
Google Ads,Degreefyd_Generic_Regular,2026-03-05,DSA_Punjab_Generic_Admission_Colleges,23463111599,1974.29,52.29,42,3,1,38,47,7812,0,1974.29,25.27%,20%
Google Ads,EP_CU_Online_DFYD,2026-03-05,CU_Online_Admission,23470383548,1544.54,5,5,0,0,309,309,0,0,-,-,0%
Google Ads,EP_Partner_LPU_Online_DFYD,2026-03-05,LPU_Online_Alpha,23486436393,1734.92,6,6,0,0,289,289,0,0,-,-,0%
Google Ads,EP_Partner_LPU_Online_DFYD,2026-03-05,LPU_Online_Gamma,23486463996,460.23,1,1,0,0,460,460,0,0,-,-,0%
Google Ads,Degreefyd_Generic_Regular,2026-03-06,DSA_Punjab_Generic_Admission_Colleges,23463111599,2303.53,50,45,1,0,46,51,0,0,-,-,10%
Google Ads,EP_CU_Online_DFYD,2026-03-06,CU_Online_Admission,23470383548,1617.21,4,3,0,0,404,539,0,0,-,-,25%
Google Ads,EP_Partner_LPU_Online_DFYD,2026-03-06,LPU_Online_Alpha,23486436393,1507.34,7.5,7,2,1,201,215,17500,0,1507.34,8.61%,7%
Google Ads,EP_Partner_LPU_Online_DFYD,2026-03-06,LPU_Online_Gamma,23486463996,2036.45,6,6,0,0,339,339,0,0,-,-,0%
Google Ads,Degreefyd_Generic_Regular,2026-03-07,DSA_Punjab_Generic_Admission_Colleges,23463111599,2297.87,60.96,47,4,1,38,49,14406.77966,0,2297.87,15.95%,23%
Google Ads,EP_CU_Online_DFYD,2026-03-07,CU_Online_Admission,23470383548,1768.97,3.02,2,1,0,586,884,0,0,-,-,34%
Google Ads,EP_Partner_LPU_Online_DFYD,2026-03-07,LPU_Online_Alpha,23486436393,1712.21,9,8,2,1,190,214,17500,0,1712.21,9.78%,11%
Google Ads,EP_Partner_LPU_Online_DFYD,2026-03-07,LPU_Online_Gamma,23486463996,2407.69,8,7,0,0,301,344,0,0,-,-,13%
Google Ads,Degreefyd_Generic_Regular,2026-03-08,DSA_Punjab_Generic_Admission_Colleges,23463111599,2297.56,37.47,31,2,2,61,74,25102,0,1148.78,9.15%,17%
Google Ads,EP_CU_Online_DFYD,2026-03-08,CU_Online_Admission,23470383548,1531.34,7,7,0,0,219,219,0,0,-,-,0%
Google Ads,EP_Partner_LPU_Online_DFYD,2026-03-08,LPU_Online_Alpha,23486436393,1341.22,3,3,0,0,447,447,0,0,-,-,0%
Google Ads,EP_Partner_LPU_Online_DFYD,2026-03-08,LPU_Online_Gamma,23486463996,1363.68,5,5,1,1,273,273,17500,0,1363.68,7.79%,0%
Google Ads,Degreefyd_Generic_Regular,2026-03-09,DSA_Punjab_Generic_Admission_Colleges,23463111599,2312.43,49.93,48,5,3,46,48,18228,0,770.81,12.69%,4%
Google Ads,EP_CU_Online_DFYD,2026-03-09,CU_Online_Admission,23470383548,1119.61,3,3,1,0,373,373,0,0,-,-,0%
Google Ads,EP_Partner_LPU_Online_DFYD,2026-03-09,LPU_Online_Alpha,23486436393,2440.37,7,6,2,1,349,407,17500,0,2440.37,13.94%,14%
Google Ads,EP_Partner_LPU_Online_DFYD,2026-03-09,LPU_Online_Gamma,23486463996,2177.44,5,5,1,1,435,435,17500,0,2177.44,12.44%,0%
Google Ads,Degreefyd_Generic_Regular,2026-03-10,DSA_Punjab_Generic_Admission_Colleges,23463111599,2290.66,46.95,41,5,1,49,56,12852,0,2290.66,17.82%,13%
Google Ads,EP_CU_Online_DFYD,2026-03-10,CU_Online_Admission,23470383548,1085.3,6,5,1,1,181,217,14406.77966,0,1085.3,7.53%,17%
Google Ads,EP_Partner_LPU_Online_DFYD,2026-03-10,LPU_Online_Alpha,23486436393,2532.02,13,12,3,0,195,211,0,0,-,-,8%
Google Ads,EP_Partner_LPU_Online_DFYD,2026-03-10,LPU_Online_Gamma,23486463996,1323.34,5,5,0,0,265,265,0,0,-,-,0%
Google Ads,Degreefyd_Generic_Regular,2026-03-11,DSA_Punjab_Generic_Admission_Colleges,23463111599,2715.21,66.98,58,3,0,41,47,0,0,-,-,13%
Google Ads,EP_CU_Online_DFYD,2026-03-11,CU_Online_Admission,23470383548,1140.17,2,3,1,1,570,380,14406.77966,0,1140.17,7.91%,-50%
Google Ads,EP_Partner_LPU_Online_DFYD,2026-03-11,LPU_Online_Alpha,23486436393,1209.67,6,7,0,0,202,173,0,0,-,-,-17%
Google Ads,EP_Partner_LPU_Online_DFYD,2026-03-11,LPU_Online_Gamma,23486463996,1215.98,6,2,0,0,203,608,0,0,-,-,67%
Google Ads,Degreefyd_Generic_Regular,2026-03-12,DSA_Punjab_Generic_Admission_Colleges,23463111599,2327.78,72.89,63,2,1,32,37,15582,0,2327.78,14.94%,14%
Google Ads,EP_CU_Online_DFYD,2026-03-12,CU_Online_Admission,23470383548,1087.2,3,2,0,0,362,544,0,0,-,-,33%
Google Ads,EP_Partner_LPU_Online_DFYD,2026-03-12,LPU_Online_Alpha,23486436393,1087.14,3,4,3,1,362,272,17500,0,1087.14,6.21%,-33%
Google Ads,EP_Partner_LPU_Online_DFYD,2026-03-12,LPU_Online_Gamma,23486463996,920.84,1,,0,0,921,921,0,0,-,-,100%
Google Ads,Degreefyd_Generic_Regular,2026-03-13,DSA_Punjab_Generic_Admission_Colleges,23463111599,2704.69,63.96,49,1,1,42,55,14238,0,2704.69,19.00%,23%
Google Ads,EP_CU_Online_DFYD,2026-03-13,CU_Online_Admission,23470383548,945.1,0.33,,0,0,2864,945,0,0,-,-,100%
Google Ads,EP_Partner_LPU_Online_DFYD,2026-03-13,LPU_Online_Alpha,23486436393,1055.57,3,3,2,1,352,352,17500,0,1055.57,6.03%,0%
Google Ads,EP_Partner_LPU_Online_DFYD,2026-03-13,LPU_Online_Gamma,23486463996,1089.38,2,2,1,1,545,545,17500,0,1089.38,6.23%,0%
Google Ads,Degreefyd_Generic_Regular,2026-03-14,DSA_Punjab_Generic_Admission_Colleges,23463111599,2902.68,62.46,54,6,2,46,54,14994,0,1451.34,19.36%,14%
Google Ads,EP_CU_Online_DFYD,2026-03-14,CU_Online_Admission,23470383548,1212.07,3,4,3,2,404,303,15162,0,606.035,7.99%,-33%
Google Ads,EP_Partner_LPU_Online_DFYD,2026-03-14,LPU_Online_Alpha,23486436393,1769.38,6,4,1,0,295,442,0,0,-,-,33%
Google Ads,EP_Partner_LPU_Online_DFYD,2026-03-14,LPU_Online_Gamma,23486463996,932.14,2,2,0,0,466,466,0,0,-,-,0%
Google Ads,Degreefyd_Generic_Regular,2026-03-15,DSA_Punjab_Generic_Admission_Colleges,23463111599,2237.77,60.95,48,4,2,37,47,16002,0,1118.885,13.98%,21%
Google Ads,EP_CU_Online_DFYD,2026-03-15,CU_Online_Admission,23470383548,1201.6,5,4,1,0,240,300,0,0,-,-,20%
Google Ads,EP_Partner_LPU_Online_DFYD,2026-03-15,LPU_Online_Alpha,23486436393,1566.4,8,8,1,1,196,196,17500,0,1566.4,8.95%,0%
Google Ads,EP_Partner_LPU_Online_DFYD,2026-03-15,LPU_Online_Gamma,23486463996,1399.76,5,5,2,1,280,280,17500,0,1399.76,8.00%,0%
Google Ads,Degreefyd_Generic_Regular,2026-03-16,DSA_Punjab_Generic_Admission_Colleges,23463111599,2354.98,50.93,42,4,2,46,56,23814.77966,0,1177.49,9.89%,18%
Google Ads,EP_CU_Online_DFYD,2026-03-16,CU_Online_Admission,23470383548,910.91,5,5,3,1,182,182,14406.77966,0,910.91,6.32%,0%
Google Ads,EP_Partner_LPU_Online_DFYD,2026-03-16,LPU_Online_Alpha,23486436393,1413.06,3,3,0,0,471,471,0,0,-,-,0%
Google Ads,EP_Partner_LPU_Online_DFYD,2026-03-16,LPU_Online_Gamma,23486463996,622.38,0,,2,2,622,622,35000,0,311.19,1.78%,0%
Google Ads,Degreefyd_Generic_Regular,2026-03-17,DSA_Punjab_Generic_Admission_Colleges,23463111599,2471.47,80.24,64,4,2,31,39,9702,0,1235.735,25.47%,20%
Google Ads,EP_CU_Online_DFYD,2026-03-17,CU_Online_Admission,23470383548,932.18,6,4,0,0,155,233,0,0,-,-,33%
Google Ads,EP_Partner_LPU_Online_DFYD,2026-03-17,LPU_Online_Alpha,23486436393,2229.56,7,7,0,0,319,319,0,0,-,-,0%
Google Ads,EP_Partner_LPU_Online_DFYD,2026-03-17,LPU_Online_Gamma,23486463996,1103.9,5,4,0,0,221,276,0,0,-,-,20%
Google Ads,Degreefyd_Generic_Regular,2026-03-18,DSA_Punjab_Generic_Admission_Colleges,23463111599,2067.88,51.45,41,3,1,40,50,7056,0,2067.88,29.31%,20%
Google Ads,EP_CU_Online_DFYD,2026-03-18,CU_Online_Admission,23470383548,969.24,5,5,1,0,194,194,0,0,-,-,0%
Google Ads,EP_Partner_LPU_Online_DFYD,2026-03-18,LPU_Online_Alpha,23486436393,954.84,4,4,0,0,239,239,0,0,-,-,0%
Google Ads,EP_Partner_LPU_Online_DFYD,2026-03-18,LPU_Online_Gamma,23486463996,803.73,2,2,0,0,402,402,0,0,-,-,0%
Google Ads,Degreefyd_Generic_Regular,2026-03-19,DSA_Punjab_Generic_Admission_Colleges,23463111599,2107.09,71.45,59,3,0,29,36,0,0,-,-,17%
Google Ads,EP_CU_Online_DFYD,2026-03-19,CU_Online_Admission,23470383548,1016.88,1,1,0,0,1017,1017,0,0,-,-,0%
Google Ads,EP_Partner_LPU_Online_DFYD,2026-03-19,LPU_Online_Alpha,23486436393,1571.75,4.58,4,0,0,343,393,0,0,-,-,13%
Google Ads,EP_Partner_LPU_Online_DFYD,2026-03-19,LPU_Online_Gamma,23486463996,978.03,5,5,1,0,196,196,0,0,-,-,0%
Google Ads,Degreefyd_Generic_Regular,2026-03-20,DSA_Punjab_Generic_Admission_Colleges,23463111599,3279.94,62.12,53,1,1,53,62,17500,0,3279.94,18.74%,15%
Google Ads,EP_CU_Online_DFYD,2026-03-20,CU_Online_Admission,23470383548,1563.97,5,5,1,0,313,313,0,0,-,-,0%
Google Ads,EP_Partner_LPU_Online_DFYD,2026-03-20,LPU_Online_Alpha,23486436393,776.96,4.25,3,2,1,183,259,17500,0,776.96,4.44%,29%
Google Ads,EP_Partner_LPU_Online_DFYD,2026-03-20,LPU_Online_Gamma,23486463996,733.5,4,3,1,0,183,245,0,0,-,-,25%
Meta Ads,FaceBook_University_Admit,2026-03-20,FUA1_CGC_B.Tech_Admission_1.1,FUA1_CGC_B.Tech_Admission_C03,210.88,1,1,0,0,211,211,0,0,-,-,0%
Meta Ads,FaceBook_University_Admit,2026-03-20,FUA1_CGC_B.Tech_Admission_1.1,FUA1_CGC_B.Tech_Admission_C01,334.4,1,1,1,0,334,334,0,0,-,-,0%
Meta Ads,FaceBook_University_Admit,2026-03-20,FUA1_CGC_B.Tech_Admission_1.1,FUA1_CGC_B.Tech_Admission_C02,175.63,2,2,0,0,88,88,0,0,-,-,0%
Meta Ads,FaceBook_University_Admit,2026-03-21,FUA1_CGC_B.Tech_Admission_1.1,FUA1_CGC_B.Tech_Admission_C03,314,1,1,0,0,314,314,0,0,-,-,0%
Meta Ads,FaceBook_University_Admit,2026-03-21,FUA1_CGC_B.Tech_Admission_1.1,FUA1_CGC_B.Tech_Admission_C01,335.98,3,3,1,0,112,112,0,0,-,-,0%
Meta Ads,FaceBook_University_Admit,2026-03-21,FUA1_CGC_B.Tech_Admission_1.1,FUA1_CGC_B.Tech_Admission_C02,178.81,,,0,0,179,179,0,0,-,-,0%
Meta Ads,FaceBook_University_Admit,2026-03-22,FUA1_CGC_B.Tech_Admission_1.1,FUA1_CGC_B.Tech_Admission_C03,76.95,,,0,0,77,77,0,0,-,-,0%
Meta Ads,FaceBook_University_Admit,2026-03-22,FUA1_CGC_B.Tech_Admission_1.1,FUA1_CGC_B.Tech_Admission_C01,582.17,4,3,0,0,146,194,0,0,-,-,25%
Meta Ads,FaceBook_University_Admit,2026-03-22,FUA1_CGC_B.Tech_Admission_1.1,FUA1_CGC_B.Tech_Admission_C02,93.5,1,1,0,0,94,94,0,0,-,-,0%
Google Ads,Degreefyd_Generic_Regular,2026-03-21,DSA_Punjab_Generic_Admission_Colleges,23463111599,1471.98,24.96,19,1,0,59,77,0,0,-,-,24%
Google Ads,EP_CU_Online_DFYD,2026-03-21,CU_Online_Admission,23470383548,1457.91,1,1,0,0,1458,1458,0,0,-,-,0%
Google Ads,EP_Partner_LPU_Online_DFYD,2026-03-21,LPU_Online_Alpha,23486436393,1383.38,4,4,0,0,346,346,0,0,-,-,0%
Google Ads,EP_Partner_LPU_Online_DFYD,2026-03-21,LPU_Online_Gamma,23486463996,1101.9,3,3,0,0,367,367,0,0,-,-,0%
Google Ads,EP_Partner_LPU_Online_DFYD,2026-03-21,LPU_Online_Zeta,23675435222,167.95,1,1,0,0,168,168,0,0,-,-,0%
Google Ads,Degreefyd_Generic_Regular,2026-03-22,DSA_Punjab_Generic_Admission_Colleges,23463111599,1517.63,32.95,25,3,1,46,61,9408,0,1517.63,16.13%,24%
Google Ads,EP_CU_Online_DFYD,2026-03-22,CU_Online_Admission,23470383548,1499.75,5,5,0,0,300,300,0,0,-,-,0%
Google Ads,EP_Partner_LPU_Online_DFYD,2026-03-22,LPU_Online_Alpha,23486436393,1281.54,4,4,1,1,320,320,17500,0,1281.54,7.32%,0%
Google Ads,EP_Partner_LPU_Online_DFYD,2026-03-22,LPU_Online_Gamma,23486463996,1172.53,4,4,0,0,293,293,0,0,-,-,0%
Google Ads,EP_Partner_LPU_Online_DFYD,2026-03-22,LPU_Online_Zeta,23675435222,493.55,0,,0,0,494,494,0,0,-,-,0%
Meta Ads,FaceBook_University_Admit,2026-03-23,FUA1_CGC_B.Tech_Admission_1.1,FUA1_CGC_B.Tech_Admission_C03,107.32,,1,0,0,107,107,0,0,-,-,0%
Meta Ads,FaceBook_University_Admit,2026-03-23,FUA1_CGC_B.Tech_Admission_1.1,FUA1_CGC_B.Tech_Admission_C01,607.12,7,7,0,0,87,87,0,0,-,-,0%
Meta Ads,FaceBook_University_Admit,2026-03-23,FUA1_CGC_B.Tech_Admission_1.1,FUA1_CGC_B.Tech_Admission_C02,139.93,1,1,1,0,140,140,0,0,-,-,0%
Google Ads,Degreefyd_Generic_Regular,2026-03-23,DSA_Punjab_Generic_Admission_Colleges,23463111599,2712.78,43.97,39,2,1,62,70,17500,0,2712.78,15.50%,11%
Google Ads,EP_CU_Online_DFYD,2026-03-23,CU_Online_Admission,23470383548,1502.99,4,3,0,0,376,501,0,0,-,-,25%
Google Ads,EP_Partner_LPU_Online_DFYD,2026-03-23,LPU_Online_Alpha,23486436393,3399.93,13,13,3,1,262,262,8232,0,3399.93,41.30%,0%
Google Ads,EP_Partner_LPU_Online_DFYD,2026-03-23,LPU_Online_Gamma,23486463996,1950.14,7,8,5,2,279,244,21294.77966,0,975.07,9.16%,-14%
Google Ads,Degreefyd_Generic_Regular,2026-03-23,DSA_Punjab_Generic_Admission,23292287218,146.7,0,,0,0,147,147,0,0,-,-,0%
Google Ads,EP_Partner_LPU_Online_DFYD,2026-03-23,LPU_Online_Zeta,23675435222,994.74,5,4,0,0,199,249,0,0,-,-,20%
Google Ads,EP_CU_Online_DFYD,2026-03-23,CU_Online_Admission_Zeta,23676777747,1397.67,2,2,0,0,699,699,0,0,-,-,0%
Meta Ads,FaceBook_University_Admit,2026-03-24,FUA1_CGC_B.Tech_Admission_1.1,FUA1_CGC_B.Tech_Admission_C03,2.51,,,0,0,3,3,0,0,-,-,0%
Meta Ads,FaceBook_University_Admit,2026-03-24,FUA1_CGC_B.Tech_Admission_1.1,FUA1_CGC_B.Tech_Admission_C01,457.66,5,5,0,0,92,92,0,0,-,-,0%
Meta Ads,FaceBook_University_Admit,2026-03-24,FUA1_CGC_B.Tech_Admission_1.1,FUA1_CGC_B.Tech_Admission_C02,11.06,,,0,0,11,11,0,0,-,-,0%
Google ads,Degreefyd_Generic_Regular,2026-03-24,DSA_Punjab_Generic_Admission,23292287218,499.31,8.47,6,1,0,59,83,0,0,-,-,29%
Google ads,EP_CU_Online_DFYD,2026-03-24,CU_Online_Admission,23470383548,1498.15,3,4,0,0,499,375,0,0,-,-,-33%
Google ads,EP_Partner_LPU_Online_DFYD,2026-03-24,LPU_Online_Alpha,23486436393,1927.71,11,13,2,0,175,148,0,0,-,-,-18%
Google ads,EP_Partner_LPU_Online_DFYD,2026-03-24,LPU_Online_Gamma,23486463996,1442.87,3,3,1,0,481,481,0,0,-,-,0%
Google ads,Degreefyd_Generic_Regular,2026-03-24,DSA_Punjab_Generic_Admission_Colleges,23463111599,2808.75,62.27,48,6,1,45,59,14406.77966,0,2808.75,19.50%,23%
Google ads,EP_Partner_LPU_Online_DFYD,2026-03-24,LPU_Online_Zeta,23675435222,1260.33,5.67,5,1,0,222,252,0,0,-,-,12%
Google ads,EP_CU_Online_DFYD,2026-03-24,CU_Online_Admission_Zeta,23676777747,741.51,2,2,0,0,371,371,0,0,-,-,0%
Meta Ads,FaceBook_University_Admit,2026-03-25,FUA1_CGC_B.Tech_Admission_1.1,FUA1_CGC_B.Tech_Admission_C01,853.74,4,4,0,0,213,213,0,0,-,-,0%
Google Ads,Degreefyd_Generic_Regular,2026-03-25,DSA_Punjab_Generic_Admission_Colleges,23463111599,2789.26,56.98,48,5,1,49,58,7140,0,2789.26,39.07%,16%
Google Ads,EP_CU_Online_DFYD,2026-03-25,CU_Online_Admission,23470383548,1496.63,5,6,1,1,299,249,12852,0,1496.63,11.65%,-20%
Google Ads,EP_Partner_LPU_Online_DFYD,2026-03-25,LPU_Online_Alpha,23486436393,2416.65,7,7,5,2,345,345,35000,0,1208.325,6.90%,0%
Google Ads,EP_Partner_LPU_Online_DFYD,2026-03-25,LPU_Online_Gamma,23486463996,1480.85,6,5,1,0,247,296,0,0,-,-,17%
Google Ads,Degreefyd_Generic_Regular,2026-03-25,DSA_Punjab_Generic_Admission,23292287218,408.07,5.5,5,0,0,74,82,0,0,-,-,9%
Google Ads,EP_Partner_LPU_Online_DFYD,2026-03-25,LPU_Online_Zeta,23675435222,1010.51,6.33,4,0,0,160,253,0,0,-,-,37%
Google Ads,EP_CU_Online_DFYD,2026-03-25,CU_Online_Admission_Zeta,23676777747,630.15,1,1,0,0,630,630,0,0,-,-,0%
Meta Ads,FaceBook_University_Admit,2026-03-26,FUA1_CGC_B.Tech_Admission_1.1,FUA1_CGC_B.Tech_Admission_C01,629.32,5,5,0,0,126,126,0,0,-,-,0%
Google Ads,Degreefyd_Generic_Regular,2026-03-26,DSA_Punjab_Generic_Admission,23292287218,98.81,3,3,0,0,33,33,0,0,-,-,0%
Google Ads,Degreefyd_Generic_Regular,2026-03-26,DSA_Punjab_Generic_Admission_Colleges,23463111599,2411.02,53,39,1,0,45,62,0,0,-,-,26%
Google Ads,EP_CU_Online_DFYD,2026-03-26,CU_Online_Admission,23470383548,1338.93,5,6,0,0,268,223,0,0,-,-,-20%
Google Ads,EP_Partner_LPU_Online_DFYD,2026-03-26,LPU_Online_Alpha,23486436393,2314.89,11,1,4,2,210,2315,35000,0,1157.445,6.61%,91%
Google Ads,EP_Partner_LPU_Online_DFYD,2026-03-26,LPU_Online_Gamma,23486463996,1492.67,3,3,0,0,498,498,0,0,-,-,0%
Google Ads,EP_CU_Online_DFYD,2026-03-26,CU_Online_Admission_Zeta,23676777747,627.71,3,3,0,0,209,209,0,0,-,-,0%
Google Ads,EP_Partner_LPU_Online_DFYD,2026-03-26,LPU_Online_Zeta,23675435222,420.43,1,1,0,0,420,420,0,0,-,-,0%
Meta Ads,FaceBook_University_Admit,2026-03-27,FUA1_CGC_B.Tech_Admission_1.1,FUA1_CGC_B.Tech_Admission_C01,1083.3,8,8,1,0,135,135,0,0,-,-,0%
Google Ads,Degreefyd_Generic_Regular,2026-03-27,DSA_Punjab_Generic_Admission,23292287218,120.09,4,3,1,0,30,40,0,0,-,-,25%
Google Ads,Degreefyd_Generic_Regular,2026-03-27,DSA_Punjab_Generic_Admission_Colleges,23463111599,2983.24,67.86,48,3,1,44,62,14406.77966,0,2983.24,20.71%,29%
Google Ads,EP_CU_Online_DFYD,2026-03-27,CU_Online_Admission,23470383548,1563.81,2,3,0,0,782,521,0,0,-,-,-50%
Google Ads,EP_Partner_LPU_Online_DFYD,2026-03-27,LPU_Online_Alpha,23486436393,2065,6,7,0,0,344,295,0,0,-,-,-17%
Google Ads,EP_Partner_LPU_Online_DFYD,2026-03-27,LPU_Online_Gamma,23486463996,1160.27,2,2,1,0,580,580,0,0,-,-,0%
Google Ads,EP_Partner_LPU_Online_DFYD,2026-03-27,LPU_Online_Zeta,23675435222,954.09,1,1,0,0,954,954,0,0,-,-,0%
Google Ads,EP_CU_Online_DFYD,2026-03-27,CU_Online_Admission_Zeta,23676777747,620.75,2,2,0,0,310,310,0,0,-,-,0%
Meta Ads,FaceBook_University_Admit,2026-03-28,FUA1_CGC_B.Tech_Admission_1.1,FUA1_CGC_B.Tech_Admission_C01,436.96,2,2,1,0,218,218,0,0,-,-,0%
Google Ads,EP_Partner_LPU_Online_DFYD,2026-03-28,LPU_Online_Alpha,23486436393,2372.03,11,9,1,1,216,264,17500,0,2372.03,13.55%,18%
Google Ads,EP_Partner_LPU_Online_DFYD,2026-03-28,LPU_Online_Gamma,23486463996,1179.19,4,4,0,0,295,295,0,0,-,-,0%
Google Ads,EP_Partner_LPU_Online_DFYD,2026-03-28,LPU_Online_Zeta,23675435222,626.95,0,,0,0,627,627,0,0,-,-,0%
Google Ads,EP_CU_Online_DFYD,2026-03-28,CU_Online_Admission,23470383548,1915.17,6,6,0,0,319,319,0,0,-,-,0%
Google Ads,EP_CU_Online_DFYD,2026-03-28,CU_Online_Admission_Zeta,23676777747,737.32,2,3,0,0,369,246,0,0,-,-,-50%
Google Ads,Degreefyd_Generic_Regular,2026-03-28,DSA_Punjab_Generic_Admission,23292287218,95.56,2,1,0,0,48,96,0,0,-,-,50%
Google Ads,Degreefyd_Generic_Regular,2026-03-28,DSA_Punjab_Generic_Admission_Colleges,23463111599,3123.7,76.71,60,7,1,41,52,12852,0,3123.7,24.31%,22%
Google Ads,EP_Partner_LPU_Online_DFYD,2026-03-29,LPU_Online_Alpha,23486436393,2120.24,8,8,2,1,265,265,17500,0,2120.24,12.12%,0%
Google Ads,EP_Partner_LPU_Online_DFYD,2026-03-29,LPU_Online_Gamma,23486463996,1374.11,5,5,1,1,275,275,14238,0,1374.11,9.65%,0%
Google Ads,EP_Partner_LPU_Online_DFYD,2026-03-29,LPU_Online_Zeta,23675435222,574.85,1,1,0,0,575,575,0,0,-,-,0%
Google Ads,EP_CU_Online_DFYD,2026-03-29,CU_Online_Admission,23470383548,2929.68,7,7,1,0,419,419,0,0,-,-,0%
Google Ads,EP_CU_Online_DFYD,2026-03-29,CU_Online_Admission_Zeta,23676777747,386.07,3,3,1,0,129,129,0,0,-,-,0%
Google Ads,Degreefyd_Generic_Regular,2026-03-29,DSA_Punjab_Generic_Admission,23292287218,492.23,12.46,11,0,0,40,45,0,0,-,-,12%
Google Ads,Degreefyd_Generic_Regular,2026-03-29,DSA_Punjab_Generic_Admission_Colleges,23463111599,3542.82,84.41,66,3,3,42,54,31164,0,1180.94,11.37%,22%
Google Ads,Degreefyd_Generic_Regular,2026-03-30,DSA_Punjab_Generic_Admission,23292287218,704.26,8,4,0,0,88,176,0,0,-,-,50%
Google Ads,Degreefyd_Generic_Regular,2026-03-30,DSA_Punjab_Generic_Admission_Colleges,23463111599,3750.32,96.91,70,6,1,39,54,15582,0,3750.32,24.07%,28%
Google Ads,EP_Partner_LPU_Online_DFYD,2026-03-30,LPU_Online_Alpha,23486436393,3179.36,14,12,3,1,227,265,17500,0,3179.36,18.17%,14%
Google Ads,EP_Partner_LPU_Online_DFYD,2026-03-30,LPU_Online_Gamma,23486463996,1933.39,9,6,2,0,215,322,0,0,-,-,33%
Google Ads,EP_Partner_LPU_Online_DFYD,2026-03-30,LPU_Online_Zeta,23675435222,446.31,4,4,0,0,112,112,0,0,-,-,0%
Google Ads,EP_CU_Online_DFYD,2026-03-30,CU_Online_Admission,23470383548,1973.91,4,4,2,1,493,493,9156,0,1973.91,21.56%,0%
Google Ads,EP_CU_Online_DFYD,2026-03-30,CU_Online_Admission_Zeta,23676777747,480.81,2,2,0,0,240,240,0,0,-,-,0%
Google Ads,Degreefyd_Generic_Regular,2026-03-30,DSA_Punjab_Generic_Admission,23292287218,704.26,8,4,0,0,88,176,0,0,-,-,50%
Meta Ads,FaceBook_Degreefyd_B,2026-03-28,CU_Lucknow_Remarketing,CU_Lucknow_Rem_Ad01,50.66,1,1,0,0,51,51,0,0,-,-,0%
Meta Ads,FaceBook_Degreefyd_B,2026-03-28,CU_Lucknow_Remarketing,CU_Lucknow_Rem_Ad02,98.39,1,1,0,0,98,98,0,0,-,-,0%
Meta Ads,FaceBook_Degreefyd_B,2026-03-28,CU_Lucknow_Int,CU_Lucknow_Int_ADG1_Ad02,59.64,1,1,0,0,60,60,0,0,-,-,0%
Meta Ads,FaceBook_Degreefyd_B,2026-03-28,CU_Lucknow_Int,CU_Lucknow_Int_ADG1_Ad01,22.92,,,0,0,23,23,0,0,-,-,0%
Meta Ads,FaceBook_Degreefyd_B,2026-03-29,CU_Lucknow_Remarketing,CU_Lucknow_Rem_Ad01,85.31,1,1,0,0,85,85,0,0,-,-,0%
Meta Ads,FaceBook_Degreefyd_B,2026-03-29,CU_Lucknow_Remarketing,CU_Lucknow_Rem_Ad02,266.01,2,2,0,0,133,133,0,0,-,-,0%
Meta Ads,FaceBook_Degreefyd_B,2026-03-29,CU_Lucknow_Int,CU_Lucknow_Int_ADG1_Ad02,95.51,1,1,0,0,96,96,0,0,-,-,0%
Meta Ads,FaceBook_Degreefyd_B,2026-03-29,CU_Lucknow_Int,CU_Lucknow_Int_ADG1_Ad01,67.04,1,1,0,0,67,67,0,0,-,-,0%
Meta Ads,FaceBook_Degreefyd_B,2026-03-30,CU_Lucknow_Remarketing,CU_Lucknow_Rem_Ad01,124.75,2,1,0,0,62,125,0,0,-,-,50%
Meta Ads,FaceBook_Degreefyd_B,2026-03-30,CU_Lucknow_Remarketing,CU_Lucknow_Rem_Ad02,160.49,1,1,0,0,160,160,0,0,-,-,0%
Meta Ads,FaceBook_Degreefyd_B,2026-03-30,CU_Lucknow_Int,CU_Lucknow_Int_ADG1_Ad02,130.08,,,0,0,130,130,0,0,-,-,0%
Meta Ads,FaceBook_Degreefyd_B,2026-03-30,CU_Lucknow_Int,CU_Lucknow_Int_ADG1_Ad01,162.45,2,,0,0,81,162,0,0,-,-,100%
Google Ads,Degreefyd_Generic_Regular,2026-03-31,DSA_Punjab_Generic_Admission,23292287218,849.78,12.98,9,2,1,65,94,6930,0,849.78,12.26%,31%
Google Ads,Degreefyd_Generic_Regular,2026-03-31,DSA_Punjab_Generic_Admission_Colleges,23463111599,3353.85,82.96,72,5,2,40,47,10080,0,1676.925,33.27%,13%
Google Ads,EP_CU_Online_DFYD,2026-03-31,CU_Online_Admission,23470383548,1677.02,6,8,2,0,280,210,0,0,-,-,-33%
Google Ads,EP_CU_Online_DFYD,2026-03-31,CU_Online_Admission_Zeta,23676777747,677.75,2,2,1,1,339,339,7791,0,677.75,8.70%,0%
Google Ads,EP_Partner_LPU_Online_DFYD,2026-03-31,LPU_Online_Alpha,23486436393,3265.99,15,18,4,0,218,181,0,0,-,-,-20%
Google Ads,EP_Partner_LPU_Online_DFYD,2026-03-31,LPU_Online_Gamma,23486463996,1486.06,4,7,2,0,372,212,0,0,-,-,-75%
Google Ads,EP_Partner_LPU_Online_DFYD,2026-03-31,LPU_Online_Zeta,23675435222,508.07,2,2,1,0,254,254,0,0,-,-,0%
Meta Ads,FaceBook_Degreefyd_B,2026-03-31,CU_Lucknow_Remarketing,CU_Lucknow_Rem_Ad01,252.36,,1,1,0,252,252,0,0,-,-,0%
Meta Ads,FaceBook_Degreefyd_B,2026-03-31,CU_Lucknow_Remarketing,CU_Lucknow_Rem_Ad02,117.67,1,2,0,0,118,59,0,0,-,-,-100%
Meta Ads,FaceBook_Degreefyd_B,2026-03-31,CU_Lucknow_Int,CU_Lucknow_Int_ADG1_Ad02,82.66,,,0,0,83,83,0,0,-,-,0%
Meta Ads,FaceBook_Degreefyd_B,2026-03-31,CU_Lucknow_Int,CU_Lucknow_Int_ADG1_Ad01,205.5,1,4,0,0,206,51,0,0,-,-,-300%
Google Ads,Degreefyd_Generic_Regular,2026-04-01,DSA_Punjab_Generic_Admission,23292287218,577.97,9.48,7,0,0,61,83,0,0,-,-,26%
Google Ads,Degreefyd_Generic_Regular,2026-04-01,DSA_Punjab_Generic_Admission_Colleges,23463111599,3796.48,91.41,73,6,3,42,52,36582.77966,0,1265.493333,10.38%,20%
Google Ads,EP_Partner_LPU_Online_DFYD,2026-04-01,LPU_Online_Alpha,23486436393,2092.34,2,2,1,1,1046,1046,17500,0,2092.34,11.96%,0%
Google Ads,EP_Partner_LPU_Online_DFYD,2026-04-01,LPU_Online_Gamma,23486463996,1617.38,5,5,2,0,323,323,0,0,-,-,0%
Google Ads,EP_Partner_LPU_Online_DFYD,2026-04-01,LPU_Online_Zeta,23675435222,704.01,4,4,2,0,176,176,0,0,-,-,0%
Google Ads,EP_CU_Online_DFYD,2026-04-01,CU_Online_Admission,23470383548,2216.82,7,7,1,0,317,317,0,0,-,-,0%
Google Ads,EP_CU_Online_DFYD,2026-04-01,CU_Online_Admission_Zeta,23676777747,395.55,4,5,1,1,99,79,7791,0,395.55,5.08%,-25%
Meta Ads,FaceBook_Degreefyd_B,2026-04-01,CU_Lucknow_Remarketing,CU_Lucknow_Rem_Ad01,175.99,,,0,0,176,176,0,0,-,-,0%
Meta Ads,FaceBook_Degreefyd_B,2026-04-01,CU_Lucknow_Remarketing,CU_Lucknow_Rem_Ad02,86.91,,,0,0,87,87,0,0,-,-,0%
Meta Ads,FaceBook_Degreefyd_B,2026-04-01,CU_Lucknow_Int,CU_Lucknow_Int_ADG1_Ad02,52.64,,,0,0,53,53,0,0,-,-,0%
Meta Ads,FaceBook_Degreefyd_B,2026-04-01,CU_Lucknow_Int,CU_Lucknow_Int_ADG1_Ad01,194.85,2,2,0,0,97,97,0,0,-,-,0%
Google Ads,EP_CU_Online_DFYD,2026-04-02,CU_Online_Admission,23470383548,2263.81,7,6,0,0,323,377,0,0,-,-,14%
Google Ads,EP_CU_Online_DFYD,2026-04-02,CU_Online_Admission_Zeta,23676777747,906.53,0,,0,0,907,907,0,0,-,-,0%
Google Ads,EP_Partner_LPU_Online_DFYD,2026-04-02,LPU_Online_Alpha,23486436393,1937.77,8,8,2,0,242,242,0,0,-,-,0%
Google Ads,EP_Partner_LPU_Online_DFYD,2026-04-02,LPU_Online_Gamma,23486463996,1934.8,7,7,1,1,276,276,17500,0,1934.8,11.06%,0%
Google Ads,EP_Partner_LPU_Online_DFYD,2026-04-02,LPU_Online_Zeta,23675435222,626.11,3,3,0,0,209,209,0,0,-,-,0%
Google Ads,Degreefyd_Generic_Regular,2026-04-02,DSA_Punjab_Generic_Admission,23292287218,636.45,10.99,7,3,0,58,91,0,0,-,-,36%
Google Ads,Degreefyd_Generic_Regular,2026-04-02,DSA_Punjab_Generic_Admission_Colleges,23463111599,3681.16,101.35,82,0,0,36,45,0,0,-,-,19%
Meta Ads,FaceBook_Degreefyd_B,2026-04-02,CU_Lucknow_Remarketing,CU_Lucknow_Rem_Ad01,169.85,3,3,0,0,57,57,0,0,-,-,0%
Meta Ads,FaceBook_Degreefyd_B,2026-04-02,CU_Lucknow_Remarketing,CU_Lucknow_Rem_Ad02,69.16,1,1,0,0,69,69,0,0,-,-,0%
Meta Ads,FaceBook_Degreefyd_B,2026-04-02,CU_Lucknow_Int,CU_Lucknow_Int_ADG1_Ad02,45.69,,,0,0,46,46,0,0,-,-,0%
Meta Ads,FaceBook_Degreefyd_B,2026-04-02,CU_Lucknow_Int,CU_Lucknow_Int_ADG1_Ad01,138.2,1,1,0,0,138,138,0,0,-,-,0%
Meta Ads,FaceBook_Degreefyd_B,2026-04-03,CU_Lucknow_Remarketing,CU_Lucknow_Rem_Ad01,460.28,4,4,1,0,115,115,0,0,-,-,0%
Meta Ads,FaceBook_Degreefyd_B,2026-04-03,CU_Lucknow_Remarketing,CU_Lucknow_Rem_Ad02,30.5,,,0,0,31,31,0,0,-,-,0%
Meta Ads,FaceBook_Degreefyd_B,2026-04-03,CU_Lucknow_Int,CU_Lucknow_Int_ADG1_Ad02,24.88,,,0,0,25,25,0,0,-,-,0%
Meta Ads,FaceBook_Degreefyd_B,2026-04-03,CU_Lucknow_Int,CU_Lucknow_Int_ADG1_Ad01,393.76,5,4,0,0,79,98,0,0,-,-,20%
Google Ads,Degreefyd_Generic_Regular,2026-04-03,DSA_Punjab_Generic_Admission,23292287218,515.69,13.5,15,1,1,38,34,9156,0,515.69,5.63%,-11%
Google Ads,Degreefyd_Generic_Regular,2026-04-03,DSA_Punjab_Generic_Admission_Colleges,23463111599,3982.47,83.43,69,2,1,48,58,7140,0,3982.47,55.78%,17%
Google Ads,EP_Partner_LPU_Online_DFYD,2026-04-03,LPU_Online_Alpha,23486436393,2070.42,7,7,1,0,296,296,0,0,-,-,0%
Google Ads,EP_Partner_LPU_Online_DFYD,2026-04-03,LPU_Online_Gamma,23486463996,1906.42,3,3,0,0,635,635,0,0,-,-,0%
Google Ads,EP_Partner_LPU_Online_DFYD,2026-04-03,LPU_Online_Zeta,23675435222,664.36,4,4,0,0,166,166,0,0,-,-,0%
Google Ads,EP_CU_Online_DFYD,2026-04-03,CU_Online_Admission,23470383548,1301.06,3,3,1,1,434,434,12852,0,1301.06,10.12%,0%
Google Ads,EP_CU_Online_DFYD,2026-04-03,CU_Online_Admission_Zeta,23676777747,930.95,3,3,0,0,310,310,0,0,-,-,0%
Google Ads,Degreefyd_Generic_Regular,2026-04-04,DSA_Punjab_Generic_Admission,23292287218,286.72,3,3,0,0,96,96,0,0,-,-,0%
Google Ads,Degreefyd_Generic_Regular,2026-04-04,DSA_Punjab_Generic_Admission_Colleges,23463111599,3783.64,91.4,76,4,2,41,50,21700,0,1891.82,17.44%,17%
Google Ads,EP_Partner_LPU_Online_DFYD,2026-04-04,LPU_Online_Alpha,23486436393,2292.62,11,11,2,0,208,208,0,0,-,-,0%
Google Ads,EP_Partner_LPU_Online_DFYD,2026-04-04,LPU_Online_Gamma,23486463996,1718.3,9.5,10,2,2,181,172,31738,0,859.15,5.41%,-5%
Google Ads,EP_Partner_LPU_Online_DFYD,2026-04-04,LPU_Online_Zeta,23675435222,678.1,3,3,0,0,226,226,0,0,-,-,0%
Google Ads,EP_CU_Online_DFYD,2026-04-04,CU_Online_Admission,23470383548,1433.48,7,7,1,0,205,205,0,0,-,-,0%
Google Ads,EP_CU_Online_DFYD,2026-04-04,CU_Online_Admission_Zeta,23676777747,906.5,3,3,1,0,302,302,0,0,-,-,0%
Google Ads,Degreefyd_Generic_Regular,2026-04-05,DSA_Punjab_Generic_Admission,23292287218,286.56,8,6,1,0,36,48,0,0,-,-,25%
Google Ads,Degreefyd_Generic_Regular,2026-04-05,DSA_Punjab_Generic_Admission_Colleges,23463111599,2318.76,40.49,35,6,1,57,66,4200,0,2318.76,55.21%,14%
Google Ads,EP_Partner_LPU_Online_DFYD,2026-04-05,LPU_Online_Alpha,23486436393,2017.19,5,7,3,1,403,288,17500,0,2017.19,11.53%,-40%
Google Ads,EP_Partner_LPU_Online_DFYD,2026-04-05,LPU_Online_Gamma,23486463996,2126.04,5,6,0,0,425,354,0,0,-,-,-20%
Google Ads,EP_Partner_LPU_Online_DFYD,2026-04-05,LPU_Online_Zeta,23675435222,441.26,1,1,0,0,441,441,0,0,-,-,0%
Google Ads,EP_CU_Online_DFYD,2026-04-05,CU_Online_Admission,23470383548,921.17,2,2,0,0,461,461,0,0,-,-,0%
Google Ads,EP_CU_Online_DFYD,2026-04-05,CU_Online_Admission_Zeta,23676777747,665.01,4,3,0,0,166,222,0,0,-,-,25%
Google Ads,Degreefyd_Generic_Regular,2026-04-06,DSA_Punjab_Generic_Admission,23292287218,276.49,6,8,1,0,46,35,0,0,-,-,-33%
Google Ads,Degreefyd_Generic_Regular,2026-04-06,DSA_Punjab_Generic_Admission_Colleges,23463111599,2977.3,64.39,49,4,1,46,61,14406.77966,0,2977.3,20.67%,24%
Google Ads,EP_Partner_LPU_Online_DFYD,2026-04-06,LPU_Online_Alpha,23486436393,2110.88,13,13,3,2,162,162,35000,0,1055.44,6.03%,0%
Google Ads,EP_Partner_LPU_Online_DFYD,2026-04-06,LPU_Online_Gamma,23486463996,1270.89,4,4,0,0,318,318,0,0,-,-,0%
Google Ads,EP_Partner_LPU_Online_DFYD,2026-04-06,LPU_Online_Zeta,23675435222,357.76,1,1,0,0,358,358,0,0,-,-,0%
Google Ads,EP_CU_Online_DFYD,2026-04-06,CU_Online_Admission,23470383548,1640.57,4,4,1,0,410,410,0,0,-,-,0%
Google Ads,EP_CU_Online_DFYD,2026-04-06,CU_Online_Admission_Zeta,23676777747,1798.01,3,3,0,0,599,599,0,0,-,-,0%
Meta Ads,FaceBook_Degreefyd_B,2026-04-04,CU_Lucknow_Int,CU_Lucknow_Int_ADG1_Ad01,285.87,5,5,2,2,57,57,16537.5,0,142.935,1.73%,0%
Meta Ads,FaceBook_Degreefyd_B,2026-04-04,CU_Lucknow_Int,CU_Lucknow_Int_ADG1_Ad02,8.56,,,0,0,9,9,0,0,-,-,0%
Meta Ads,FaceBook_Degreefyd_B,2026-04-04,CU_Lucknow_Remarketing,CU_Lucknow_Rem_Ad02,9.44,,,0,0,9,9,0,0,-,-,0%
Meta Ads,FaceBook_Degreefyd_B,2026-04-04,CU_Lucknow_Remarketing,CU_Lucknow_Rem_Ad01,317.44,3,4,0,0,106,79,0,0,-,-,-33%
Meta Ads,FaceBook_Degreefyd_B,2026-04-05,CU_Lucknow_Remarketing,CU_Lucknow_Rem_Ad02,36.47,,,0,0,36,36,0,0,-,-,0%
Meta Ads,FaceBook_Degreefyd_B,2026-04-05,CU_Lucknow_Int,CU_Lucknow_Int_ADG1_Ad01,291.54,3,2,0,0,97,146,0,0,-,-,33%
Meta Ads,FaceBook_Degreefyd_B,2026-04-05,CU_Lucknow_Int,CU_Lucknow_Int_ADG1_Ad02,8.18,,,0,0,8,8,0,0,-,-,0%
Meta Ads,FaceBook_Degreefyd_B,2026-04-05,CU_Lucknow_Remarketing,CU_Lucknow_Rem_Ad01,344.34,4,4,1,0,86,86,0,0,-,-,0%
Meta Ads,FaceBook_Degreefyd_B,2026-04-06,CU_Lucknow_Int,CU_Lucknow_Int_ADG1_Ad01,254.05,5,5,0,0,51,51,0,0,-,-,0%
Meta Ads,FaceBook_Degreefyd_B,2026-04-06,CU_Lucknow_Int,CU_Lucknow_Int_ADG1_Ad02,9.22,,,0,0,9,9,0,0,-,-,0%
Meta Ads,FaceBook_Degreefyd_B,2026-04-06,CU_Lucknow_Remarketing,CU_Lucknow_Rem_Ad02,48.57,,,0,0,49,49,0,0,-,-,0%
Meta Ads,FaceBook_Degreefyd_B,2026-04-06,CU_Lucknow_Remarketing,CU_Lucknow_Rem_Ad01,298.79,5,5,0,0,60,60,0,0,-,-,0%
Google Ads,Degreefyd_Generic_Regular,2026-04-07,DSA_Punjab_Generic_Admission,23292287218,537.01,6.99,9,2,0,77,60,0,0,-,-,-29%
Google Ads,Degreefyd_Generic_Regular,2026-04-07,DSA_Punjab_Generic_Admission_Colleges,23463111599,2954.22,59.95,49,4,2,49,60,27258.77966,0,1477.11,10.84%,18%
Google Ads,EP_Partner_LPU_Online_DFYD,2026-04-07,LPU_Online_Alpha,23486436393,2085.56,6,8,2,0,348,261,0,0,-,-,-33%
Google Ads,EP_Partner_LPU_Online_DFYD,2026-04-07,LPU_Online_Gamma,23486463996,2536.96,6,3,0,0,423,846,0,0,-,-,50%
Google Ads,EP_Partner_LPU_Online_DFYD,2026-04-07,LPU_Online_Zeta,23675435222,986.22,2,2,0,0,493,493,0,0,-,-,0%
Google Ads,EP_CU_Online_DFYD,2026-04-07,CU_Online_Admission,23470383548,1999.45,7,6,0,0,286,333,0,0,-,-,14%
Google Ads,EP_CU_Online_DFYD,2026-04-07,CU_Online_Admission_Zeta,23676777747,1115.04,3,2,1,1,372,558,8064,0,1115.04,13.83%,33%
Meta Ads,FaceBook_Degreefyd_B,2026-04-07,CU_Lucknow_Remarketing,CU_Lucknow_Rem_Ad01,315.47,2,2,0,0,158,158,0,0,-,-,0%
Meta Ads,FaceBook_Degreefyd_B,2026-04-07,CU_Lucknow_Remarketing,CU_Lucknow_Rem_Ad02,19.84,,,0,0,20,20,0,0,-,-,0%
Meta Ads,FaceBook_Degreefyd_B,2026-04-07,CU_Lucknow_Int,CU_Lucknow_Int_ADG1_Ad02,3.01,,,0,0,3,3,0,0,-,-,0%
Meta Ads,FaceBook_Degreefyd_B,2026-04-07,CU_Lucknow_Int,CU_Lucknow_Int_ADG1_Ad01,258.19,3,3,0,0,86,86,0,0,-,-,0%
Google Ads,EP_Partner_LPU_Online_DFYD,2026-04-08,LPU_Online_Alpha,23486436393,2403.33,10,9,2,0,240,267,0,0,-,-,10%
Google Ads,EP_Partner_LPU_Online_DFYD,2026-04-08,LPU_Online_Gamma,23486463996,1305.63,1,1,0,0,1306,1306,0,0,-,-,0%
Google Ads,EP_Partner_LPU_Online_DFYD,2026-04-08,LPU_Online_Zeta,23675435222,488.3,1,1,0,0,488,488,0,0,-,-,0%
Google Ads,Degreefyd_Generic_Regular,2026-04-08,DSA_Punjab_Generic_Admission,23292287218,414.86,8.99,9,0,0,46,46,0,0,-,-,0%
Google Ads,Degreefyd_Generic_Regular,2026-04-08,DSA_Punjab_Generic_Admission_Colleges,23463111599,2843.69,61.47,50,3,1,46,57,12852,0,2843.69,22.13%,19%
Google Ads,EP_CU_Online_DFYD,2026-04-08,CU_Online_Admission,23470383548,1714.9,2,2,0,0,857,857,0,0,-,-,0%
Google Ads,EP_CU_Online_DFYD,2026-04-08,CU_Online_Admission_Zeta,23676777747,914.99,2,2,0,0,457,457,0,0,-,-,0%
Meta Ads,FaceBook_Degreefyd_B,2026-04-08,CU_Lucknow_Remarketing,CU_Lucknow_Rem_Ad01,325.29,3,3,0,0,108,108,0,0,-,-,0%
Meta Ads,FaceBook_Degreefyd_B,2026-04-08,CU_Lucknow_Remarketing,CU_Lucknow_Rem_Ad02,31.41,,,0,0,31,31,0,0,-,-,0%
Meta Ads,FaceBook_Degreefyd_B,2026-04-08,CU_Lucknow_Int,CU_Lucknow_Int_ADG1_Ad02,1.02,,,0,0,1,1,0,0,-,-,0%
Meta Ads,FaceBook_Degreefyd_B,2026-04-08,CU_Lucknow_Int,CU_Lucknow_Int_ADG1_Ad01,284.19,2,3,0,0,142,95,0,0,-,-,-50%
Google Ads,Degreefyd_Generic_Regular,2026-04-09,DSA_Punjab_Generic_Admission,23292287218,848.9,12.49,11,2,1,68,77,6300,0,848.9,13.47%,12%
Google Ads,Degreefyd_Generic_Regular,2026-04-09,DSA_Punjab_Generic_Admission_Colleges,23463111599,2810.53,52.33,47,2,1,54,60,14238,0,2810.53,19.74%,10%
Google Ads,EP_CU_Online_DFYD,2026-04-09,CU_Online_Admission,23470383548,2273.01,10,8,1,1,227,284,9408,0,2273.01,24.16%,20%
Google Ads,EP_CU_Online_DFYD,2026-04-09,CU_Online_Admission_Zeta,23676777747,443.1,1,1,0,0,443,443,0,0,-,-,0%
Google Ads,EP_Partner_LPU_Online_DFYD,2026-04-09,LPU_Online_Alpha,23486436393,2619.49,10,10,0,0,262,262,0,0,-,-,0%
Google Ads,EP_Partner_LPU_Online_DFYD,2026-04-09,LPU_Online_Gamma,23486463996,1622.4,9,8,1,0,180,203,0,0,-,-,11%
Google Ads,EP_Partner_LPU_Online_DFYD,2026-04-09,LPU_Online_Zeta,23675435222,250.25,2,2,0,0,125,125,0,0,-,-,0%
Meta Ads,FaceBook_Degreefyd_B,2026-04-09,CU_Lucknow_Remarketing,CU_Lucknow_Rem_Ad01,306.03,6,6,2,1,51,51,8330,0,306.03,3.67%,0%
Meta Ads,FaceBook_Degreefyd_B,2026-04-09,CU_Lucknow_Remarketing,CU_Lucknow_Rem_Ad02,63.44,,,0,0,63,63,0,0,-,-,0%
Meta Ads,FaceBook_Degreefyd_B,2026-04-09,CU_Lucknow_Int,CU_Lucknow_Int_ADG1_Ad01,277.86,3,3,0,0,93,93,0,0,-,-,0%
Google Ads,Degreefyd_Generic_Regular,2026-04-10,DSA_Punjab_Generic_Admission,23292287218,480.11,7,3,0,0,69,160,0,0,-,-,57%
Google Ads,Degreefyd_Generic_Regular,2026-04-10,DSA_Punjab_Generic_Admission_Colleges,23463111599,1984.94,29.98,23,2,0,66,86,0,0,-,-,23%
Google Ads,EP_Partner_LPU_Online_DFYD,2026-04-10,LPU_Online_Alpha,23486436393,2661.8,10,11,1,0,266,242,0,0,-,-,-10%
Google Ads,EP_Partner_LPU_Online_DFYD,2026-04-10,LPU_Online_Gamma,23486463996,1682.53,9,9,3,0,187,187,0,0,-,-,0%
Google Ads,EP_CU_Online_DFYD,2026-04-10,CU_Online_Admission,23470383548,1223.72,3,3,1,0,408,408,0,0,-,-,0%
Google Ads,EP_CU_Online_DFYD,2026-04-10,CU_Online_Admission_Zeta,23676777747,881.64,3,2,0,0,294,441,0,0,-,-,33%
Google Ads,Degreefyd_Generic_Competitor_Regular,2026-04-10,Panjab_Admissions,23736891807,196.13,4,3,0,0,49,65,0,0,-,-,25%
Google Ads,Degreefyd_Generic_Competitor_Regular,2026-04-10,Punjab_Generic_TOPC,23741759462,58.21,0,,0,0,58,58,0,0,-,-,0%
Meta Ads,FaceBook_Degreefyd_B,2026-04-10,CU_Lucknow_Remarketing,CU_Lucknow_Rem_Ad01,338.01,2,3,1,0,169,113,0,0,-,-,-50%
Meta Ads,FaceBook_Degreefyd_B,2026-04-10,CU_Lucknow_Remarketing,CU_Lucknow_Rem_Ad02,34.55,1,1,0,0,35,35,0,0,-,-,0%
Meta Ads,FaceBook_Degreefyd_B,2026-04-10,CU_Lucknow_Int,CU_Lucknow_Int_ADG1_Ad02,1.76,,,0,0,2,2,0,0,-,-,0%
Meta Ads,FaceBook_Degreefyd_B,2026-04-10,CU_Lucknow_Int,CU_Lucknow_Int_ADG1_Ad01,279.34,,1,0,0,279,279,0,0,-,-,0%
Meta Ads,FaceBook_Degreefyd_B,2026-04-12,CU_Lucknow_Remarketing,CU_Lucknow_Rem_Ad01,493.31,5,5,1,0,99,99,0,0,-,-,0%
Meta Ads,FaceBook_Degreefyd_B,2026-04-12,CU_Lucknow_Remarketing,CU_Lucknow_Rem_Ad02,0.04,,,0,0,0,0,0,0,-,-,0%
Meta Ads,FaceBook_Degreefyd_B,2026-04-12,CU_Lucknow_Int,CU_Lucknow_Int_ADG1_Ad02,5.83,,,0,0,6,6,0,0,-,-,0%
Meta Ads,FaceBook_Degreefyd_B,2026-04-12,CU_Lucknow_Int,CU_Lucknow_Int_ADG1_Ad01,362.63,10,10,1,1,36,36,17199,0,362.63,2.11%,0%
Meta Ads,FaceBook_Degreefyd_B,2026-04-11,CU_Lucknow_Remarketing,CU_Lucknow_Rem_Ad01,351.89,5,5,1,1,70,70,17150,0,351.89,2.05%,0%
Meta Ads,FaceBook_Degreefyd_B,2026-04-11,CU_Lucknow_Remarketing,CU_Lucknow_Rem_Ad02,13.01,1,1,0,0,13,13,0,0,-,-,0%
Meta Ads,FaceBook_Degreefyd_B,2026-04-11,CU_Lucknow_Int,CU_Lucknow_Int_ADG1_Ad02,0.12,,,0,0,0,0,0,0,-,-,0%
Meta Ads,FaceBook_Degreefyd_B,2026-04-11,CU_Lucknow_Int,CU_Lucknow_Int_ADG1_Ad01,274.29,5,5,0,0,55,55,0,0,-,-,0%
Google Ads,Degreefyd_Generic_Regular,2026-04-11,DSA_Punjab_Generic_Admission,23292287218,1123.23,19.99,18,2,0,56,62,0,0,-,-,10%
Google Ads,Degreefyd_Generic_Regular,2026-04-11,DSA_Punjab_Generic_Admission_Colleges,23463111599,1838.69,32.96,25,4,1,56,74,14406.77966,0,1838.69,12.76%,24%
Google Ads,EP_Partner_LPU_Online_DFYD,2026-04-11,LPU_Online_Alpha,23486436393,2412.01,9.33,9,2,1,259,268,17500,0,2412.01,13.78%,4%
Google Ads,EP_Partner_LPU_Online_DFYD,2026-04-11,LPU_Online_Gamma,23486463996,1309.3,3,4,0,0,436,327,0,0,-,-,-33%
Google Ads,EP_CU_Online_DFYD,2026-04-11,CU_Online_Admission,23470383548,1214.86,5,5,0,0,243,243,0,0,-,-,0%
Google Ads,EP_CU_Online_DFYD,2026-04-11,CU_Online_Admission_Zeta,23676777747,559.31,1,1,0,0,559,559,0,0,-,-,0%
Google Ads,Degreefyd_Generic_Competitor_Regular,2026-04-11,Panjab_Admissions,23736891807,1441.76,26.5,23,4,1,54,63,8232,0,1441.76,17.51%,13%
Google Ads,Degreefyd_Generic_Competitor_Regular,2026-04-11,Punjab_Generic_TOPC,23741759462,1169.91,1.5,3,0,0,780,390,0,0,-,-,-100%
Google Ads,Degreefyd_Standard_Generic,2026-04-11,Lucknow_Admissions,23744764223,787.8,1,1,0,0,788,788,0,0,-,-,0%
Google Ads,Degreefyd_Generic_Regular,2026-04-12,DSA_Punjab_Generic_Admission,23292287218,749.55,20,16,0,0,37,47,0,0,-,-,20%
Google Ads,Degreefyd_Generic_Regular,2026-04-12,DSA_Punjab_Generic_Admission_Colleges,23463111599,1410.38,31.95,23,0,0,44,61,0,0,-,-,28%
Google Ads,Degreefyd_Generic_Competitor_Regular,2026-04-12,Panjab_Admissions,23736891807,655.43,18.99,16,0,0,35,41,0,0,-,-,16%
Google Ads,Degreefyd_Generic_Competitor_Regular,2026-04-12,Punjab_Generic_TOPC,23741759462,308.67,1,,0,0,309,309,0,0,-,-,100%
Google Ads,EP_CU_Online_DFYD,2026-04-12,CU_Online_Admission,23470383548,922.32,6,5,0,0,154,184,0,0,-,-,17%
Google Ads,EP_CU_Online_DFYD,2026-04-12,CU_Online_Admission_Zeta,23676777747,965.95,4,3,0,0,241,322,0,0,-,-,25%
Google Ads,EP_Partner_LPU_Online_DFYD,2026-04-12,LPU_Online_Alpha,23486436393,2328.11,10.67,11,1,0,218,212,0,0,-,-,-3%
Google Ads,EP_Partner_LPU_Online_DFYD,2026-04-12,LPU_Online_Gamma,23486463996,1898.07,10,10,1,0,190,190,0,0,-,-,0%
Google Ads,Degreefyd_Standard_Generic,2026-04-12,Lucknow_Admissions,23744764223,1372.35,5,5,0,0,274,274,0,0,-,-,0%
Google Ads,Degreefyd_Generic_Regular,2026-04-13,DSA_Punjab_Generic_Admission,23292287218,607.24,9.99,8,1,0,61,76,0,0,-,-,20%
Google Ads,Degreefyd_Generic_Regular,2026-04-13,DSA_Punjab_Generic_Admission_Colleges,23463111599,1069.05,17.98,17,1,0,59,63,0,0,-,-,5%
Google Ads,EP_CU_Online_DFYD,2026-04-13,CU_Online_Admission,23470383548,1578.36,3,3,2,1,526,526,12516,0,1578.36,12.61%,0%
Google Ads,EP_CU_Online_DFYD,2026-04-13,CU_Online_Admission_Zeta,23676777747,720.08,3,3,1,1,240,240,17199,0,720.08,4.19%,0%
Google Ads,EP_Partner_LPU_Online_DFYD,2026-04-13,LPU_Online_Alpha,23486436393,2790.87,12,12,2,0,233,233,0,0,-,-,0%
Google Ads,EP_Partner_LPU_Online_DFYD,2026-04-13,LPU_Online_Gamma,23486463996,3036.78,18,14,2,0,169,217,0,0,-,-,22%
Google Ads,Degreefyd_Standard_Generic,2026-04-13,Lucknow_Admissions,23744764223,666.63,1,1,0,0,667,667,0,0,-,-,0%
Google Ads,Degreefyd_Generic_Competitor_Regular,2026-04-13,Panjab_Admissions,23736891807,833.77,16.99,15,1,0,49,56,0,0,-,-,12%
Google Ads,Degreefyd_Generic_Competitor_Regular,2026-04-13,Punjab_Generic_TOPC,23741759462,923.96,2,,0,0,462,924,0,0,-,-,100%
Meta Ads,FaceBook_Degreefyd_B,2026-04-13,CU_Lucknow_Remarketing,CU_Lucknow_Rem_Ad01,434.93,3,4,0,0,145,109,0,0,-,-,-33%
Meta Ads,FaceBook_Degreefyd_B,2026-04-13,CU_Lucknow_Remarketing,CU_Lucknow_Rem_Ad02,17.23,,,0,0,17,17,0,0,-,-,0%
Meta Ads,FaceBook_Degreefyd_B,2026-04-13,CU_Lucknow_Int,CU_Lucknow_Int_ADG1_Ad02,1.43,,,0,0,1,1,0,0,-,-,0%
Meta Ads,FaceBook_Degreefyd_B,2026-04-13,CU_Lucknow_Int,CU_Lucknow_Int_ADG1_Ad01,352.66,6,6,0,0,59,59,0,0,-,-,0%
Google Ads,Degreefyd_Generic_Regular,2026-04-14,DSA_Punjab_Generic_Admission,23292287218,653.18,7.99,7,2,1,82,93,14406.77966,0,653.18,4.53%,12%
Google Ads,Degreefyd_Standard_Generic,2026-04-14,Lucknow_Admissions,23744764223,713.47,2,2,0,0,357,357,0,0,-,-,0%
Google Ads,Degreefyd_Generic_Competitor_Regular,2026-04-14,Panjab_Admissions,23736891807,1064.92,15.66,16,1,0,68,67,0,0,-,-,-2%
Google Ads,EP_CU_Online_DFYD,2026-04-14,CU_Online_Admission,23470383548,1506.55,4,4,0,0,377,377,0,0,-,-,0%
Google Ads,EP_CU_Online_DFYD,2026-04-14,CU_Online_Admission_Zeta,23676777747,684.13,3,2,0,0,228,342,0,0,-,-,33%
Google Ads,Degreefyd_Generic_Regular,2026-04-14,DSA_Punjab_Generic_Admission_Colleges,23463111599,1116.95,18.49,16,0,0,60,70,0,0,-,-,13%
Google Ads,EP_Partner_LPU_Online_DFYD,2026-04-14,LPU_Online_Alpha,23486436393,2811.25,12,13,3,1,234,216,17500,0,2811.25,16.06%,-8%
Google Ads,EP_Partner_LPU_Online_DFYD,2026-04-14,LPU_Online_Gamma,23486463996,3156.33,14,13,6,2,225,243,35000,0,1578.165,9.02%,7%
Meta Ads,FaceBook_Degreefyd_B,2026-04-14,CU_Lucknow_Remarketing,CU_Lucknow_Rem_Ad01,278.71,4,4,1,0,70,70,0,0,-,-,0%
Meta Ads,FaceBook_Degreefyd_B,2026-04-14,CU_Lucknow_Remarketing,CU_Lucknow_Rem_Ad02,0,,,0,0,0,0,0,0,-,-,0%
Meta Ads,FaceBook_Degreefyd_B,2026-04-14,CU_Lucknow_Int,CU_Lucknow_Int_ADG1_Ad01,296.65,8,9,3,1,37,33,7742,0,296.65,3.83%,-13%
Google Ads,Degreefyd_Generic_Regular,2026-04-15,DSA_Punjab_Generic_Admission,23292287218,1374.03,21.99,17,4,2,62,81,33082,0,687.015,4.15%,23%
Google Ads,Degreefyd_Generic_Regular,2026-04-15,DSA_Punjab_Generic_Admission_Colleges,23463111599,1416.54,25.99,20,2,0,55,71,0,0,-,-,23%
Google Ads,EP_CU_Online_DFYD,2026-04-15,CU_Online_Admission,23470383548,3961.13,12,13,2,0,330,305,0,0,-,-,-8%
Google Ads,EP_CU_Online_DFYD,2026-04-15,CU_Online_Admission_Zeta,23676777747,1218.32,1,1,1,0,1218,1218,0,0,-,-,0%
Google Ads,EP_Partner_LPU_Online_DFYD,2026-04-15,LPU_Online_Alpha,23486436393,2811.7,14,12,2,0,201,234,0,0,-,-,14%
Google Ads,EP_Partner_LPU_Online_DFYD,2026-04-15,LPU_Online_Gamma,23486463996,3128.74,11,11,4,1,284,284,17500,0,3128.74,17.88%,0%
Google Ads,Degreefyd_Generic_Competitor_Regular,2026-04-15,Panjab_Admissions,23736891807,830.69,13.32,11,0,0,62,76,0,0,-,-,17%
Meta Ads,FaceBook_Degreefyd_B,2026-04-15,CU_Lucknow_Remarketing,CU_Lucknow_Rem_Ad01,427.27,2,3,3,0,214,142,0,0,-,-,-50%
Meta Ads,FaceBook_Degreefyd_B,2026-04-15,CU_Lucknow_Remarketing,CU_Lucknow_Rem_Ad02,2.05,,,,0,2,2,0,0,-,-,0%
Meta Ads,FaceBook_Degreefyd_B,2026-04-15,CU_Lucknow_Int,CU_Lucknow_Int_ADG1_Ad02,5.32,,,,0,5,5,0,0,-,-,0%
Meta Ads,FaceBook_Degreefyd_B,2026-04-15,CU_Lucknow_Int,CU_Lucknow_Int_ADG1_Ad01,358.19,,1,1,0,358,358,0,0,-,-,0%
Google Ads,Core_Online_DSA,2026-04-15,DSA_Lucknow,23748848361,999.91,29.49,21,0,0,34,48,0,0,-,-,29%
Google Ads,Core_Online_DSA,2026-04-16,DSA_Lucknow,23748848361,347.76,10.99,9,0,0,32,39,0,0,-,-,18%
Google Ads,Degreefyd_Generic_Regular,2026-04-16,DSA_Punjab_Generic_Admission_Colleges,23463111599,1153.09,14.99,13,0,0,77,89,0,0,-,-,13%
Google Ads,Degreefyd_Generic_Regular,2026-04-16,DSA_Punjab_Generic_Admission,23292287218,868.07,11.99,10,1,0,72,87,0,0,-,-,17%
Google Ads,EP_CU_Online_DFYD,2026-04-16,CU_Online_Admission,23470383548,2827.06,6,7,1,0,471,404,0,0,-,-,-17%
Google Ads,EP_CU_Online_DFYD,2026-04-16,CU_Online_Admission_Zeta,23676777747,697.48,0,,0,0,697,697,0,0,-,-,0%
Google Ads,EP_Partner_LPU_Online_DFYD,2026-04-16,LPU_Online_Alpha,23486436393,3399.46,13,13,0,0,261,261,0,0,-,-,0%
Google Ads,EP_Partner_LPU_Online_DFYD,2026-04-16,LPU_Online_Gamma,23486463996,2052.96,7,8,3,1,293,257,17500,0,2052.96,11.73%,-14%
Google Ads,Degreefyd_Generic_Competitor_Regular,2026-04-16,Panjab_Admissions,23736891807,1146.07,14.99,17,2,0,76,67,0,0,-,-,-13%
Meta Ads,FaceBook_Degreefyd_B,2026-04-16,CU_Lucknow_Remarketing,CU_Lucknow_Rem_Ad01,437.6,7,6,0,0,63,73,0,0,-,-,14%
Meta Ads,FaceBook_Degreefyd_B,2026-04-16,CU_Lucknow_Remarketing,CU_Lucknow_Rem_Ad02,4.64,,,0,0,5,5,0,0,-,-,0%
Meta Ads,FaceBook_Degreefyd_B,2026-04-16,CU_Lucknow_Int,CU_Lucknow_Int_ADG1_Ad02,9.47,,,0,0,9,9,0,0,-,-,0%
Meta Ads,FaceBook_Degreefyd_B,2026-04-16,CU_Lucknow_Int,CU_Lucknow_Int_ADG1_Ad01,389.51,7,8,0,0,56,49,0,0,-,-,-14%
Google Ads,EP_Partner_LPU_Online_DFYD,2026-04-17,LPU_Online_Alpha,23486436393,3304.39,6,8,2,2,551,413,35000,0,1652.195,9.44%,-33%
Google Ads,EP_Partner_LPU_Online_DFYD,2026-04-17,LPU_Online_Gamma,23486463996,1744.18,6,6,0,0,291,291,0,0,-,-,0%
Google Ads,Core_Online_DSA,2026-04-17,DSA_Lucknow,23748848361,193.68,8,8,0,0,24,24,0,0,-,-,0%
Google Ads,EP_CU_Online_DFYD,2026-04-17,CU_Online_Admission,23470383548,983.18,5,5,2,1,197,197,9156,0,983.18,10.74%,0%
Google Ads,EP_CU_Online_DFYD,2026-04-17,CU_Online_Admission_Zeta,23676777747,139.83,1,1,0,0,140,140,0,0,-,-,0%
Google Ads,Degreefyd_Generic_Regular,2026-04-17,DSA_Punjab_Generic_Admission,23292287218,599.21,5,6,0,0,120,100,0,0,-,-,-20%
Google Ads,Degreefyd_Generic_Regular,2026-04-17,DSA_Punjab_Generic_Admission_Colleges,23463111599,1552.37,16.49,16,2,0,94,97,0,0,-,-,3%
Google Ads,Degreefyd_Generic_Competitor_Regular,2026-04-17,Panjab_Admissions,23736891807,604.53,7.99,10,1,0,76,60,0,0,-,-,-25%
Meta Ads,FaceBook_Degreefyd_B,2026-04-17,CU_Lucknow_Remarketing,CU_Lucknow_Rem_Ad01,412.33,4,5,0,0,103,82,0,0,-,-,-25%
Meta Ads,FaceBook_Degreefyd_B,2026-04-17,CU_Lucknow_Remarketing,CU_Lucknow_Rem_Ad02,5.3,,,0,0,5,5,0,0,-,-,0%
Meta Ads,FaceBook_Degreefyd_B,2026-04-17,CU_Lucknow_Int,CU_Lucknow_Int_ADG1_Ad01,387.79,6,6,2,0,65,65,0,0,-,-,0%
Google Ads,EP_CU_Online_DFYD,2026-04-18,CU_Online_Admission,23470383548,2327.12,6,6,0,0,388,388,0,0,-,-,0%
Google Ads,EP_CU_Online_DFYD,2026-04-18,CU_Online_Admission_Zeta,23676777747,451.28,2,2,0,0,226,226,0,0,-,-,0%
Google Ads,EP_Partner_LPU_Online_DFYD,2026-04-18,LPU_Online_Alpha,23486436393,4024.5,8,7,0,0,503,575,0,0,-,-,13%
Google Ads,EP_Partner_LPU_Online_DFYD,2026-04-18,LPU_Online_Gamma,23486463996,2448.99,10,9,0,0,245,272,0,0,-,-,10%
Google Ads,Core_Online_DSA,2026-04-18,DSA_Lucknow,23748848361,126.2,4,4,0,0,32,32,0,0,-,-,0%
Google Ads,Degreefyd_Generic_Competitor_Regular,2026-04-18,Panjab_Admissions,23736891807,578.99,14,12,2,1,41,48,14406.77966,0,578.99,4.02%,14%
Google Ads,Degreefyd_Generic_Regular,2026-04-18,DSA_Punjab_Generic_Admission,23292287218,1145.92,13.99,15,0,0,82,76,0,0,-,-,-7%
Google Ads,Degreefyd_Generic_Regular,2026-04-18,DSA_Punjab_Generic_Admission_Colleges,23463111599,1733.41,26.98,23,0,0,64,75,0,0,-,-,15%
Meta Ads,FaceBook_Degreefyd_B,2026-04-18,CU_Lucknow_Remarketing,CU_Lucknow_Rem_Ad01,411.27,2,2,0,0,206,206,0,0,-,-,0%
Meta Ads,FaceBook_Degreefyd_B,2026-04-18,CU_Lucknow_Int,CU_Lucknow_Int_ADG1_Ad02,3.27,1,1,1,0,3,3,0,0,-,-,0%
Meta Ads,FaceBook_Degreefyd_B,2026-04-18,CU_Lucknow_Int,CU_Lucknow_Int_ADG1_Ad01,320.26,5,5,0,0,64,64,0,0,-,-,0%
Meta Ads,FaceBook_Degreefyd_B,2026-04-19,CU_Lucknow_Remarketing,CU_Lucknow_Rem_Ad01,672.11,8,8,0,0,84,84,0,0,-,-,0%
Meta Ads,FaceBook_Degreefyd_B,2026-04-19,CU_Lucknow_Remarketing,CU_Lucknow_Rem_Ad02,5.07,,,0,0,5,5,0,0,-,-,0%
Meta Ads,FaceBook_Degreefyd_B,2026-04-19,CU_Lucknow_Int,CU_Lucknow_Int_ADG1_Ad01,426.4,5,5,1,0,85,85,0,0,-,-,0%
Google Ads,Degreefyd_Generic_Regular,2026-04-19,DSA_Punjab_Generic_Admission,23292287218,665.9,11.99,9,2,1,56,74,9702,0,665.9,6.86%,25%
Google Ads,Degreefyd_Generic_Competitor_Regular,2026-04-19,Panjab_Admissions,23736891807,1606.33,11.99,13,1,0,134,124,0,0,-,-,-8%
Google Ads,EP_CU_Online_DFYD,2026-04-19,CU_Online_Admission,23470383548,1222.58,8,6,1,1,153,204,9156,0,1222.58,13.35%,25%
Google Ads,EP_CU_Online_DFYD,2026-04-19,CU_Online_Admission_Zeta,23676777747,120.52,0,,0,0,121,121,0,0,-,-,0%
Google Ads,Degreefyd_Generic_Regular,2026-04-19,DSA_Punjab_Generic_Admission_Colleges,23463111599,903.65,8,9,2,0,113,100,0,0,-,-,-13%
Google Ads,EP_Partner_LPU_Online_DFYD,2026-04-19,LPU_Online_Alpha,23486436393,2527.18,6,6,0,0,421,421,0,0,-,-,0%
Google Ads,EP_Partner_LPU_Online_DFYD,2026-04-19,LPU_Online_Gamma,23486463996,903.68,7,7,1,1,129,129,17500,0,903.68,5.16%,0%
Google Ads,Core_Online_DSA,2026-04-19,DSA_Lucknow,23748848361,155.22,2,13,0,0,78,12,0,0,-,-,-550%
Google Ads,EP_Partner_LPU_Online_DFYD,2026-04-20,LPU_Online_Alpha,23486436393,2255.26,6,6,0,0,376,376,0,0,-,-,0%
Google Ads,EP_Partner_LPU_Online_DFYD,2026-04-20,LPU_Online_Gamma,23486463996,897.59,2,2,0,0,449,449,0,0,-,-,0%
Google Ads,Core_Online_DSA,2026-04-20,DSA_Lucknow,23748848361,110.35,3.5,4,1,0,32,28,0,0,-,-,-14%
Google Ads,EP_CU_Online_DFYD,2026-04-20,CU_Online_Admission,23470383548,841.03,3,3,1,1,280,280,15582,0,841.03,5.40%,0%
Google Ads,EP_CU_Online_DFYD,2026-04-20,CU_Online_Admission_Zeta,23676777747,2399.58,4,4,0,0,600,600,0,0,-,-,0%
Google Ads,Degreefyd_Generic_Regular,2026-04-20,DSA_Punjab_Generic_Admission,23292287218,652.74,18,16,0,0,36,41,0,0,-,-,11%
Google Ads,Degreefyd_Generic_Regular,2026-04-20,DSA_Punjab_Generic_Admission_Colleges,23463111599,1123.46,19.97,16,1,1,56,70,14406.77966,0,1123.46,7.80%,20%
Google Ads,Degreefyd_Generic_Competitor_Regular,2026-04-20,Panjab_Admissions,23736891807,1662.66,23.99,23,6,1,69,72,5628,0,1662.66,29.54%,4%
Google Ads,Degreefyd_Generic_Competitor_Regular,2026-04-20,CGC_Mohali,23772110522,52.52,1,1,0,0,53,53,0,0,-,-,0%
Meta Ads,FaceBook_Degreefyd_B,2026-04-20,CU_Lucknow_Remarketing,CU_Lucknow_Rem_Ad01,729.51,7,7,1,1,104,104,14259,0,729.51,5.12%,0%
Meta Ads,FaceBook_Degreefyd_B,2026-04-20,CU_Lucknow_Remarketing,CU_Lucknow_Rem_Ad02,0.47,,,0,0,0,0,0,0,-,-,0%
Meta Ads,FaceBook_Degreefyd_B,2026-04-20,CU_Lucknow_Int,CU_Lucknow_Int_ADG1_Ad02,2.34,,,0,0,2,2,0,0,-,-,0%
Meta Ads,FaceBook_Degreefyd_B,2026-04-20,CU_Lucknow_Int,CU_Lucknow_Int_ADG1_Ad01,457.57,9,8,0,0,51,57,0,0,-,-,11%
Google Ads,EP_CU_Online_DFYD,2026-04-21,CU_Online_Admission,23470383548,1271.56,4,3,0,0,318,424,0,0,-,-,25%
Google Ads,EP_CU_Online_DFYD,2026-04-21,CU_Online_Admission_Zeta,23676777747,1255.81,1,1,0,0,1256,1256,0,0,-,-,0%
Google Ads,EP_Partner_LPU_Online_DFYD,2026-04-21,LPU_Online_Alpha,23486436393,2510.95,4,5,2,0,628,502,0,0,-,-,-25%
Google Ads,EP_Partner_LPU_Online_DFYD,2026-04-21,LPU_Online_Gamma,23486463996,1290.22,5,1,0,0,258,1290,0,0,-,-,80%
Google Ads,Core_Online_DSA,2026-04-21,DSA_Lucknow,23748848361,211.24,8,7,0,0,26,30,0,0,-,-,13%
Google Ads,Degreefyd_Generic_Regular,2026-04-21,DSA_Punjab_Generic_Admission,23292287218,1208.28,12.99,11,0,0,93,110,0,0,-,-,15%
Google Ads,Degreefyd_Generic_Regular,2026-04-21,DSA_Punjab_Generic_Admission_Colleges,23463111599,3313.37,48.95,41,2,1,68,81,12852,0,3313.37,25.78%,16%
Google Ads,Degreefyd_Generic_Competitor_Regular,2026-04-21,Panjab_Admissions,23736891807,1700.63,30.99,30,1,1,55,57,9156,0,1700.63,18.57%,3%
Google Ads,Degreefyd_Generic_Competitor_Regular,2026-04-21,CGC_Mohali,23772110522,442.06,4,2,1,0,111,221,0,0,-,-,50%
Meta Ads,FaceBook_Degreefyd_B,2026-04-21,CU_Lucknow_Remarketing,CU_Lucknow_Rem_Ad01,695.1,7,6,1,0,99,116,0,0,-,-,14%
Meta Ads,FaceBook_Degreefyd_B,2026-04-21,CU_Lucknow_Remarketing,CU_Lucknow_Rem_Ad02,1.73,,,0,0,2,2,0,0,-,-,0%
Meta Ads,FaceBook_Degreefyd_B,2026-04-21,CU_Lucknow_Int,CU_Lucknow_Int_ADG1_Ad02,13.1,,,0,0,13,13,0,0,-,-,0%
Meta Ads,FaceBook_Degreefyd_B,2026-04-21,CU_Lucknow_Int,CU_Lucknow_Int_ADG1_Ad01,551.95,12,13,0,0,46,42,0,0,-,-,-8%
Google Ads,Degreefyd_Generic_Regular,2026-04-22,DSA_Punjab_Generic_Admission_Colleges,23463111599,3397.6,45.98,37,3,1,74,92,14406.77966,0,3397.6,23.58%,20%
Google Ads,Degreefyd_Generic_Regular,2026-04-22,DSA_Punjab_Generic_Admission,23292287218,982.84,10,9,2,1,98,109,14406.77966,0,982.84,6.82%,10%
Google Ads,Degreefyd_Generic_Competitor_Regular,2026-04-22,Panjab_Admissions,23736891807,1668.79,23.98,20,2,0,70,83,0,0,-,-,17%
Google Ads,EP_CU_Online_DFYD,2026-04-22,CU_Online_Admission,23470383548,1393.19,7,5,1,1,199,279,8232,0,1393.19,16.92%,29%
Google Ads,EP_CU_Online_DFYD,2026-04-22,CU_Online_Admission_Zeta,23676777747,1274.5,5,6,2,1,255,212,12852,0,1274.5,9.92%,-20%
Google Ads,EP_Partner_LPU_Online_DFYD,2026-04-22,LPU_Online_Alpha,23486436393,2424.43,5,6,1,0,485,404,0,0,-,-,-20%
Google Ads,EP_Partner_LPU_Online_DFYD,2026-04-22,LPU_Online_Gamma,23486463996,1677.34,8,8,2,0,210,210,0,0,-,-,0%
Google Ads,Core_Online_DSA,2026-04-22,DSA_Lucknow,23748848361,137.47,3,3,0,0,46,46,0,0,-,-,0%
Google Ads,Degreefyd_Generic_Competitor_Regular,2026-04-22,CGC_Mohali,23772110522,1179.54,5,6,0,0,236,197,0,0,-,-,-20%
Meta Ads,FaceBook_Degreefyd_B,2026-04-22,CU_Lucknow_Remarketing,CU_Lucknow_Rem_Ad01,556.72,4,6,1,1,139,93,14210,0,556.72,3.92%,-50%
Meta Ads,FaceBook_Degreefyd_B,2026-04-22,CU_Lucknow_Remarketing,CU_Lucknow_Rem_Ad02,11.56,,,0,0,12,12,0,0,-,-,0%
Meta Ads,FaceBook_Degreefyd_B,2026-04-22,CU_Lucknow_Int,CU_Lucknow_Int_ADG1_Ad01,442.61,7,8,0,0,63,55,0,0,-,-,-14%
Meta Ads,FaceBook_Degreefyd_B,2026-04-23,CU_Lucknow_Remarketing,CU_Lucknow_Rem_Ad01,649.77,3,3,0,0,217,217,0,0,-,-,0%
Meta Ads,FaceBook_Degreefyd_B,2026-04-23,CU_Lucknow_Int,CU_Lucknow_Int_ADG1_Ad02,19.65,1,1,0,0,20,20,0,0,-,-,0%
Meta Ads,FaceBook_Degreefyd_B,2026-04-23,CU_Lucknow_Int,CU_Lucknow_Int_ADG1_Ad01,481.37,2,1,0,0,241,481,0,0,-,-,50%
Google Ads,Degreefyd_Generic_Competitor_Regular,2026-04-23,Panjab_Admissions,23736891807,1506.71,25,18,2,0,60,84,0,0,-,-,28%
Google Ads,Degreefyd_Generic_Competitor_Regular,2026-04-23,CGC_Mohali,23772110522,1593.9,10,9,1,0,159,177,0,0,-,-,10%
Google Ads,Degreefyd_Generic_Regular,2026-04-23,DSA_Punjab_Generic_Admission,23292287218,1544.95,16,15,1,0,97,103,0,0,-,-,6%
Google Ads,Degreefyd_Generic_Regular,2026-04-23,DSA_Punjab_Generic_Admission_Colleges,23463111599,4777.1,77.97,62,3,0,61,77,0,0,-,-,20%
Google Ads,EP_Partner_LPU_Online_DFYD,2026-04-23,LPU_Online_Alpha,23486436393,2415.6,11,12,2,0,220,201,0,0,-,-,-9%
Google Ads,EP_Partner_LPU_Online_DFYD,2026-04-23,LPU_Online_Gamma,23486463996,2061.12,13,12,1,0,159,172,0,0,-,-,8%
Google Ads,EP_CU_Online_DFYD,2026-04-23,CU_Online_Admission,23470383548,906.78,3,,0,0,302,907,0,0,-,-,100%
Google Ads,EP_CU_Online_DFYD,2026-04-23,CU_Online_Admission_Zeta,23676777747,1316.05,2,3,1,1,658,439,12852,0,1316.05,10.24%,-50%
Google Ads,Core_Online_DSA,2026-04-23,DSA_Lucknow,23748848361,438.32,11,8,0,0,40,55,0,0,-,-,27%
Google Ads,Degreefyd_Generic_Competitor_Regular,2026-04-24,Panjab_Admissions,23736891807,1680.63,23,21,2,1,73,80,14406.77966,0,1680.63,11.67%,9%
Google Ads,Degreefyd_Generic_Competitor_Regular,2026-04-24,CGC_Mohali,23772110522,871.07,8,7,0,0,109,124,0,0,-,-,13%
Google Ads,Degreefyd_Generic_Regular,2026-04-24,DSA_Punjab_Generic_Admission,23292287218,1650.13,23,18,0,0,72,92,0,0,-,-,22%
Google Ads,Degreefyd_Generic_Regular,2026-04-24,DSA_Punjab_Generic_Admission_Colleges,23463111599,4863.19,79.46,64,5,0,61,76,0,0,-,-,19%
Google Ads,EP_Partner_LPU_Online_DFYD,2026-04-24,LPU_Online_Alpha,23486436393,2928.89,9,9,0,0,325,325,0,0,-,-,0%
Google Ads,EP_Partner_LPU_Online_DFYD,2026-04-24,LPU_Online_Gamma,23486463996,1524.17,9,9,1,1,169,169,15582,0,1524.17,9.78%,0%
Google Ads,EP_CU_Online_DFYD,2026-04-24,CU_Online_Admission,23470383548,1074.19,4,6,2,0,269,179,0,0,-,-,-50%
Google Ads,EP_CU_Online_DFYD,2026-04-24,CU_Online_Admission_Zeta,23676777747,841.14,2,2,0,0,421,421,0,0,-,-,0%
Google Ads,Core_Online_DSA,2026-04-24,DSA_Lucknow,23748848361,456.47,10,9,1,0,46,51,0,0,-,-,10%
Meta Ads,FaceBook_Degreefyd_B,2026-04-24,CU_Lucknow_Remarketing,CU_Lucknow_Rem_Ad01,569.85,7,7,2,1,81,81,15484,0,569.85,3.68%,0%
Meta Ads,FaceBook_Degreefyd_B,2026-04-24,CU_Lucknow_Remarketing,CU_Lucknow_Rem_Ad02,47.37,2,2,0,0,24,24,0,0,-,-,0%
Meta Ads,FaceBook_Degreefyd_B,2026-04-24,CU_Lucknow_Int,CU_Lucknow_Int_ADG1_Ad01,472.02,9,9,1,1,52,52,6664,0,472.02,7.08%,0%
Meta Ads,FaceBook_Degreefyd_B,2026-04-24,CU_Mohali_Int,CU_Mohali_Int_ADG1_Ad02,203.2,2,2,0,0,102,102,0,0,-,-,0%
Meta Ads,FaceBook_Degreefyd_B,2026-04-24,CU_Mohali_Int,CU_Mohali_Int_ADG1_Ad01,165.79,,9,0,0,166,18,0,0,-,-,0%
Google Ads,Degreefyd_Generic_Regular,2026-04-25,DSA_Punjab_Generic_Admission,23292287218,1259.87,16.83,16,1,0,75,79,0,0,-,-,5%
Google Ads,Degreefyd_Generic_Regular,2026-04-25,DSA_Punjab_Generic_Admission_Colleges,23463111599,3722.21,59.32,46,4,3,63,81,41076,0,1240.736667,9.06%,22%
Google Ads,EP_Partner_LPU_Online_DFYD,2026-04-25,LPU_Online_Alpha,23486436393,2741.22,17,16,2,0,161,171,0,0,-,-,6%
Google Ads,EP_Partner_LPU_Online_DFYD,2026-04-25,LPU_Online_Gamma,23486463996,1994.91,4,3,1,0,499,665,0,0,-,-,25%
Google Ads,EP_CU_Online_DFYD,2026-04-25,CU_Online_Admission,23470383548,857.1,0,,0,0,857,857,0,0,-,-,0%
Google Ads,EP_CU_Online_DFYD,2026-04-25,CU_Online_Admission_Zeta,23676777747,1253.76,4,4,1,0,313,313,0,0,-,-,0%
Google Ads,Degreefyd_Generic_Competitor_Regular,2026-04-25,Panjab_Admissions,23736891807,671.87,9,9,4,2,75,75,23562.77966,0,335.935,2.85%,0%
Google Ads,Degreefyd_Generic_Competitor_Regular,2026-04-25,CGC_Mohali,23772110522,887.1,3.99,4,0,0,222,222,0,0,-,-,0%
Google Ads,Core_Online_DSA,2026-04-25,DSA_Lucknow,23748848361,364.31,12,10,0,0,30,36,0,0,-,-,17%
Meta Ads,FaceBook_Degreefyd_B,2026-04-25,CU_Lucknow_Remarketing,CU_Lucknow_Rem_Ad01,523.72,5,6,2,1,105,87,16562,0,523.72,3.16%,-20%
Meta Ads,FaceBook_Degreefyd_B,2026-04-25,CU_Lucknow_Int,CU_Lucknow_Int_ADG1_Ad02,5.56,,,0,0,6,6,0,0,-,-,0%
Meta Ads,FaceBook_Degreefyd_B,2026-04-25,CU_Lucknow_Int,CU_Lucknow_Int_ADG1_Ad01,415.5,3,4,2,1,139,104,15582,0,415.5,2.67%,-33%
Meta Ads,FaceBook_Degreefyd_B,2026-04-25,CU_Mohali_Int,CU_Mohali_Int_ADG1_Ad02,141.45,3,3,0,0,47,47,0,0,-,-,0%
Meta Ads,FaceBook_Degreefyd_B,2026-04-25,CU_Mohali_Int,CU_Mohali_Int_ADG1_Ad01,99.28,2,1,0,0,50,99,0,0,-,-,50%
Meta Ads,FaceBook_Degreefyd_B,2026-04-26,CU_Lucknow_Remarketing,CU_Lucknow_Rem_Ad01,659.93,5,5,1,0,132,132,0,0,-,-,0%
Meta Ads,FaceBook_Degreefyd_B,2026-04-26,CU_Lucknow_Int,CU_Lucknow_Int_ADG1_Ad02,28.12,,,0,0,28,28,0,0,-,-,0%
Meta Ads,FaceBook_Degreefyd_B,2026-04-26,CU_Lucknow_Int,CU_Lucknow_Int_ADG1_Ad01,459.43,8,8,0,0,57,57,0,0,-,-,0%
Meta Ads,FaceBook_Degreefyd_B,2026-04-26,CU_Mohali_Int,CU_Mohali_Int_ADG1_Ad02,197.5,2,2,0,0,99,99,0,0,-,-,0%
Meta Ads,FaceBook_Degreefyd_B,2026-04-26,CU_Mohali_Int,CU_Mohali_Int_ADG1_Ad01,125.79,1,1,0,0,126,126,0,0,-,-,0%
Meta Ads,FaceBook_Degreefyd_B,2026-04-26,LPU_University_Punjab_April,LPU_University_Punjab_April_Ad2,45.85,,,0,0,46,46,0,0,-,-,0%
Meta Ads,FaceBook_Degreefyd_B,2026-04-26,LPU_Nest_April,LPU_Nest_April_Ad1,378.32,5,5,0,0,76,76,0,0,-,-,0%
Meta Ads,FaceBook_Degreefyd_B,2026-04-26,LPU_University_Punjab_April,LPU_University_Punjab_April_Ad1,300.99,3,1,0,0,100,301,0,0,-,-,67%
Meta Ads,FaceBook_Degreefyd_B,2026-04-26,CGC_Landran_Punjab_April,CGC_Landran_Punjab_April_Ad2,57,,,0,0,57,57,0,0,-,-,0%
Meta Ads,FaceBook_Degreefyd_B,2026-04-26,CGC_Landran_Punjab_April,CGC_Landran_Punjab_April_Ad1,288.57,3,,0,0,96,289,0,0,-,-,100%
Google Ads,Degreefyd_Generic_Competitor_Regular,2026-04-26,Panjab_Admissions,23736891807,2370.71,31.99,30,3,1,74,79,15582,0,2370.71,15.21%,6%
Google Ads,Degreefyd_Generic_Competitor_Regular,2026-04-26,CGC_Mohali,23772110522,743.37,5,5,1,1,149,149,14406.77966,0,743.37,5.16%,0%
Google Ads,EP_Partner_LPU_Online_DFYD,2026-04-26,LPU_Online_Alpha,23486436393,2294.27,6,5,2,0,382,459,0,0,-,-,17%
Google Ads,EP_Partner_LPU_Online_DFYD,2026-04-26,LPU_Online_Gamma,23486463996,1233.84,3,3,1,0,411,411,0,0,-,-,0%
Google Ads,Core_Online_DSA,2026-04-26,DSA_Lucknow,23748848361,474.99,11,10,0,0,43,47,0,0,-,-,9%
Google Ads,Degreefyd_Generic_Regular,2026-04-26,DSA_Punjab_Generic_Admission,23292287218,1002.59,6.33,6,0,0,158,167,0,0,-,-,5%
Google Ads,Degreefyd_Generic_Regular,2026-04-26,DSA_Punjab_Generic_Admission_Colleges,23463111599,3501.69,62.13,45,3,1,56,78,15582,0,3501.69,22.47%,28%
Google Ads,EP_CU_Online_DFYD,2026-04-26,CU_Online_Admission,23470383548,1687.01,7,6,1,0,241,281,0,0,-,-,14%
Google Ads,EP_CU_Online_DFYD,2026-04-26,CU_Online_Admission_Zeta,23676777747,1693.09,2,3,0,0,847,564,0,0,-,-,-50%
Meta Ads,FaceBook_Degreefyd_B,2026-04-27,LPU_University_Punjab_April,LPU_University_Punjab_April_Ad2,5.35,,,0,0,5,5,0,0,-,-,0%
Meta Ads,FaceBook_Degreefyd_B,2026-04-27,LPU_Nest_April,LPU_Nest_April_Ad1,286.29,,,0,0,286,286,0,0,-,-,0%
Meta Ads,FaceBook_Degreefyd_B,2026-04-27,LPU_University_Punjab_April,LPU_University_Punjab_April_Ad1,346.83,4,4,0,0,87,87,0,0,-,-,0%
Meta Ads,FaceBook_Degreefyd_B,2026-04-27,CGC_Landran_Punjab_April,CGC_Landran_Punjab_April_Ad2,64.55,1,,0,0,65,65,0,0,-,-,100%
Meta Ads,FaceBook_Degreefyd_B,2026-04-27,CGC_Landran_Punjab_April,CGC_Landran_Punjab_April_Ad1,264.01,1,,0,0,264,264,0,0,-,-,100%
Google Ads,Degreefyd_Generic_Competitor_Regular,2026-04-27,Panjab_Admissions,23736891807,1825.05,22.99,21,1,1,79,87,7602,0,1825.05,24.01%,9%
Google Ads,Degreefyd_Generic_Competitor_Regular,2026-04-27,CGC_Mohali,23772110522,729.93,7,5,1,0,104,146,0,0,-,-,29%
Google Ads,EP_Partner_LPU_Online_DFYD,2026-04-27,LPU_Online_Alpha,23486436393,2038.59,7,7,0,0,291,291,0,0,-,-,0%
Google Ads,EP_Partner_LPU_Online_DFYD,2026-04-27,LPU_Online_Gamma,23486463996,1262.54,2,,1,1,631,1263,14406.77966,0,1262.54,8.76%,100%
Google Ads,Core_Online_DSA,2026-04-27,DSA_Lucknow,23748848361,789.64,13.99,12,0,0,56,66,0,0,-,-,14%
Google Ads,EP_CU_Online_DFYD,2026-04-27,CU_Online_Admission,23470383548,1363.34,4,4,1,1,341,341,7560,0,1363.34,18.03%,0%
Google Ads,EP_CU_Online_DFYD,2026-04-27,CU_Online_Admission_Zeta,23676777747,1062,1,1,0,0,1062,1062,0,0,-,-,0%
Google Ads,Degreefyd_Generic_Regular,2026-04-27,DSA_Punjab_Generic_Admission,23292287218,1417.37,18.33,13,0,0,77,109,0,0,-,-,29%
Google Ads,Degreefyd_Generic_Regular,2026-04-27,DSA_Punjab_Generic_Admission_Colleges,23463111599,4146.86,65.49,57,5,1,63,73,14406.77966,0,4146.86,28.78%,13%
Google Ads,Degreefyd_Generic_Regular,2026-04-28,DSA_Punjab_Generic_Admission,23292287218,1562.94,26.66,25,1,0,59,63,0,0,-,-,6%
Google Ads,Degreefyd_Generic_Regular,2026-04-28,DSA_Punjab_Generic_Admission_Colleges,23463111599,3904.27,63.82,58,3,1,61,67,6300,0,3904.27,61.97%,9%
Google Ads,EP_Partner_LPU_Online_DFYD,2026-04-28,LPU_Online_Alpha,23486436393,1717.98,11,9,0,0,156,191,0,0,-,-,18%
Google Ads,EP_Partner_LPU_Online_DFYD,2026-04-28,LPU_Online_Gamma,23486463996,1839.81,4,3,0,0,460,613,0,0,-,-,25%
Google Ads,Core_Online_DSA,2026-04-28,DSA_Lucknow,23748848361,999.66,21,19,1,0,48,53,0,0,-,-,10%
Google Ads,Degreefyd_Generic_Competitor_Regular,2026-04-28,Panjab_Admissions,23736891807,1450.75,24,23,2,0,60,63,0,0,-,-,4%
Google Ads,Degreefyd_Generic_Competitor_Regular,2026-04-28,CGC_Mohali,23772110522,831.39,4,4,0,0,208,208,0,0,-,-,0%
Google Ads,EP_CU_Online_DFYD,2026-04-28,CU_Online_Admission,23470383548,1393,2,1,0,0,697,1393,0,0,-,-,50%
Google Ads,EP_CU_Online_DFYD,2026-04-28,CU_Online_Admission_Zeta,23676777747,1014.85,0,0,0,0,1015,1015,0,0,-,-,0%
Meta Ads,FaceBook_Degreefyd_B,2026-04-28,LPU_University_Punjab_April,LPU_University_Punjab_April_Ad2,56.7,1,1,0,0,57,57,0,0,-,-,0%
Meta Ads,FaceBook_Degreefyd_B,2026-04-28,LPU_Nest_April,LPU_Nest_April_Ad1,37.1,1,1,0,0,37,37,0,0,-,-,0%
Meta Ads,FaceBook_Degreefyd_B,2026-04-28,LPU_University_Punjab_April,LPU_University_Punjab_April_Ad1,48.33,,,0,0,48,48,0,0,-,-,0%
Meta Ads,FaceBook_Degreefyd_B,2026-04-28,CGC_Landran_Punjab_April,CGC_Landran_Punjab_April_Ad2,7.66,,,0,0,8,8,0,0,-,-,0%
Meta Ads,FaceBook_Degreefyd_B,2026-04-28,CGC_Landran_Punjab_April,CGC_Landran_Punjab_April_Ad1,50.42,,,0,0,50,50,0,0,-,-,0%
Meta Ads,FaceBook_Degreefyd_B,2026-04-28,CU_Lucknow_Remarketing,CU_Lucknow_Rem_Ad01,658.01,7,6,1,0,94,110,0,0,-,-,14%
Meta Ads,FaceBook_Degreefyd_B,2026-04-28,CU_Lucknow_Int,CU_Lucknow_Int_ADG1_Ad02,11.31,,,0,0,11,11,0,0,-,-,0%
Meta Ads,FaceBook_Degreefyd_B,2026-04-28,CU_Lucknow_Int,CU_Lucknow_Int_ADG1_Ad01,537.3,6,6,2,1,90,90,5460,0,537.3,9.84%,0%
Meta Ads,FaceBook_Degreefyd_B,2026-04-28,CU_Mohali_Int,CU_Mohali_Int_ADG1_Ad02,162.75,,,0,0,163,163,0,0,-,-,0%
Meta Ads,FaceBook_Degreefyd_B,2026-04-28,CU_Mohali_Int,CU_Mohali_Int_ADG1_Ad01,137.04,1,1,0,0,137,137,0,0,-,-,0%
Meta Ads,FaceBook_Degreefyd_B,2026-04-28,CU_Mohali_Rem,CU_Mohali_Rem_ADG1_Ad02,50.1,1,,0,0,50,50,0,0,-,-,100%
Meta Ads,FaceBook_Degreefyd_B,2026-04-28,CU_Mohali_Rem,CU_Mohali_Rem_ADG1_Ad01,186.81,1,1,1,0,187,187,0,0,-,-,0%
Google Ads,Degreefyd_Generic_Regular,2026-04-29,DSA_Punjab_Generic_Admission,23292287218,1082.21,15.98,15,1,0,68,72,0,0,-,-,6%
Google Ads,Degreefyd_Generic_Regular,2026-04-29,DSA_Punjab_Generic_Admission_Colleges,23463111599,3812.48,70.12,51,7,1,54,75,7252,0,3812.48,52.57%,27%
Google Ads,Degreefyd_Generic_Competitor_Regular,2026-04-29,Panjab_Admissions,23736891807,2179.39,34.97,34,6,1,62,64,5628,0,2179.39,38.72%,3%
Google Ads,Degreefyd_Generic_Competitor_Regular,2026-04-29,CGC_Mohali,23772110522,644.73,6,5,1,0,107,129,0,0,-,-,17%
Google Ads,EP_Partner_LPU_Online_DFYD,2026-04-29,LPU_Online_Alpha,23486436393,2266.46,12,12,3,0,189,189,0,0,-,-,0%
Google Ads,EP_Partner_LPU_Online_DFYD,2026-04-29,LPU_Online_Gamma,23486463996,1265.5,3.5,3,1,1,362,422,17500,0,1265.5,7.23%,14%
Google Ads,Core_Online_DSA,2026-04-29,DSA_Lucknow,23748848361,1006.66,25,21,0,0,40,48,0,0,-,-,16%
Google Ads,EP_CU_Online_DFYD,2026-04-29,CU_Online_Admission,23470383548,2127.3,8,7,1,0,266,304,0,0,-,-,13%
Google Ads,EP_CU_Online_DFYD,2026-04-29,CU_Online_Admission_Zeta,23676777747,1151.59,3,3,0,0,384,384,0,0,-,-,0%
Meta Ads,FaceBook_Degreefyd_B,2026-04-29,CU_Lucknow_Remarketing,CU_Lucknow_Rem_Ad01,600.63,7,7,1,0,86,86,0,0,-,-,0%
Meta Ads,FaceBook_Degreefyd_B,2026-04-29,CU_Lucknow_Remarketing,CU_Lucknow_Rem_Ad02,63,,,0,0,63,63,0,0,-,-,0%
Meta Ads,FaceBook_Degreefyd_B,2026-04-29,CU_Lucknow_Int,CU_Lucknow_Int_ADG1_Ad01,575.36,11,11,1,0,52,52,0,0,-,-,0%
Meta Ads,FaceBook_Degreefyd_B,2026-04-29,CU_Mohali_Int,CU_Mohali_Int_ADG1_Ad02,273.45,4,4,1,0,68,68,0,0,-,-,0%
Meta Ads,FaceBook_Degreefyd_B,2026-04-29,CU_Mohali_Int,CU_Mohali_Int_ADG1_Ad01,105.9,1,1,0,0,106,106,0,0,-,-,0%
Meta Ads,FaceBook_Degreefyd_B,2026-04-29,CU_Mohali_Rem,CU_Mohali_Rem_ADG1_Ad02,45.47,,,0,0,45,45,0,0,-,-,0%
Meta Ads,FaceBook_Degreefyd_B,2026-04-29,CU_Mohali_Rem,CU_Mohali_Rem_ADG1_Ad01,330.6,2,2,0,0,165,165,0,0,-,-,0%
Meta Ads,FaceBook_Degreefyd_B,2026-04-29,LPU_Nest_April,LPU_Nest_April_Ad1,370.09,5,5,0,0,74,74,0,0,-,-,0%
Meta Ads,FaceBook_Degreefyd_B,2026-04-29,LPU_University_Punjab_April,LPU_University_Punjab_April_Ad1,302.3,3,3,0,0,101,101,0,0,-,-,0%
Meta Ads,FaceBook_Degreefyd_B,2026-04-29,CGC_Landran_Punjab_April,CGC_Landran_Punjab_April_Ad1,149.91,,,0,0,150,150,0,0,-,-,0%
Google Ads,EP_Partner_LPU_Online_DFYD,2026-04-30,LPU_Online_Alpha,23486436393,3256.67,11,11,1,0,296,296,0,0,-,-,0%
Google Ads,EP_Partner_LPU_Online_DFYD,2026-04-30,LPU_Online_Gamma,23486463996,897.75,2.5,2,0,0,359,449,0,0,-,-,20%
Google Ads,Core_Online_DSA,2026-04-30,DSA_Lucknow,23748848361,999.73,24.98,22,0,0,40,45,0,0,-,-,12%
Google Ads,Degreefyd_Generic_Regular,2026-04-30,DSA_Punjab_Generic_Admission_Colleges,23463111599,5175.22,84.93,73,4,0,61,71,0,0,-,-,14%
Google Ads,Degreefyd_Generic_Competitor_Regular,2026-04-30,Panjab_Admissions,23736891807,2226.94,30.98,27,2,0,72,82,0,0,-,-,13%
Google Ads,Degreefyd_Generic_Competitor_Regular,2026-04-30,CGC_Mohali,23772110522,821.97,6,6,0,0,137,137,0,0,-,-,0%
Google Ads,Degreefyd_Generic_Regular,2026-04-30,DSA_Punjab_Generic_Admission,23292287218,1681.14,17,15,4,1,99,112,14238,0,1681.14,11.81%,12%
Google Ads,EP_CU_Online_DFYD,2026-04-30,CU_Online_Admission,23470383548,1934.4,7,8,4,2,276,242,22848,0,967.2,8.47%,-14%
Google Ads,EP_CU_Online_DFYD,2026-04-30,CU_Online_Admission_Zeta,23676777747,1011.01,2,2,1,1,506,506,17199,0,1011.01,5.88%,0%
Meta Ads,FaceBook_Degreefyd_B,2026-04-30,LPU_Nest_April,LPU_Nest_April_Ad1,244.93,,,0,0,245,245,0,0,-,-,0%
Meta Ads,FaceBook_Degreefyd_B,2026-04-30,LPU_University_Punjab_April,LPU_University_Punjab_April_Ad1,287.23,5,5,0,0,57,57,0,0,-,-,0%
Meta Ads,FaceBook_Degreefyd_B,2026-04-30,CU_Lucknow_Remarketing,CU_Lucknow_Rem_Ad01,530.8,4,4,0,0,133,133,0,0,-,-,0%
Meta Ads,FaceBook_Degreefyd_B,2026-04-30,CU_Lucknow_Remarketing,CU_Lucknow_Rem_Ad02,15.55,,,0,0,16,16,0,0,-,-,0%
Meta Ads,FaceBook_Degreefyd_B,2026-04-30,CU_Lucknow_Int,CU_Lucknow_Int_ADG1_Ad01,486.09,3,3,0,0,162,162,0,0,-,-,0%
Meta Ads,FaceBook_Degreefyd_B,2026-04-30,CU_Mohali_Int,CU_Mohali_Int_ADG1_Ad02,285.51,1,1,0,0,286,286,0,0,-,-,0%
Meta Ads,FaceBook_Degreefyd_B,2026-04-30,CU_Mohali_Int,CU_Mohali_Int_ADG1_Ad01,58.06,2,2,0,0,29,29,0,0,-,-,0%
Meta Ads,FaceBook_Degreefyd_B,2026-04-30,CU_Mohali_Rem,CU_Mohali_Rem_ADG1_Ad01,191.24,5,5,1,0,38,38,0,0,-,-,0%
Google Ads,Degreefyd_Generic_Competitor_Regular,2026-05-01,Panjab_Admissions,23736891807,2174.67,36.99,33,6,1,59,66,17500,0,2174.67,12.43%,11%
Google Ads,Degreefyd_Generic_Competitor_Regular,2026-05-01,CGC_Mohali,23772110522,817.67,10,8,3,0,82,102,0,0,-,-,20%
Google Ads,EP_Partner_LPU_Online_DFYD,2026-05-01,LPU_Online_Alpha,23486436393,4458.76,11,11,1,0,405,405,0,0,-,-,0%
Google Ads,EP_Partner_LPU_Online_DFYD,2026-05-01,LPU_Online_Gamma,23486463996,3399.36,16,13,1,0,212,261,0,0,-,-,19%
Google Ads,Core_Online_DSA,2026-05-01,DSA_Lucknow,23748848361,640.49,18,18,0,0,36,36,0,0,-,-,0%
Google Ads,Degreefyd_Generic_Regular,2026-05-01,DSA_Punjab_Generic_Admission,23292287218,1074.03,10.99,8,1,0,98,134,0,0,-,-,27%
Google Ads,Degreefyd_Generic_Regular,2026-05-01,DSA_Punjab_Generic_Admission_Colleges,23463111599,4546.34,76.31,65,4,2,60,70,9912,0,2273.17,45.87%,15%
Google Ads,EP_CU_Online_DFYD,2026-05-01,CU_Online_Admission,23470383548,1391.09,6,4,0,0,232,348,0,0,-,-,33%
Google Ads,EP_CU_Online_DFYD,2026-05-01,CU_Online_Admission_Zeta,23676777747,1184.98,7,6,0,0,169,197,0,0,-,-,14%
Meta Ads,FaceBook_Degreefyd_B,2026-05-01,CU_Lucknow_Int,CU_Lucknow_Int_ADG1_Ad01,459.13,7,7,0,0,66,66,0,0,-,-,0%
Meta Ads,FaceBook_Degreefyd_B,2026-05-01,CU_Mohali_Int,CU_Mohali_Int_ADG1_Ad01,174.6,4,3,0,0,44,58,0,0,-,-,25%
Meta Ads,FaceBook_Degreefyd_B,2026-05-01,CU_Mohali_Int,CU_Mohali_Int_ADG1_Ad02,165.92,3,3,1,0,55,55,0,0,-,-,0%
Meta Ads,FaceBook_Degreefyd_B,2026-05-01,CU_Lucknow_Remarketing,CU_Lucknow_Rem_Ad01,628.85,2,3,0,0,314,210,0,0,-,-,-50%
Meta Ads,FaceBook_Degreefyd_B,2026-05-01,CU_Lucknow_Int,CU_Lucknow_Int_ADG1_Ad02,53.24,1,1,0,0,53,53,0,0,-,-,0%
Meta Ads,FaceBook_Degreefyd_B,2026-05-01,CU_Mohali_Rem,CU_Mohali_Rem_ADG1_Ad01,256.82,1,,0,0,257,257,0,0,-,-,100%
Meta Ads,FaceBook_Degreefyd_B,2026-05-01,CU_Lucknow_Remarketing,CU_Lucknow_Rem_Ad02,25.8,,,0,0,26,26,0,0,-,-,0%
Meta Ads,FaceBook_Degreefyd_B,2026-05-01,CGC_Landran_UG&PG_SF,CGC_Landran_UG&PG_CR1,193.7,,,0,0,194,194,0,0,-,-,0%
Meta Ads,FaceBook_Degreefyd_B,2026-05-01,CGC_BTECH_REGU_SF,CGC_BTECH_REGU_SF_CR1,6.45,,,0,0,6,6,0,0,-,-,0%
Meta Ads,FaceBook_Degreefyd_B,2026-05-01,CGC_BTECH_REGU_SF,CGC_BTECH_REGU_SF_CR2,1.03,,,0,0,1,1,0,0,-,-,0%
Google Ads,Degreefyd_Generic_Regular,2026-05-02,DSA_Punjab_Generic_Admission,23292287218,1761.06,28.49,23,1,0,62,77,0,0,-,-,19%
Google Ads,Degreefyd_Generic_Regular,2026-05-02,DSA_Punjab_Generic_Admission_Colleges,23463111599,5081.07,80.96,65,1,0,63,78,0,0,-,-,20%
Google Ads,Degreefyd_Generic_Competitor_Regular,2026-05-02,Panjab_Admissions,23736891807,1868.98,40.48,34,1,0,46,55,0,0,-,-,16%
Google Ads,Degreefyd_Generic_Competitor_Regular,2026-05-02,CGC_Mohali,23772110522,804.97,7,8,1,0,115,101,0,0,-,-,-14%
Google Ads,EP_CU_Online_DFYD,2026-05-02,CU_Online_Admission,23470383548,1031.2,2,2,0,0,516,516,0,0,-,-,0%
Google Ads,EP_CU_Online_DFYD,2026-05-02,CU_Online_Admission_Zeta,23676777747,808.2,4,4,1,0,202,202,0,0,-,-,0%
Google Ads,EP_Partner_LPU_Online_DFYD,2026-05-02,LPU_Online_Alpha,23486436393,4200.13,15.5,15,1,0,271,280,0,0,-,-,3%
Google Ads,EP_Partner_LPU_Online_DFYD,2026-05-02,LPU_Online_Gamma,23486463996,3810.14,12.5,9,2,0,305,423,0,0,-,-,28%
Google Ads,Core_Online_DSA,2026-05-02,DSA_Lucknow,23748848361,600.05,13,12,0,0,46,50,0,0,-,-,8%
Meta Ads,FaceBook_Degreefyd_B,2026-05-02,CU_Lucknow_Int,CU_Lucknow_Int_ADG1_Ad01,541.55,8,8,1,0,68,68,0,0,-,-,0%
Meta Ads,FaceBook_Degreefyd_B,2026-05-02,CU_Mohali_Rem,CU_Mohali_Rem_ADG1_Ad01,205.9,5,5,1,0,41,41,0,0,-,-,0%
Meta Ads,FaceBook_Degreefyd_B,2026-05-02,CU_Lucknow_Remarketing,CU_Lucknow_Rem_Ad01,612.37,4,5,1,0,153,122,0,0,-,-,-25%
Meta Ads,FaceBook_Degreefyd_B,2026-05-02,CGC_Landran_UG&PG_SF,CGC_Landran_UG&PG_CR1,269.52,1,,0,0,270,270,0,0,-,-,100%
Meta Ads,FaceBook_Degreefyd_B,2026-05-02,CGC_BTECH_REGU_SF,CGC_BTECH_REGU_SF_CR2,297.2,1,1,0,0,297,297,0,0,-,-,0%
Meta Ads,FaceBook_Degreefyd_B,2026-05-02,CU_Mohali_Int,CU_Mohali_Int_ADG1_Ad02,81.08,1,,0,0,81,81,0,0,-,-,100%
Meta Ads,FaceBook_Degreefyd_B,2026-05-02,CU_Mohali_Int,CU_Mohali_Int_ADG1_Ad01,244.01,1,,0,0,244,244,0,0,-,-,100%
Meta Ads,FaceBook_Degreefyd_B,2026-05-02,CU_Lucknow_Remarketing,CU_Lucknow_Rem_Ad02,5.09,,,0,0,5,5,0,0,-,-,0%
Meta Ads,FaceBook_Degreefyd_B,2026-05-02,CGC_BTECH_REGU_SF,CGC_BTECH_REGU_SF_CR1,36,,,0,0,36,36,0,0,-,-,0%
Meta Ads,FaceBook_Degreefyd_B,2026-05-02,CGC_BTECH_REGU_Rem_SF,CGC_BTECH_REGU_Rem_SF_AD_01,274.16,,2,0,0,274,137,0,0,-,-,0%
Meta Ads,FaceBook_Degreefyd_B,2026-05-02,CGC_Landran_UG&PG_SF,CGC_Landran_UG&PG_SF_CR2,147.53,,,0,0,148,148,0,0,-,-,0%
Google Ads,EP_CU_Online_DFYD,2026-05-03,CU_Online_Admission,23470383548,2027.58,4,4,0,0,507,507,0,0,-,-,0%
Google Ads,EP_CU_Online_DFYD,2026-05-03,CU_Online_Admission_Delta,23502437890,886.51,2,1,0,0,443,887,0,0,-,-,50%
Google Ads,EP_CU_Online_DFYD,2026-05-03,CU_Online_Admission_Zeta,23676777747,259.71,0,,0,0,260,260,0,0,-,-,0%
Google Ads,Degreefyd_Generic_Regular,2026-05-03,DSA_Punjab_Generic_Admission,23292287218,1120.51,14.5,15,0,0,77,75,0,0,-,-,-3%
Google Ads,Degreefyd_Generic_Regular,2026-05-03,DSA_Punjab_Generic_Admission_Colleges,23463111599,4212.04,71.48,64,5,1,59,66,12852,0,4212.04,32.77%,10%
Google Ads,Degreefyd_Generic_Competitor_Regular,2026-05-03,Panjab_Admissions,23736891807,1849.35,32.5,28,0,0,57,66,0,0,-,-,14%
Google Ads,Degreefyd_Generic_Competitor_Regular,2026-05-03,CGC_Mohali,23772110522,554.53,7,8,0,0,79,69,0,0,-,-,-14%
Google Ads,EP_Partner_LPU_Online_DFYD,2026-05-03,LPU_Online_Alpha,23486436393,4676.9,12,10,1,0,390,468,0,0,-,-,17%
Google Ads,EP_Partner_LPU_Online_DFYD,2026-05-03,LPU_Online_Gamma,23486463996,2061.93,12.75,12,0,0,162,172,0,0,-,-,6%
Google Ads,Core_Online_DSA,2026-05-03,DSA_Lucknow,23748848361,529.41,12,11,0,0,44,48,0,0,-,-,8%
Meta Ads,FaceBook_Degreefyd_B,2026-05-03,CU_Lucknow_Remarketing,CU_Lucknow_Rem_Ad01,480.43,7,6,0,0,69,80,0,0,-,-,14%
Meta Ads,FaceBook_Degreefyd_B,2026-05-03,CU_Lucknow_Int,CU_Lucknow_Int_ADG1_Ad01,431.68,4,4,0,0,108,108,0,0,-,-,0%
Meta Ads,FaceBook_Degreefyd_B,2026-05-03,CU_Mohali_Int,CU_Mohali_Int_ADG1_Ad01,272.6,4,3,1,0,68,91,0,0,-,-,25%
Meta Ads,FaceBook_Degreefyd_B,2026-05-03,CU_Mohali_Rem,CU_Mohali_Rem_ADG1_Ad01,222.35,3,3,0,0,74,74,0,0,-,-,0%
Meta Ads,FaceBook_Degreefyd_B,2026-05-03,CU_Lucknow_Int,CU_Lucknow_Int_ADG1_Ad02,11.4,1,1,0,0,11,11,0,0,-,-,0%
Meta Ads,FaceBook_Degreefyd_B,2026-05-03,CGC_BTECH_REGU_SF,CGC_BTECH_REGU_SF_CR2,369.02,1,2,1,0,369,185,0,0,-,-,-100%
Meta Ads,FaceBook_Degreefyd_B,2026-05-03,CGC_BTECH_REGU_Rem_SF,CGC_BTECH_REGU_Rem_SF_AD_01,419.23,1,1,0,0,419,419,0,0,-,-,0%
Meta Ads,FaceBook_Degreefyd_B,2026-05-03,CGC_Landran_UG&PG_SF,CGC_Landran_UG&PG_SF_CR2,524.49,1,,0,0,524,524,0,0,-,-,100%
Meta Ads,FaceBook_Degreefyd_B,2026-05-03,CGC_Landran_UG&PG_SF,CGC_Landran_UG&PG_CR1,39.28,,,0,0,39,39,0,0,-,-,0%
Meta Ads,FaceBook_Degreefyd_B,2026-05-03,CU_Mohali_Int,CU_Mohali_Int_ADG1_Ad02,34.48,,,0,0,34,34,0,0,-,-,0%
Meta Ads,FaceBook_Degreefyd_B,2026-05-03,CU_Mohali_Rem,CU_Mohali_Rem_ADG1_Ad02,5.14,,,0,0,5,5,0,0,-,-,0%
Google Ads,Degreefyd_Generic_Regular,2026-05-04,DSA_Punjab_Generic_Admission,23292287218,1783.28,22.99,22,0,0,78,81,0,0,-,-,4%
Google Ads,Degreefyd_Generic_Regular,2026-05-04,DSA_Punjab_Generic_Admission_Colleges,23463111599,5664.36,74.98,65,3,0,76,87,0,0,-,-,13%
Google Ads,EP_Partner_LPU_Online_DFYD,2026-05-04,LPU_Online_Alpha,23486436393,4805.12,36,33,3,0,133,146,0,0,-,-,8%
Google Ads,EP_Partner_LPU_Online_DFYD,2026-05-04,LPU_Online_Gamma,23486463996,2501.44,11.25,9,0,0,222,278,0,0,-,-,20%
Google Ads,Core_Online_DSA,2026-05-04,DSA_Lucknow,23748848361,509.07,23.49,19,1,0,22,27,0,0,-,-,19%
Google Ads,EP_CU_Online_DFYD,2026-05-04,CU_Online_Admission,23470383548,1911.89,5,5,0,0,382,382,0,0,-,-,0%
Google Ads,EP_CU_Online_DFYD,2026-05-04,CU_Online_Admission_Delta,23502437890,668.82,3,,0,0,223,669,0,0,-,-,100%
Google Ads,EP_CU_Online_DFYD,2026-05-04,CU_Online_Admission_Zeta,23676777747,1771.66,0,,0,0,1772,1772,0,0,-,-,0%
Google Ads,Degreefyd_Generic_Competitor_Regular,2026-05-04,Panjab_Admissions,23736891807,3000.82,36,34,0,0,83,88,0,0,-,-,6%
Google Ads,Degreefyd_Generic_Competitor_Regular,2026-05-04,CGC_Mohali,23772110522,1007.88,9,7,0,0,112,144,0,0,-,-,22%
Meta Ads,FaceBook_Degreefyd_B,2026-05-04,CU_Mohali_Int,CU_Mohali_Int_ADG1_Ad01,390.23,7,7,0,0,56,56,0,0,-,-,0%
Meta Ads,FaceBook_Degreefyd_B,2026-05-04,CU_Lucknow_Int,CU_Lucknow_Int_ADG1_Ad01,589.75,6,6,0,0,98,98,0,0,-,-,0%
Meta Ads,FaceBook_Degreefyd_B,2026-05-04,CU_Lucknow_Remarketing,CU_Lucknow_Rem_Ad01,662.33,4,3,0,0,166,221,0,0,-,-,25%
Meta Ads,FaceBook_Degreefyd_B,2026-05-04,CU_Lucknow_Remarketing,CU_Lucknow_Rem_Ad02,10.45,1,1,0,0,10,10,0,0,-,-,0%
Meta Ads,FaceBook_Degreefyd_B,2026-05-04,CU_Mohali_Rem,CU_Mohali_Rem_ADG1_Ad01,260.96,1,1,0,0,261,261,0,0,-,-,0%
Meta Ads,FaceBook_Degreefyd_B,2026-05-04,CGC_Landran_UG&PG_SF,CGC_Landran_UG&PG_CR1,28.36,,,0,0,28,28,0,0,-,-,0%
Meta Ads,FaceBook_Degreefyd_B,2026-05-04,CGC_BTECH_REGU_SF,CGC_BTECH_REGU_SF_CR2,256.51,,3,0,0,257,86,0,0,-,-,0%
Meta Ads,FaceBook_Degreefyd_B,2026-05-04,CGC_BTECH_REGU_Rem_SF,CGC_BTECH_REGU_Rem_SF_AD_01,188.86,,1,1,0,189,189,0,0,-,-,0%
Meta Ads,FaceBook_Degreefyd_B,2026-05-04,CGC_Landran_UG&PG_SF,CGC_Landran_UG&PG_SF_CR2,304.03,,,0,0,304,304,0,0,-,-,0%
Meta Ads,FaceBook_Degreefyd_B,2026-05-04,CU_Mohali_Int,CU_Mohali_Int_ADG1_Ad02,38.04,,,0,0,38,38,0,0,-,-,0%
Meta Ads,FaceBook_Degreefyd_B,2026-05-04,CU_Mohali_Rem,CU_Mohali_Rem_ADG1_Ad02,4.56,,,0,0,5,5,0,0,-,-,0%
Google Ads,Degreefyd_Generic_Competitor_Regular,2026-05-05,Panjab_Admissions,23736891807,2478.14,41.99,35,0,0,59,71,0,0,-,-,17%
Google Ads,Degreefyd_Generic_Competitor_Regular,2026-05-05,CGC_Mohali,23772110522,1015.46,8,7,0,0,127,145,0,0,-,-,13%
Google Ads,EP_Partner_LPU_Online_DFYD,2026-05-05,LPU_Online_Alpha,23486436393,4456.95,15,15,0,0,297,297,0,0,-,-,0%
Google Ads,EP_Partner_LPU_Online_DFYD,2026-05-05,LPU_Online_Gamma,23486463996,2610.54,11,11,0,0,237,237,0,0,-,-,0%
Google Ads,Core_Online_DSA,2026-05-05,DSA_Lucknow,23748848361,631.88,24.99,19,0,0,25,33,0,0,-,-,24%
Google Ads,Degreefyd_Generic_Regular,2026-05-05,DSA_Punjab_Generic_Admission,23292287218,3645.96,52.46,41,0,0,69,89,0,0,-,-,22%
Google Ads,Degreefyd_Generic_Regular,2026-05-05,DSA_Punjab_Generic_Admission_Colleges,23463111599,5881.54,114.53,94,0,0,51,63,0,0,-,-,18%
Google Ads,EP_CU_Online_DFYD,2026-05-05,CU_Online_Admission,23470383548,2810.14,6,6,0,0,468,468,0,0,-,-,0%
Google Ads,EP_CU_Online_DFYD,2026-05-05,CU_Online_Admission_Delta,23502437890,634.8,4,1,0,0,159,635,0,0,-,-,75%
Google Ads,EP_CU_Online_DFYD,2026-05-05,CU_Online_Admission_Zeta,23676777747,2394.24,0,,0,0,2394,2394,0,0,-,-,0%
Meta Ads,FaceBook_Degreefyd_B,2026-05-05,CU_Lucknow_Int,CU_Lucknow_Int_ADG1_Ad01,609.77,10,9,0,0,61,68,0,0,-,-,10%
Meta Ads,FaceBook_Degreefyd_B,2026-05-05,CU_Mohali_Int,CU_Mohali_Int_ADG1_Ad01,417.56,7,5,0,0,60,84,0,0,-,-,29%
Meta Ads,FaceBook_Degreefyd_B,2026-05-05,CU_Lucknow_Remarketing,CU_Lucknow_Rem_Ad01,713.71,4,4,0,0,178,178,0,0,-,-,0%
Meta Ads,FaceBook_Degreefyd_B,2026-05-05,CGC_BTECH_REGU_SF,CGC_BTECH_REGU_SF_CR2,163.55,1,1,0,0,164,164,0,0,-,-,0%
Meta Ads,FaceBook_Degreefyd_B,2026-05-05,CGC_BTECH_REGU_Rem_SF,CGC_BTECH_REGU_Rem_SF_AD_01,179.69,1,,0,0,180,180,0,0,-,-,100%
Meta Ads,FaceBook_Degreefyd_B,2026-05-05,CU_Mohali_Rem,CU_Mohali_Rem_ADG1_Ad01,265.9,1,1,0,0,266,266,0,0,-,-,0%
Meta Ads,FaceBook_Degreefyd_B,2026-05-05,CU_Lucknow_Remarketing,CU_Lucknow_Rem_Ad02,2.54,,,0,0,3,3,0,0,-,-,0%
Meta Ads,FaceBook_Degreefyd_B,2026-05-05,CU_Lucknow_Int,CU_Lucknow_Int_ADG1_Ad02,1.95,,,0,0,2,2,0,0,-,-,0%
Meta Ads,FaceBook_Degreefyd_B,2026-05-05,CGC_BTECH_REGU_SF,CGC_BTECH_REGU_SF_CR1,26.97,,,0,0,27,27,0,0,-,-,0%
Meta Ads,FaceBook_Degreefyd_B,2026-05-05,CGC_Landran_UG&PG_SF,CGC_Landran_UG&PG_SF_CR2,245.51,,,0,0,246,246,0,0,-,-,0%
Meta Ads,FaceBook_Degreefyd_B,2026-05-05,CU_Mohali_Int,CU_Mohali_Int_ADG1_Ad02,38.69,,,0,0,39,39,0,0,-,-,0%
Meta Ads,FaceBook_Degreefyd_B,2026-05-05,CU_Mohali_Rem,CU_Mohali_Rem_ADG1_Ad02,3.2,,,0,0,3,3,0,0,-,-,0%
,,,,,,,,0,0,,,,,-,-,0%
,,,,,,,,0,0,,,,,-,-,0%
,,,,,,,,0,0,,,,,-,-,0%
,,,,,,,,0,0,,,,,-,-,0%
,,,,,,,,0,0,,,,,-,-,0%
,,,,,,,,0,0,,,,,-,-,0%
,,,,,,,,0,0,,,,,-,-,0%
,,,,,,,,0,0,,,,,-,-,0%
,,,,,,,,0,0,,,,,-,-,0%
,,,,,,,,0,0,,,,,-,-,0%
,,,,,,,,0,0,,,,,-,-,0%
,,,,,,,,0,0,,,,,-,-,0%
,,,,,,,,0,0,,,,,-,-,0%
,,,,,,,,0,0,,,,,-,-,0%
,,,,,,,,0,0,,,,,-,-,0%
,,,,,,,,0,0,,,,,-,-,0%
,,,,,,,,0,0,,,,,-,-,0%
,,,,,,,,0,0,,,,,-,-,0%
,,,,,,,,0,0,,,,,-,-,0%
,,,,,,,,0,0,,,,,-,-,0%
,,,,,,,,0,0,,,,,-,-,0%
,,,,,,,,0,0,,,,,-,-,0%
,,,,,,,,0,0,,,,,-,-,0%
,,,,,,,,0,0,,,,,-,-,0%
,,,,,,,,0,0,,,,,-,-,0%
,,,,,,,,0,0,,,,,-,-,0%
,,,,,,,,0,0,,,,,-,-,0%
,,,,,,,,0,0,,,,,-,-,0%
,,,,,,,,0,0,,,,,-,-,0%
,,,,,,,,0,0,,,,,-,-,0%
,,,,,,,,0,0,,,,,-,-,0%
,,,,,,,,0,0,,,,,-,-,0%
,,,,,,,,0,0,,,,,-,-,0%
,,,,,,,,0,0,,,,,-,-,0%
,,,,,,,,0,0,,,,,-,-,0%
,,,,,,,,0,0,,,,,-,-,0%
,,,,,,,,0,0,,,,,-,-,0%
,,,,,,,,0,0,,,,,-,-,0%
,,,,,,,,0,0,,,,,-,-,0%
,,,,,,,,0,0,,,,,-,-,0%
,,,,,,,,0,0,,,,,-,-,0%
,,,,,,,,0,0,,,,,-,-,0%
,,,,,,,,0,0,,,,,-,-,0%
,,,,,,,,0,0,,,,,-,-,0%
,,,,,,,,0,0,,,,,-,-,0%
,,,,,,,,0,0,,,,,-,-,0%
,,,,,,,,0,0,,,,,-,-,0%
,,,,,,,,0,0,,,,,-,-,0%
,,,,,,,,0,0,,,,,-,-,0%
,,,,,,,,0,0,,,,,-,-,0%
,,,,,,,,0,0,,,,,-,-,0%
,,,,,,,,0,0,,,,,-,-,0%
,,,,,,,,0,0,,,,,-,-,0%
,,,,,,,,0,0,,,,,-,-,0%
,,,,,,,,0,0,,,,,-,-,0%
,,,,,,,,0,0,,,,,-,-,0%
,,,,,,,,0,0,,,,,-,-,0%
,,,,,,,,0,0,,,,,-,-,0%
,,,,,,,,0,0,,,,,-,-,0%
,,,,,,,,0,0,,,,,-,-,0%
,,,,,,,,0,0,,,,,-,-,0%
,,,,,,,,0,0,,,,,-,-,0%
,,,,,,,,0,0,,,,,-,-,0%
,,,,,,,,0,0,,,,,-,-,0%
,,,,,,,,0,0,,,,,-,-,0%
,,,,,,,,0,0,,,,,-,-,0%
,,,,,,,,0,0,,,,,-,-,0%
,,,,,,,,0,0,,,,,-,-,0%
,,,,,,,,0,0,,,,,-,-,0%
,,,,,,,,0,0,,,,,-,-,0%
,,,,,,,,0,0,,,,,-,-,0%
,,,,,,,,0,0,,,,,-,-,0%
,,,,,,,,0,0,,,,,-,-,0%
,,,,,,,,0,0,,,,,-,-,0%
,,,,,,,,0,0,,,,,-,-,0%
,,,,,,,,0,0,,,,,-,-,0%
,,,,,,,,0,0,,,,,-,-,0%
,,,,,,,,0,0,,,,,-,-,0%
,,,,,,,,0,0,,,,,-,-,0%
,,,,,,,,0,0,,,,,-,-,0%
,,,,,,,,0,0,,,,,-,-,0%
,,,,,,,,0,0,,,,,-,-,0%
,,,,,,,,0,0,,,,,-,-,0%
,,,,,,,,0,0,,,,,-,-,0%
,,,,,,,,0,0,,,,,-,-,0%
,,,,,,,,0,0,,,,,-,-,0%
,,,,,,,,0,0,,,,,-,-,0%
,,,,,,,,0,0,,,,,-,-,0%
,,,,,,,,0,0,,,,,-,-,0%
,,,,,,,,0,0,,,,,-,-,0%
,,,,,,,,0,0,,,,,-,-,0%
,,,,,,,,0,0,,,,,-,-,0%
,,,,,,,,0,0,,,,,-,-,0%
,,,,,,,,0,0,,,,,-,-,0%
,,,,,,,,0,0,,,,,-,-,0%
,,,,,,,,0,0,,,,,-,-,0%
,,,,,,,,0,0,,,,,-,-,0%
,,,,,,,,0,0,,,,,-,-,0%
,,,,,,,,0,0,,,,,-,-,0%
,,,,,,,,0,0,,,,,-,-,0%
,,,,,,,,0,0,,,,,-,-,0%
,,,,,,,,0,0,,,,,-,-,0%
,,,,,,,,0,0,,,,,-,-,0%
,,,,,,,,0,0,,,,,-,-,0%
,,,,,,,,0,0,,,,,-,-,0%
,,,,,,,,0,0,,,,,-,-,0%
,,,,,,,,0,0,,,,,-,-,0%
,,,,,,,,0,0,,,,,-,-,0%
,,,,,,,,0,0,,,,,-,-,0%
,,,,,,,,0,0,,,,,-,-,0%
,,,,,,,,0,0,,,,,-,-,0%
,,,,,,,,0,0,,,,,-,-,0%
,,,,,,,,0,0,,,,,-,-,0%
,,,,,,,,0,0,,,,,-,-,0%
,,,,,,,,0,0,,,,,-,-,0%
,,,,,,,,0,0,,,,,-,-,0%
,,,,,,,,0,0,,,,,-,-,0%
,,,,,,,,0,0,,,,,-,-,0%
,,,,,,,,0,0,,,,,-,-,0%
,,,,,,,,0,0,,,,,-,-,0%
,,,,,,,,0,0,,,,,-,-,0%
,,,,,,,,0,0,,,,,-,-,0%
,,,,,,,,0,0,,,,,-,-,0%
,,,,,,,,0,0,,,,,-,-,0%
,,,,,,,,0,0,,,,,-,-,0%
,,,,,,,,0,0,,,,,-,-,0%
,,,,,,,,0,0,,,,,-,-,0%
,,,,,,,,0,0,,,,,-,-,0%
,,,,,,,,0,0,,,,,-,-,0%
,,,,,,,,0,0,,,,,-,-,0%
,,,,,,,,0,0,,,,,-,-,0%
,,,,,,,,0,0,,,,,-,-,0%
,,,,,,,,0,0,,,,,-,-,0%
,,,,,,,,0,0,,,,,-,-,0%
,,,,,,,,0,0,,,,,-,-,0%
,,,,,,,,0,0,,,,,-,-,0%
,,,,,,,,0,0,,,,,-,-,0%
,,,,,,,,0,0,,,,,-,-,0%
,,,,,,,,0,0,,,,,-,-,0%
,,,,,,,,0,0,,,,,-,-,0%
,,,,,,,,0,0,,,,,-,-,0%
,,,,,,,,0,0,,,,,-,-,0%
,,,,,,,,0,0,,,,,-,-,0%
,,,,,,,,0,0,,,,,-,-,0%
,,,,,,,,0,0,,,,,-,-,0%
,,,,,,,,0,0,,,,,-,-,0%
,,,,,,,,0,0,,,,,-,-,0%
,,,,,,,,0,0,,,,,-,-,0%
,,,,,,,,0,0,,,,,-,-,0%
,,,,,,,,0,0,,,,,-,-,0%
,,,,,,,,0,0,,,,,-,-,0%
,,,,,,,,0,0,,,,,-,-,0%
,,,,,,,,0,0,,,,,-,-,0%
,,,,,,,,0,0,,,,,-,-,0%
,,,,,,,,0,0,,,,,-,-,0%
,,,,,,,,0,0,,,,,-,-,0%
,,,,,,,,0,0,,,,,-,-,0%
,,,,,,,,0,0,,,,,-,-,0%
,,,,,,,,0,0,,,,,-,-,0%
,,,,,,,,0,0,,,,,-,-,0%
,,,,,,,,0,0,,,,,-,-,0%
,,,,,,,,0,0,,,,,-,-,0%
,,,,,,,,0,0,,,,,-,-,0%
,,,,,,,,0,0,,,,,-,-,0%
,,,,,,,,0,0,,,,,-,-,0%
,,,,,,,,0,0,,,,,-,-,0%
,,,,,,,,0,0,,,,,-,-,0%
,,,,,,,,0,0,,,,,-,-,0%
,,,,,,,,0,0,,,,,-,-,0%
,,,,,,,,0,0,,,,,-,-,0%
,,,,,,,,0,0,,,,,-,-,0%
,,,,,,,,0,0,,,,,-,-,0%
,,,,,,,,0,0,,,,,-,-,0%
,,,,,,,,0,0,,,,,-,-,0%
,,,,,,,,0,0,,,,,-,-,0%
,,,,,,,,0,0,,,,,-,-,0%
,,,,,,,,0,0,,,,,-,-,0%
,,,,,,,,0,0,,,,,-,-,0%
,,,,,,,,0,0,,,,,-,-,0%
,,,,,,,,0,0,,,,,-,-,0%
,,,,,,,,0,0,,,,,-,-,0%
,,,,,,,,0,0,,,,,-,-,0%
,,,,,,,,0,0,,,,,-,-,0%
,,,,,,,,0,0,,,,,-,-,0%
,,,,,,,,0,0,,,,,-,-,0%
,,,,,,,,0,0,,,,,-,-,0%
,,,,,,,,0,0,,,,,-,-,0%
,,,,,,,,0,0,,,,,-,-,0%
,,,,,,,,0,0,,,,,-,-,0%
,,,,,,,,0,0,,,,,-,-,0%
,,,,,,,,0,0,,,,,-,-,0%
,,,,,,,,0,0,,,,,-,-,0%
,,,,,,,,0,0,,,,,-,-,0%
,,,,,,,,0,0,,,,,-,-,0%
,,,,,,,,0,0,,,,,-,-,0%
,,,,,,,,0,0,,,,,-,-,0%
,,,,,,,,0,0,,,,,-,-,0%
,,,,,,,,0,0,,,,,-,-,0%
,,,,,,,,0,0,,,,,-,-,0%
,,,,,,,,0,0,,,,,-,-,0%
,,,,,,,,0,0,,,,,-,-,0%
,,,,,,,,0,0,,,,,-,-,0%
,,,,,,,,0,0,,,,,-,-,0%
,,,,,,,,0,0,,,,,-,-,0%
,,,,,,,,0,0,,,,,-,-,0%
,,,,,,,,0,0,,,,,-,-,0%
,,,,,,,,0,0,,,,,-,-,0%
,,,,,,,,0,0,,,,,-,-,0%
,,,,,,,,0,0,,,,,-,-,0%
,,,,,,,,0,0,,,,,-,-,0%
,,,,,,,,0,0,,,,,-,-,0%
,,,,,,,,0,0,,,,,-,-,0%
,,,,,,,,0,0,,,,,-,-,0%
,,,,,,,,0,0,,,,,-,-,0%
,,,,,,,,0,0,,,,,-,-,0%
,,,,,,,,0,0,,,,,-,-,0%
,,,,,,,,0,0,,,,,-,-,0%
,,,,,,,,0,0,,,,,-,-,0%
,,,,,,,,0,0,,,,,-,-,0%
,,,,,,,,0,0,,,,,-,-,0%
,,,,,,,,0,0,,,,,-,-,0%
,,,,,,,,0,0,,,,,-,-,0%
,,,,,,,,0,0,,,,,-,-,0%
,,,,,,,,0,0,,,,,-,-,0%
,,,,,,,,0,0,,,,,-,-,0%
,,,,,,,,0,0,,,,,-,-,0%
,,,,,,,,0,0,,,,,-,-,0%
,,,,,,,,0,0,,,,,-,-,0%
,,,,,,,,0,0,,,,,-,-,0%
,,,,,,,,0,0,,,,,-,-,0%
,,,,,,,,0,0,,,,,-,-,0%
,,,,,,,,0,0,,,,,-,-,0%
,,,,,,,,0,0,,,,,-,-,0%
,,,,,,,,0,0,,,,,-,-,0%
,,,,,,,,0,0,,,,,-,-,0%
,,,,,,,,0,0,,,,,-,-,0%
,,,,,,,,0,0,,,,,-,-,0%
,,,,,,,,0,0,,,,,-,-,0%
,,,,,,,,0,0,,,,,-,-,0%
,,,,,,,,0,0,,,,,-,-,0%
,,,,,,,,0,0,,,,,-,-,0%
,,,,,,,,0,0,,,,,-,-,0%
,,,,,,,,0,0,,,,,-,-,0%
,,,,,,,,0,0,,,,,-,-,0%
,,,,,,,,0,0,,,,,-,-,0%
,,,,,,,,0,0,,,,,-,-,0%
,,,,,,,,0,0,,,,,-,-,0%
,,,,,,,,0,0,,,,,-,-,0%
,,,,,,,,0,0,,,,,-,-,0%
,,,,,,,,0,0,,,,,-,-,0%
,,,,,,,,0,0,,,,,-,-,0%
,,,,,,,,0,0,,,,,-,-,0%
,,,,,,,,0,0,,,,,-,-,0%
,,,,,,,,0,0,,,,,-,-,0%
,,,,,,,,0,0,,,,,-,-,0%
,,,,,,,,0,0,,,,,-,-,0%
,,,,,,,,0,0,,,,,-,-,0%
,,,,,,,,0,0,,,,,-,-,0%
,,,,,,,,0,0,,,,,-,-,0%
,,,,,,,,0,0,,,,,-,-,0%
,,,,,,,,0,0,,,,,-,-,0%
,,,,,,,,0,0,,,,,-,-,0%
,,,,,,,,0,0,,,,,-,-,0%
,,,,,,,,0,0,,,,,-,-,0%
,,,,,,,,0,0,,,,,-,-,0%
,,,,,,,,0,0,,,,,-,-,0%
,,,,,,,,0,0,,,,,-,-,0%
,,,,,,,,0,0,,,,,-,-,0%
,,,,,,,,0,0,,,,,-,-,0%
,,,,,,,,0,0,,,,,-,-,0%
,,,,,,,,0,0,,,,,-,-,0%
,,,,,,,,0,0,,,,,-,-,0%
